time,packet_count
1.644427776336669922e-01,1.000000000000000000e+00
4.655764102935791016e-01,2.000000000000000000e+00
5.405266284942626953e-01,3.000000000000000000e+00
6.160213947296142578e-01,4.000000000000000000e+00
6.913471221923828125e-01,5.000000000000000000e+00
7.666482925415039062e-01,6.000000000000000000e+00
8.424696922302246094e-01,7.000000000000000000e+00
9.177963733673095703e-01,8.000000000000000000e+00
9.930183887481689453e-01,9.000000000000000000e+00
1.068304777145385742e+00,1.000000000000000000e+01
1.143602609634399414e+00,1.100000000000000000e+01
1.219234943389892578e+00,1.200000000000000000e+01
1.294638395309448242e+00,1.300000000000000000e+01
1.369922399520874023e+00,1.400000000000000000e+01
1.445213317871093750e+00,1.500000000000000000e+01
1.520602703094482422e+00,1.600000000000000000e+01
1.595942974090576172e+00,1.700000000000000000e+01
1.671344280242919922e+00,1.800000000000000000e+01
1.746648788452148438e+00,1.900000000000000000e+01
1.822106838226318359e+00,2.000000000000000000e+01
1.897400856018066406e+00,2.100000000000000000e+01
1.972724199295043945e+00,2.200000000000000000e+01
2.048083305358886719e+00,2.300000000000000000e+01
2.123402833938598633e+00,2.400000000000000000e+01
2.643125295639038086e+00,2.500000000000000000e+01
2.645354032516479492e+00,2.600000000000000000e+01
2.720594882965087891e+00,2.700000000000000000e+01
2.795529365539550781e+00,2.800000000000000000e+01
2.870794534683227539e+00,2.900000000000000000e+01
2.946798801422119141e+00,3.000000000000000000e+01
3.022463083267211914e+00,3.100000000000000000e+01
3.097992897033691406e+00,3.200000000000000000e+01
3.173556566238403320e+00,3.300000000000000000e+01
3.249059200286865234e+00,3.400000000000000000e+01
3.324484348297119141e+00,3.500000000000000000e+01
3.399858474731445312e+00,3.600000000000000000e+01
3.475219726562500000e+00,3.700000000000000000e+01
3.550601959228515625e+00,3.800000000000000000e+01
3.626135349273681641e+00,3.900000000000000000e+01
3.701563358306884766e+00,4.000000000000000000e+01
3.776969194412231445e+00,4.100000000000000000e+01
3.852401494979858398e+00,4.200000000000000000e+01
3.927818298339843750e+00,4.300000000000000000e+01
4.006648063659667969e+00,4.400000000000000000e+01
4.082847595214843750e+00,4.500000000000000000e+01
4.158459186553955078e+00,4.600000000000000000e+01
4.234346389770507812e+00,4.700000000000000000e+01
4.310096025466918945e+00,4.800000000000000000e+01
4.385754823684692383e+00,4.900000000000000000e+01
4.461142539978027344e+00,5.000000000000000000e+01
4.538411617279052734e+00,5.100000000000000000e+01
4.689047813415527344e+00,5.200000000000000000e+01
4.763985395431518555e+00,5.300000000000000000e+01
4.839375257492065430e+00,5.400000000000000000e+01
4.915098667144775391e+00,5.500000000000000000e+01
4.990836620330810547e+00,5.600000000000000000e+01
5.066559791564941406e+00,5.700000000000000000e+01
5.142431259155273438e+00,5.800000000000000000e+01
5.218268156051635742e+00,5.900000000000000000e+01
5.293885469436645508e+00,6.000000000000000000e+01
5.370632410049438477e+00,6.100000000000000000e+01
5.521608829498291016e+00,6.200000000000000000e+01
5.596435546875000000e+00,6.300000000000000000e+01
5.671391248703002930e+00,6.400000000000000000e+01
5.746669054031372070e+00,6.500000000000000000e+01
5.821895360946655273e+00,6.600000000000000000e+01
5.897745847702026367e+00,6.700000000000000000e+01
5.973076105117797852e+00,6.800000000000000000e+01
6.048417806625366211e+00,6.900000000000000000e+01
6.123701095581054688e+00,7.000000000000000000e+01
6.203588962554931641e+00,7.100000000000000000e+01
6.353738069534301758e+00,7.200000000000000000e+01
6.428650617599487305e+00,7.300000000000000000e+01
6.504035711288452148e+00,7.400000000000000000e+01
6.579385995864868164e+00,7.500000000000000000e+01
6.654556989669799805e+00,7.600000000000000000e+01
6.729894638061523438e+00,7.700000000000000000e+01
6.806252479553222656e+00,7.800000000000000000e+01
6.881603956222534180e+00,7.900000000000000000e+01
6.956927537918090820e+00,8.000000000000000000e+01
7.032971382141113281e+00,8.100000000000000000e+01
7.108330488204956055e+00,8.200000000000000000e+01
7.183793783187866211e+00,8.300000000000000000e+01
7.260069608688354492e+00,8.400000000000000000e+01
7.335575819015502930e+00,8.500000000000000000e+01
7.411022186279296875e+00,8.600000000000000000e+01
7.486462354660034180e+00,8.700000000000000000e+01
7.561942815780639648e+00,8.800000000000000000e+01
7.637413263320922852e+00,8.900000000000000000e+01
7.712858915328979492e+00,9.000000000000000000e+01
7.788358688354492188e+00,9.100000000000000000e+01
7.863779067993164062e+00,9.200000000000000000e+01
7.939233779907226562e+00,9.300000000000000000e+01
8.015900850296020508e+00,9.400000000000000000e+01
8.091360807418823242e+00,9.500000000000000000e+01
8.166925668716430664e+00,9.600000000000000000e+01
8.243730545043945312e+00,9.700000000000000000e+01
8.319644927978515625e+00,9.800000000000000000e+01
8.395193576812744141e+00,9.900000000000000000e+01
8.470917940139770508e+00,1.000000000000000000e+02
8.546647787094116211e+00,1.010000000000000000e+02
8.622328042984008789e+00,1.020000000000000000e+02
8.698008060455322266e+00,1.030000000000000000e+02
8.773743629455566406e+00,1.040000000000000000e+02
8.849019289016723633e+00,1.050000000000000000e+02
8.924398660659790039e+00,1.060000000000000000e+02
9.003001213073730469e+00,1.070000000000000000e+02
9.153352260589599609e+00,1.080000000000000000e+02
9.228428602218627930e+00,1.090000000000000000e+02
9.303837537765502930e+00,1.100000000000000000e+02
9.379306077957153320e+00,1.110000000000000000e+02
9.454701900482177734e+00,1.120000000000000000e+02
9.531299591064453125e+00,1.130000000000000000e+02
9.606962919235229492e+00,1.140000000000000000e+02
9.682540178298950195e+00,1.150000000000000000e+02
9.757957696914672852e+00,1.160000000000000000e+02
9.834269762039184570e+00,1.170000000000000000e+02
9.909735441207885742e+00,1.180000000000000000e+02
9.985193729400634766e+00,1.190000000000000000e+02
1.006083369255065918e+01,1.200000000000000000e+02
1.013626956939697266e+01,1.210000000000000000e+02
1.021172618865966797e+01,1.220000000000000000e+02
1.028718662261962891e+01,1.230000000000000000e+02
1.036255764961242676e+01,1.240000000000000000e+02
1.043799924850463867e+01,1.250000000000000000e+02
1.051476812362670898e+01,1.260000000000000000e+02
1.059014558792114258e+01,1.270000000000000000e+02
1.066553926467895508e+01,1.280000000000000000e+02
1.074091649055480957e+01,1.290000000000000000e+02
1.081643605232238770e+01,1.300000000000000000e+02
1.089193058013916016e+01,1.310000000000000000e+02
1.096742630004882812e+01,1.320000000000000000e+02
1.104289793968200684e+01,1.330000000000000000e+02
1.111832928657531738e+01,1.340000000000000000e+02
1.119375061988830566e+01,1.350000000000000000e+02
1.127006530761718750e+01,1.360000000000000000e+02
1.134618353843688965e+01,1.370000000000000000e+02
1.142166447639465332e+01,1.380000000000000000e+02
1.149718999862670898e+01,1.390000000000000000e+02
1.157268476486206055e+01,1.400000000000000000e+02
1.164809036254882812e+01,1.410000000000000000e+02
1.172347640991210938e+01,1.420000000000000000e+02
1.179892992973327637e+01,1.430000000000000000e+02
1.187438845634460449e+01,1.440000000000000000e+02
1.194986414909362793e+01,1.450000000000000000e+02
1.202542638778686523e+01,1.460000000000000000e+02
1.210095214843750000e+01,1.470000000000000000e+02
1.217633414268493652e+01,1.480000000000000000e+02
1.225186181068420410e+01,1.490000000000000000e+02
1.232774853706359863e+01,1.500000000000000000e+02
1.240348649024963379e+01,1.510000000000000000e+02
1.247901344299316406e+01,1.520000000000000000e+02
1.255477166175842285e+01,1.530000000000000000e+02
1.263050770759582520e+01,1.540000000000000000e+02
1.270575928688049316e+01,1.550000000000000000e+02
1.278103446960449219e+01,1.560000000000000000e+02
1.285635304450988770e+01,1.570000000000000000e+02
1.293175101280212402e+01,1.580000000000000000e+02
1.301080226898193359e+01,1.590000000000000000e+02
1.308618354797363281e+01,1.600000000000000000e+02
1.316140818595886230e+01,1.610000000000000000e+02
1.323671770095825195e+01,1.620000000000000000e+02
1.331219005584716797e+01,1.630000000000000000e+02
1.338762593269348145e+01,1.640000000000000000e+02
1.346303176879882812e+01,1.650000000000000000e+02
1.353940463066101074e+01,1.660000000000000000e+02
1.361491298675537109e+01,1.670000000000000000e+02
1.369031310081481934e+01,1.680000000000000000e+02
1.376568818092346191e+01,1.690000000000000000e+02
1.384114027023315430e+01,1.700000000000000000e+02
1.392752456665039062e+01,1.710000000000000000e+02
1.401267647743225098e+01,1.720000000000000000e+02
1.408835411071777344e+01,1.730000000000000000e+02
1.416346645355224609e+01,1.740000000000000000e+02
1.423978066444396973e+01,1.750000000000000000e+02
1.431541872024536133e+01,1.760000000000000000e+02
1.439052724838256836e+01,1.770000000000000000e+02
1.446576476097106934e+01,1.780000000000000000e+02
1.454230737686157227e+01,1.790000000000000000e+02
1.461779046058654785e+01,1.800000000000000000e+02
1.469291019439697266e+01,1.810000000000000000e+02
1.476833748817443848e+01,1.820000000000000000e+02
1.484399867057800293e+01,1.830000000000000000e+02
1.491967344284057617e+01,1.840000000000000000e+02
1.499527859687805176e+01,1.850000000000000000e+02
1.507071328163146973e+01,1.860000000000000000e+02
1.514595484733581543e+01,1.870000000000000000e+02
1.522123336791992188e+01,1.880000000000000000e+02
1.529657673835754395e+01,1.890000000000000000e+02
1.537187409400939941e+01,1.900000000000000000e+02
1.544725799560546875e+01,1.910000000000000000e+02
1.552285003662109375e+01,1.920000000000000000e+02
1.559841036796569824e+01,1.930000000000000000e+02
1.567370414733886719e+01,1.940000000000000000e+02
1.574908971786499023e+01,1.950000000000000000e+02
1.582538771629333496e+01,1.960000000000000000e+02
1.590082168579101562e+01,1.970000000000000000e+02
1.597614598274230957e+01,1.980000000000000000e+02
1.605149793624877930e+01,1.990000000000000000e+02
1.612679839134216309e+01,2.000000000000000000e+02
1.620207738876342773e+01,2.010000000000000000e+02
1.627751421928405762e+01,2.020000000000000000e+02
1.635278558731079102e+01,2.030000000000000000e+02
1.642809414863586426e+01,2.040000000000000000e+02
1.650411558151245117e+01,2.050000000000000000e+02
1.657983446121215820e+01,2.060000000000000000e+02
1.665543651580810547e+01,2.070000000000000000e+02
1.673115348815917969e+01,2.080000000000000000e+02
1.680741810798645020e+01,2.090000000000000000e+02
1.688313198089599609e+01,2.100000000000000000e+02
1.695880913734436035e+01,2.110000000000000000e+02
1.703570580482482910e+01,2.120000000000000000e+02
1.711197018623352051e+01,2.130000000000000000e+02
1.718769788742065430e+01,2.140000000000000000e+02
1.726441836357116699e+01,2.150000000000000000e+02
1.734002351760864258e+01,2.160000000000000000e+02
1.741571950912475586e+01,2.170000000000000000e+02
1.749140548706054688e+01,2.180000000000000000e+02
1.756708097457885742e+01,2.190000000000000000e+02
1.764287567138671875e+01,2.200000000000000000e+02
1.771863555908203125e+01,2.210000000000000000e+02
1.779431962966918945e+01,2.220000000000000000e+02
1.786970663070678711e+01,2.230000000000000000e+02
1.794504928588867188e+01,2.240000000000000000e+02
1.802063798904418945e+01,2.250000000000000000e+02
1.809614229202270508e+01,2.260000000000000000e+02
1.817147850990295410e+01,2.270000000000000000e+02
1.824690413475036621e+01,2.280000000000000000e+02
1.832221746444702148e+01,2.290000000000000000e+02
1.839751434326171875e+01,2.300000000000000000e+02
1.847287750244140625e+01,2.310000000000000000e+02
1.854834437370300293e+01,2.320000000000000000e+02
1.862373542785644531e+01,2.330000000000000000e+02
1.869909906387329102e+01,2.340000000000000000e+02
1.877448368072509766e+01,2.350000000000000000e+02
1.885027647018432617e+01,2.360000000000000000e+02
1.892569732666015625e+01,2.370000000000000000e+02
1.900401401519775391e+01,2.380000000000000000e+02
1.907998061180114746e+01,2.390000000000000000e+02
1.915579223632812500e+01,2.400000000000000000e+02
1.923166394233703613e+01,2.410000000000000000e+02
1.930745291709899902e+01,2.420000000000000000e+02
1.938313698768615723e+01,2.430000000000000000e+02
1.945896625518798828e+01,2.440000000000000000e+02
1.953604412078857422e+01,2.450000000000000000e+02
1.961193013191223145e+01,2.460000000000000000e+02
1.968756914138793945e+01,2.470000000000000000e+02
1.976326346397399902e+01,2.480000000000000000e+02
1.983892679214477539e+01,2.490000000000000000e+02
1.991451430320739746e+01,2.500000000000000000e+02
1.999021220207214355e+01,2.510000000000000000e+02
2.006574678421020508e+01,2.520000000000000000e+02
2.014105844497680664e+01,2.530000000000000000e+02
2.021678495407104492e+01,2.540000000000000000e+02
2.029247641563415527e+01,2.550000000000000000e+02
2.036943697929382324e+01,2.560000000000000000e+02
2.044522118568420410e+01,2.570000000000000000e+02
2.052131915092468262e+01,2.580000000000000000e+02
2.059684705734252930e+01,2.590000000000000000e+02
2.067189288139343262e+01,2.600000000000000000e+02
2.074717998504638672e+01,2.610000000000000000e+02
2.082298827171325684e+01,2.620000000000000000e+02
2.089841341972351074e+01,2.630000000000000000e+02
2.097372102737426758e+01,2.640000000000000000e+02
2.104904222488403320e+01,2.650000000000000000e+02
2.112439918518066406e+01,2.660000000000000000e+02
2.119969820976257324e+01,2.670000000000000000e+02
2.127500915527343750e+01,2.680000000000000000e+02
2.135028576850891113e+01,2.690000000000000000e+02
2.142561697959899902e+01,2.700000000000000000e+02
2.150096535682678223e+01,2.710000000000000000e+02
2.158284926414489746e+01,2.720000000000000000e+02
2.195843124389648438e+01,2.730000000000000000e+02
2.203356957435607910e+01,2.740000000000000000e+02
2.210895967483520508e+01,2.750000000000000000e+02
2.218428301811218262e+01,2.760000000000000000e+02
2.226035284996032715e+01,2.770000000000000000e+02
2.233568072319030762e+01,2.780000000000000000e+02
2.241092538833618164e+01,2.790000000000000000e+02
2.248615288734436035e+01,2.800000000000000000e+02
2.256140232086181641e+01,2.810000000000000000e+02
2.263667488098144531e+01,2.820000000000000000e+02
2.271200585365295410e+01,2.830000000000000000e+02
2.278724145889282227e+01,2.840000000000000000e+02
2.286246752738952637e+01,2.850000000000000000e+02
2.293775343894958496e+01,2.860000000000000000e+02
2.301431632041931152e+01,2.870000000000000000e+02
2.308960199356079102e+01,2.880000000000000000e+02
2.316497683525085449e+01,2.890000000000000000e+02
2.324132084846496582e+01,2.900000000000000000e+02
2.331686329841613770e+01,2.910000000000000000e+02
2.339217305183410645e+01,2.920000000000000000e+02
2.346758317947387695e+01,2.930000000000000000e+02
2.354303121566772461e+01,2.940000000000000000e+02
2.361870431900024414e+01,2.950000000000000000e+02
2.369464492797851562e+01,2.960000000000000000e+02
2.377033400535583496e+01,2.970000000000000000e+02
2.384605646133422852e+01,2.980000000000000000e+02
2.392182588577270508e+01,2.990000000000000000e+02
2.399860405921936035e+01,3.000000000000000000e+02
2.407400894165039062e+01,3.010000000000000000e+02
2.414935588836669922e+01,3.020000000000000000e+02
2.422474265098571777e+01,3.030000000000000000e+02
2.430007624626159668e+01,3.040000000000000000e+02
2.437549066543579102e+01,3.050000000000000000e+02
2.445097470283508301e+01,3.060000000000000000e+02
2.452707815170288086e+01,3.070000000000000000e+02
2.460306549072265625e+01,3.080000000000000000e+02
2.467881202697753906e+01,3.090000000000000000e+02
2.475445723533630371e+01,3.100000000000000000e+02
2.483103394508361816e+01,3.110000000000000000e+02
2.490676331520080566e+01,3.120000000000000000e+02
2.498263144493103027e+01,3.130000000000000000e+02
2.505843210220336914e+01,3.140000000000000000e+02
2.513422083854675293e+01,3.150000000000000000e+02
2.521010303497314453e+01,3.160000000000000000e+02
2.528570985794067383e+01,3.170000000000000000e+02
2.536140632629394531e+01,3.180000000000000000e+02
2.543702197074890137e+01,3.190000000000000000e+02
2.551374316215515137e+01,3.200000000000000000e+02
2.558909392356872559e+01,3.210000000000000000e+02
2.566439461708068848e+01,3.220000000000000000e+02
2.573975229263305664e+01,3.230000000000000000e+02
2.581518459320068359e+01,3.240000000000000000e+02
2.589049673080444336e+01,3.250000000000000000e+02
2.596588754653930664e+01,3.260000000000000000e+02
2.604230785369873047e+01,3.270000000000000000e+02
2.611761999130249023e+01,3.280000000000000000e+02
2.619294953346252441e+01,3.290000000000000000e+02
2.626927042007446289e+01,3.300000000000000000e+02
2.634477591514587402e+01,3.310000000000000000e+02
2.642015075683593750e+01,3.320000000000000000e+02
2.649546265602111816e+01,3.330000000000000000e+02
2.657080411911010742e+01,3.340000000000000000e+02
2.664598321914672852e+01,3.350000000000000000e+02
2.672129487991333008e+01,3.360000000000000000e+02
2.679656577110290527e+01,3.370000000000000000e+02
2.687183809280395508e+01,3.380000000000000000e+02
2.694715905189514160e+01,3.390000000000000000e+02
2.702257513999938965e+01,3.400000000000000000e+02
2.709783601760864258e+01,3.410000000000000000e+02
2.754393959045410156e+01,3.420000000000000000e+02
2.761883568763732910e+01,3.430000000000000000e+02
2.769420886039733887e+01,3.440000000000000000e+02
2.776944136619567871e+01,3.450000000000000000e+02
2.784548711776733398e+01,3.460000000000000000e+02
2.792085480690002441e+01,3.470000000000000000e+02
2.799633240699768066e+01,3.480000000000000000e+02
2.807167148590087891e+01,3.490000000000000000e+02
2.814695405960083008e+01,3.500000000000000000e+02
2.822239255905151367e+01,3.510000000000000000e+02
2.829780840873718262e+01,3.520000000000000000e+02
2.837312984466552734e+01,3.530000000000000000e+02
2.844852852821350098e+01,3.540000000000000000e+02
2.852403092384338379e+01,3.550000000000000000e+02
2.859972143173217773e+01,3.560000000000000000e+02
2.867547917366027832e+01,3.570000000000000000e+02
2.875121402740478516e+01,3.580000000000000000e+02
2.882686042785644531e+01,3.590000000000000000e+02
2.890234279632568359e+01,3.600000000000000000e+02
2.897776651382446289e+01,3.610000000000000000e+02
2.905722403526306152e+01,3.620000000000000000e+02
2.914295148849487305e+01,3.630000000000000000e+02
2.921873617172241211e+01,3.640000000000000000e+02
2.929412794113159180e+01,3.650000000000000000e+02
2.937041950225830078e+01,3.660000000000000000e+02
2.944583511352539062e+01,3.670000000000000000e+02
2.952141618728637695e+01,3.680000000000000000e+02
2.959683537483215332e+01,3.690000000000000000e+02
2.967218351364135742e+01,3.700000000000000000e+02
2.974754691123962402e+01,3.710000000000000000e+02
2.982290077209472656e+01,3.720000000000000000e+02
2.989821314811706543e+01,3.730000000000000000e+02
2.997352194786071777e+01,3.740000000000000000e+02
3.041989254951477051e+01,3.750000000000000000e+02
3.049483466148376465e+01,3.760000000000000000e+02
3.057021260261535645e+01,3.770000000000000000e+02
3.064566349983215332e+01,3.780000000000000000e+02
3.072113561630249023e+01,3.790000000000000000e+02
3.079648351669311523e+01,3.800000000000000000e+02
3.087245368957519531e+01,3.810000000000000000e+02
3.094785428047180176e+01,3.820000000000000000e+02
3.102344894409179688e+01,3.830000000000000000e+02
3.109888529777526855e+01,3.840000000000000000e+02
3.117435503005981445e+01,3.850000000000000000e+02
3.124977779388427734e+01,3.860000000000000000e+02
3.132517838478088379e+01,3.870000000000000000e+02
3.140054917335510254e+01,3.880000000000000000e+02
3.147599864006042480e+01,3.890000000000000000e+02
3.155170154571533203e+01,3.900000000000000000e+02
3.162721014022827148e+01,3.910000000000000000e+02
3.170264673233032227e+01,3.920000000000000000e+02
3.177836132049560547e+01,3.930000000000000000e+02
3.185387015342712402e+01,3.940000000000000000e+02
3.192946648597717285e+01,3.950000000000000000e+02
3.200666260719299316e+01,3.960000000000000000e+02
3.208208227157592773e+01,3.970000000000000000e+02
3.215756368637084961e+01,3.980000000000000000e+02
3.223308753967285156e+01,3.990000000000000000e+02
3.230989003181457520e+01,4.000000000000000000e+02
3.238526964187622070e+01,4.010000000000000000e+02
3.246064782142639160e+01,4.020000000000000000e+02
3.253647089004516602e+01,4.030000000000000000e+02
3.261174941062927246e+01,4.040000000000000000e+02
3.268703603744506836e+01,4.050000000000000000e+02
3.276235890388488770e+01,4.060000000000000000e+02
3.283773684501647949e+01,4.070000000000000000e+02
3.291305971145629883e+01,4.080000000000000000e+02
3.298840928077697754e+01,4.090000000000000000e+02
3.306371736526489258e+01,4.100000000000000000e+02
3.313902449607849121e+01,4.110000000000000000e+02
3.321430420875549316e+01,4.120000000000000000e+02
3.328963470458984375e+01,4.130000000000000000e+02
3.336494374275207520e+01,4.140000000000000000e+02
3.344023919105529785e+01,4.150000000000000000e+02
3.351681876182556152e+01,4.160000000000000000e+02
3.359216403961181641e+01,4.170000000000000000e+02
3.366756510734558105e+01,4.180000000000000000e+02
3.374297857284545898e+01,4.190000000000000000e+02
3.381836724281311035e+01,4.200000000000000000e+02
3.389376807212829590e+01,4.210000000000000000e+02
3.441533207893371582e+01,4.220000000000000000e+02
3.449021577835083008e+01,4.230000000000000000e+02
3.456560206413269043e+01,4.240000000000000000e+02
3.464094233512878418e+01,4.250000000000000000e+02
3.471628546714782715e+01,4.260000000000000000e+02
3.479165291786193848e+01,4.270000000000000000e+02
3.486701416969299316e+01,4.280000000000000000e+02
3.494238114356994629e+01,4.290000000000000000e+02
3.501971936225891113e+01,4.300000000000000000e+02
3.509514117240905762e+01,4.310000000000000000e+02
3.517056441307067871e+01,4.320000000000000000e+02
3.524599170684814453e+01,4.330000000000000000e+02
3.532140445709228516e+01,4.340000000000000000e+02
3.539692425727844238e+01,4.350000000000000000e+02
3.547224020957946777e+01,4.360000000000000000e+02
3.554769515991210938e+01,4.370000000000000000e+02
3.562304568290710449e+01,4.380000000000000000e+02
3.569834136962890625e+01,4.390000000000000000e+02
3.577363681793212891e+01,4.400000000000000000e+02
3.584898567199707031e+01,4.410000000000000000e+02
3.592432260513305664e+01,4.420000000000000000e+02
3.599972796440124512e+01,4.430000000000000000e+02
3.607520604133605957e+01,4.440000000000000000e+02
3.615056943893432617e+01,4.450000000000000000e+02
3.622601747512817383e+01,4.460000000000000000e+02
3.630144429206848145e+01,4.470000000000000000e+02
3.637672638893127441e+01,4.480000000000000000e+02
3.645893836021423340e+01,4.490000000000000000e+02
3.653638458251953125e+01,4.500000000000000000e+02
3.676145529747009277e+01,4.510000000000000000e+02
3.683664345741271973e+01,4.520000000000000000e+02
3.691201853752136230e+01,4.530000000000000000e+02
3.698766183853149414e+01,4.540000000000000000e+02
3.706310081481933594e+01,4.550000000000000000e+02
3.713844370841979980e+01,4.560000000000000000e+02
3.721382474899291992e+01,4.570000000000000000e+02
3.728919506072998047e+01,4.580000000000000000e+02
3.736452960968017578e+01,4.590000000000000000e+02
3.743985724449157715e+01,4.600000000000000000e+02
3.751633167266845703e+01,4.610000000000000000e+02
3.759173464775085449e+01,4.620000000000000000e+02
3.766707730293273926e+01,4.630000000000000000e+02
3.774240803718566895e+01,4.640000000000000000e+02
3.781778073310852051e+01,4.650000000000000000e+02
3.789314484596252441e+01,4.660000000000000000e+02
3.796848750114440918e+01,4.670000000000000000e+02
3.804386401176452637e+01,4.680000000000000000e+02
3.811927700042724609e+01,4.690000000000000000e+02
3.819467782974243164e+01,4.700000000000000000e+02
3.827075552940368652e+01,4.710000000000000000e+02
3.834634232521057129e+01,4.720000000000000000e+02
3.842177033424377441e+01,4.730000000000000000e+02
3.849715662002563477e+01,4.740000000000000000e+02
3.857251930236816406e+01,4.750000000000000000e+02
3.864783382415771484e+01,4.760000000000000000e+02
3.872316813468933105e+01,4.770000000000000000e+02
3.879849123954772949e+01,4.780000000000000000e+02
3.887387156486511230e+01,4.790000000000000000e+02
3.894915914535522461e+01,4.800000000000000000e+02
3.939531302452087402e+01,4.810000000000000000e+02
3.947017598152160645e+01,4.820000000000000000e+02
3.954581475257873535e+01,4.830000000000000000e+02
3.962112832069396973e+01,4.840000000000000000e+02
3.969638895988464355e+01,4.850000000000000000e+02
3.977162504196166992e+01,4.860000000000000000e+02
3.984830141067504883e+01,4.870000000000000000e+02
3.992350745201110840e+01,4.880000000000000000e+02
3.999874639511108398e+01,4.890000000000000000e+02
4.007405352592468262e+01,4.900000000000000000e+02
4.014935231208801270e+01,4.910000000000000000e+02
4.022472000122070312e+01,4.920000000000000000e+02
4.030003476142883301e+01,4.930000000000000000e+02
4.037524962425231934e+01,4.940000000000000000e+02
4.045048499107360840e+01,4.950000000000000000e+02
4.052587532997131348e+01,4.960000000000000000e+02
4.060114836692810059e+01,4.970000000000000000e+02
4.067641687393188477e+01,4.980000000000000000e+02
4.075172853469848633e+01,4.990000000000000000e+02
4.082706046104431152e+01,5.000000000000000000e+02
4.090231227874755859e+01,5.010000000000000000e+02
4.097757887840270996e+01,5.020000000000000000e+02
4.142389106750488281e+01,5.030000000000000000e+02
4.149897575378417969e+01,5.040000000000000000e+02
4.157445383071899414e+01,5.050000000000000000e+02
4.164983868598937988e+01,5.060000000000000000e+02
4.172518157958984375e+01,5.070000000000000000e+02
4.180045485496520996e+01,5.080000000000000000e+02
4.187581467628479004e+01,5.090000000000000000e+02
4.195109677314758301e+01,5.100000000000000000e+02
4.204004693031311035e+01,5.110000000000000000e+02
4.212399458885192871e+01,5.120000000000000000e+02
4.242234373092651367e+01,5.130000000000000000e+02
4.249731183052062988e+01,5.140000000000000000e+02
4.257270860671997070e+01,5.150000000000000000e+02
4.264817929267883301e+01,5.160000000000000000e+02
4.272367000579833984e+01,5.170000000000000000e+02
4.279905295372009277e+01,5.180000000000000000e+02
4.287440752983093262e+01,5.190000000000000000e+02
4.294976925849914551e+01,5.200000000000000000e+02
4.302536034584045410e+01,5.210000000000000000e+02
4.310076904296875000e+01,5.220000000000000000e+02
4.317605328559875488e+01,5.230000000000000000e+02
4.325144886970520020e+01,5.240000000000000000e+02
4.332679939270019531e+01,5.250000000000000000e+02
4.340199565887451172e+01,5.260000000000000000e+02
4.347724390029907227e+01,5.270000000000000000e+02
4.355254149436950684e+01,5.280000000000000000e+02
4.362779092788696289e+01,5.290000000000000000e+02
4.370305800437927246e+01,5.300000000000000000e+02
4.377829599380493164e+01,5.310000000000000000e+02
4.385354137420654297e+01,5.320000000000000000e+02
4.445123457908630371e+01,5.330000000000000000e+02
4.452672219276428223e+01,5.340000000000000000e+02
4.460204076766967773e+01,5.350000000000000000e+02
4.467761850357055664e+01,5.360000000000000000e+02
4.475327873229980469e+01,5.370000000000000000e+02
4.482894635200500488e+01,5.380000000000000000e+02
4.490465974807739258e+01,5.390000000000000000e+02
4.498046231269836426e+01,5.400000000000000000e+02
4.505619978904724121e+01,5.410000000000000000e+02
4.513192987442016602e+01,5.420000000000000000e+02
4.520755624771118164e+01,5.430000000000000000e+02
4.528322672843933105e+01,5.440000000000000000e+02
4.535875725746154785e+01,5.450000000000000000e+02
4.543412685394287109e+01,5.460000000000000000e+02
4.551179265975952148e+01,5.470000000000000000e+02
4.566187858581542969e+01,5.480000000000000000e+02
4.573691606521606445e+01,5.490000000000000000e+02
4.581334471702575684e+01,5.500000000000000000e+02
4.588869547843933105e+01,5.510000000000000000e+02
4.596401906013488770e+01,5.520000000000000000e+02
4.604020977020263672e+01,5.530000000000000000e+02
4.611553549766540527e+01,5.540000000000000000e+02
4.619084954261779785e+01,5.550000000000000000e+02
4.626722407341003418e+01,5.560000000000000000e+02
4.634248232841491699e+01,5.570000000000000000e+02
4.641773772239685059e+01,5.580000000000000000e+02
4.649302506446838379e+01,5.590000000000000000e+02
4.656826758384704590e+01,5.600000000000000000e+02
4.664358568191528320e+01,5.610000000000000000e+02
4.671880483627319336e+01,5.620000000000000000e+02
4.720578074455261230e+01,5.630000000000000000e+02
4.728066420555114746e+01,5.640000000000000000e+02
4.735599756240844727e+01,5.650000000000000000e+02
4.743221449851989746e+01,5.660000000000000000e+02
4.751187300682067871e+01,5.670000000000000000e+02
4.788666534423828125e+01,5.680000000000000000e+02
4.796162414550781250e+01,5.690000000000000000e+02
4.803815579414367676e+01,5.700000000000000000e+02
4.811344003677368164e+01,5.710000000000000000e+02
4.818879842758178711e+01,5.720000000000000000e+02
4.826504755020141602e+01,5.730000000000000000e+02
4.834034442901611328e+01,5.740000000000000000e+02
4.841562914848327637e+01,5.750000000000000000e+02
4.849091219902038574e+01,5.760000000000000000e+02
4.856795477867126465e+01,5.770000000000000000e+02
4.864326429367065430e+01,5.780000000000000000e+02
4.871846151351928711e+01,5.790000000000000000e+02
4.879369640350341797e+01,5.800000000000000000e+02
4.886892724037170410e+01,5.810000000000000000e+02
4.894513893127441406e+01,5.820000000000000000e+02
4.902163791656494141e+01,5.830000000000000000e+02
4.909690165519714355e+01,5.840000000000000000e+02
4.917220711708068848e+01,5.850000000000000000e+02
4.924746394157409668e+01,5.860000000000000000e+02
4.932279014587402344e+01,5.870000000000000000e+02
4.939803671836853027e+01,5.880000000000000000e+02
4.947327470779418945e+01,5.890000000000000000e+02
4.954851388931274414e+01,5.900000000000000000e+02
4.962373256683349609e+01,5.910000000000000000e+02
4.969896721839904785e+01,5.920000000000000000e+02
4.977421951293945312e+01,5.930000000000000000e+02
4.984946560859680176e+01,5.940000000000000000e+02
4.993098235130310059e+01,5.950000000000000000e+02
5.045970082283020020e+01,5.960000000000000000e+02
5.053533864021301270e+01,5.970000000000000000e+02
5.061066412925720215e+01,5.980000000000000000e+02
5.068596029281616211e+01,5.990000000000000000e+02
5.076123571395874023e+01,6.000000000000000000e+02
5.083654141426086426e+01,6.010000000000000000e+02
5.091184329986572266e+01,6.020000000000000000e+02
5.098721694946289062e+01,6.030000000000000000e+02
5.106262397766113281e+01,6.040000000000000000e+02
5.113791465759277344e+01,6.050000000000000000e+02
5.121321558952331543e+01,6.060000000000000000e+02
5.128855895996093750e+01,6.070000000000000000e+02
5.136398053169250488e+01,6.080000000000000000e+02
5.143936920166015625e+01,6.090000000000000000e+02
5.151606798171997070e+01,6.100000000000000000e+02
5.159138941764831543e+01,6.110000000000000000e+02
5.166680693626403809e+01,6.120000000000000000e+02
5.174241876602172852e+01,6.130000000000000000e+02
5.181784844398498535e+01,6.140000000000000000e+02
5.189317703247070312e+01,6.150000000000000000e+02
5.196860265731811523e+01,6.160000000000000000e+02
5.204403209686279297e+01,6.170000000000000000e+02
5.211942791938781738e+01,6.180000000000000000e+02
5.219475913047790527e+01,6.190000000000000000e+02
5.227091932296752930e+01,6.200000000000000000e+02
5.234640073776245117e+01,6.210000000000000000e+02
5.242215681076049805e+01,6.220000000000000000e+02
5.249800705909729004e+01,6.230000000000000000e+02
5.257422089576721191e+01,6.240000000000000000e+02
5.265035986900329590e+01,6.250000000000000000e+02
5.272632145881652832e+01,6.260000000000000000e+02
5.280219602584838867e+01,6.270000000000000000e+02
5.287800145149230957e+01,6.280000000000000000e+02
5.295378947257995605e+01,6.290000000000000000e+02
5.302984237670898438e+01,6.300000000000000000e+02
5.310570526123046875e+01,6.310000000000000000e+02
5.318158650398254395e+01,6.320000000000000000e+02
5.325849008560180664e+01,6.330000000000000000e+02
5.333493995666503906e+01,6.340000000000000000e+02
5.341162014007568359e+01,6.350000000000000000e+02
5.348729729652404785e+01,6.360000000000000000e+02
5.356310033798217773e+01,6.370000000000000000e+02
5.363862204551696777e+01,6.380000000000000000e+02
5.371388292312622070e+01,6.390000000000000000e+02
5.378958010673522949e+01,6.400000000000000000e+02
5.386532044410705566e+01,6.410000000000000000e+02
5.394113874435424805e+01,6.420000000000000000e+02
5.401852512359619141e+01,6.430000000000000000e+02
5.424354839324951172e+01,6.440000000000000000e+02
5.431856489181518555e+01,6.450000000000000000e+02
5.439398241043090820e+01,6.460000000000000000e+02
5.446931147575378418e+01,6.470000000000000000e+02
5.454479718208312988e+01,6.480000000000000000e+02
5.462037229537963867e+01,6.490000000000000000e+02
5.469573998451232910e+01,6.500000000000000000e+02
5.477114677429199219e+01,6.510000000000000000e+02
5.484649658203125000e+01,6.520000000000000000e+02
5.492181062698364258e+01,6.530000000000000000e+02
5.499722361564636230e+01,6.540000000000000000e+02
5.507247948646545410e+01,6.550000000000000000e+02
5.514769983291625977e+01,6.560000000000000000e+02
5.522313904762268066e+01,6.570000000000000000e+02
5.529856729507446289e+01,6.580000000000000000e+02
5.537391400337219238e+01,6.590000000000000000e+02
5.544931864738464355e+01,6.600000000000000000e+02
5.552553939819335938e+01,6.610000000000000000e+02
5.560115051269531250e+01,6.620000000000000000e+02
5.567669486999511719e+01,6.630000000000000000e+02
5.575209498405456543e+01,6.640000000000000000e+02
5.582759451866149902e+01,6.650000000000000000e+02
5.590306997299194336e+01,6.660000000000000000e+02
5.597846984863281250e+01,6.670000000000000000e+02
5.605383324623107910e+01,6.680000000000000000e+02
5.612922930717468262e+01,6.690000000000000000e+02
5.620463109016418457e+01,6.700000000000000000e+02
5.628002119064331055e+01,6.710000000000000000e+02
5.672648763656616211e+01,6.720000000000000000e+02
5.680134534835815430e+01,6.730000000000000000e+02
5.687622451782226562e+01,6.740000000000000000e+02
5.695154976844787598e+01,6.750000000000000000e+02
5.702711296081542969e+01,6.760000000000000000e+02
5.710246777534484863e+01,6.770000000000000000e+02
5.717786097526550293e+01,6.780000000000000000e+02
5.725317931175231934e+01,6.790000000000000000e+02
5.732856035232543945e+01,6.800000000000000000e+02
5.740379595756530762e+01,6.810000000000000000e+02
5.747909283638000488e+01,6.820000000000000000e+02
5.755433917045593262e+01,6.830000000000000000e+02
5.763084363937377930e+01,6.840000000000000000e+02
5.770619750022888184e+01,6.850000000000000000e+02
5.778149557113647461e+01,6.860000000000000000e+02
5.785684609413146973e+01,6.870000000000000000e+02
5.793326449394226074e+01,6.880000000000000000e+02
5.801097726821899414e+01,6.890000000000000000e+02
5.808629584312438965e+01,6.900000000000000000e+02
5.816150546073913574e+01,6.910000000000000000e+02
5.823681545257568359e+01,6.920000000000000000e+02
5.831211185455322266e+01,6.930000000000000000e+02
5.838746547698974609e+01,6.940000000000000000e+02
5.846291923522949219e+01,6.950000000000000000e+02
5.853885984420776367e+01,6.960000000000000000e+02
5.861428403854370117e+01,6.970000000000000000e+02
5.868956303596496582e+01,6.980000000000000000e+02
5.876508474349975586e+01,6.990000000000000000e+02
5.884036731719970703e+01,7.000000000000000000e+02
5.891562652587890625e+01,7.010000000000000000e+02
5.899314785003662109e+01,7.020000000000000000e+02
5.906888294219970703e+01,7.030000000000000000e+02
5.914469075202941895e+01,7.040000000000000000e+02
5.922032976150512695e+01,7.050000000000000000e+02
5.929573416709899902e+01,7.060000000000000000e+02
5.937107992172241211e+01,7.070000000000000000e+02
5.944718766212463379e+01,7.080000000000000000e+02
5.952365851402282715e+01,7.090000000000000000e+02
5.959916305541992188e+01,7.100000000000000000e+02
5.967463970184326172e+01,7.110000000000000000e+02
5.975011444091796875e+01,7.120000000000000000e+02
5.982551121711730957e+01,7.130000000000000000e+02
5.990098476409912109e+01,7.140000000000000000e+02
5.997677016258239746e+01,7.150000000000000000e+02
3.684997558593750000e-03,1.000000000000000000e+00
7.911229133605957031e-02,2.000000000000000000e+00
1.757297515869140625e-01,3.000000000000000000e+00
2.510361671447753906e-01,4.000000000000000000e+00
3.264043331146240234e-01,5.000000000000000000e+00
4.016168117523193359e-01,6.000000000000000000e+00
2.285906553268432617e+00,7.000000000000000000e+00
2.360752105712890625e+00,8.000000000000000000e+00
2.436059713363647461e+00,9.000000000000000000e+00
2.511365175247192383e+00,1.000000000000000000e+01
2.586592912673950195e+00,1.100000000000000000e+01
2.661880970001220703e+00,1.200000000000000000e+01
2.737136363983154297e+00,1.300000000000000000e+01
2.812357664108276367e+00,1.400000000000000000e+01
2.887611865997314453e+00,1.500000000000000000e+01
2.963997602462768555e+00,1.600000000000000000e+01
3.039214134216308594e+00,1.700000000000000000e+01
3.114447116851806641e+00,1.800000000000000000e+01
3.190028429031372070e+00,1.900000000000000000e+01
3.265363693237304688e+00,2.000000000000000000e+01
3.340562343597412109e+00,2.100000000000000000e+01
3.415904760360717773e+00,2.200000000000000000e+01
3.491348743438720703e+00,2.300000000000000000e+01
3.566822052001953125e+00,2.400000000000000000e+01
3.642224311828613281e+00,2.500000000000000000e+01
3.717668056488037109e+00,2.600000000000000000e+01
3.793062686920166016e+00,2.700000000000000000e+01
3.869436025619506836e+00,2.800000000000000000e+01
3.948424816131591797e+00,2.900000000000000000e+01
4.023877859115600586e+00,3.000000000000000000e+01
4.099219322204589844e+00,3.100000000000000000e+01
4.176103830337524414e+00,3.200000000000000000e+01
4.251390218734741211e+00,3.300000000000000000e+01
4.326654672622680664e+00,3.400000000000000000e+01
4.401893138885498047e+00,3.500000000000000000e+01
4.477942705154418945e+00,3.600000000000000000e+01
4.553132057189941406e+00,3.700000000000000000e+01
4.631633996963500977e+00,3.800000000000000000e+01
4.707039594650268555e+00,3.900000000000000000e+01
4.782222747802734375e+00,4.000000000000000000e+01
4.857342958450317383e+00,4.100000000000000000e+01
4.932680368423461914e+00,4.200000000000000000e+01
5.008010387420654297e+00,4.300000000000000000e+01
5.083277225494384766e+00,4.400000000000000000e+01
5.158579111099243164e+00,4.500000000000000000e+01
5.233743429183959961e+00,4.600000000000000000e+01
5.308990716934204102e+00,4.700000000000000000e+01
5.398435831069946289e+00,4.800000000000000000e+01
5.474963903427124023e+00,4.900000000000000000e+01
5.557991027832031250e+00,5.000000000000000000e+01
5.722831964492797852e+00,5.100000000000000000e+01
5.889001131057739258e+00,5.200000000000000000e+01
6.066363096237182617e+00,5.300000000000000000e+01
6.153628349304199219e+00,5.400000000000000000e+01
6.240565776824951172e+00,5.500000000000000000e+01
6.326114892959594727e+00,5.600000000000000000e+01
6.412215948104858398e+00,5.700000000000000000e+01
6.493146896362304688e+00,5.800000000000000000e+01
6.671754598617553711e+00,5.900000000000000000e+01
6.763639926910400391e+00,6.000000000000000000e+01
6.850573301315307617e+00,6.100000000000000000e+01
6.929975748062133789e+00,6.200000000000000000e+01
7.011400938034057617e+00,6.300000000000000000e+01
7.266647815704345703e+00,6.400000000000000000e+01
7.436270713806152344e+00,6.500000000000000000e+01
7.685978174209594727e+00,6.600000000000000000e+01
7.782106399536132812e+00,6.700000000000000000e+01
7.949520587921142578e+00,6.800000000000000000e+01
8.142107725143432617e+00,6.900000000000000000e+01
8.292594671249389648e+00,7.000000000000000000e+01
8.374263763427734375e+00,7.100000000000000000e+01
8.824601888656616211e+00,7.200000000000000000e+01
8.899723529815673828e+00,7.300000000000000000e+01
8.976445674896240234e+00,7.400000000000000000e+01
9.051677703857421875e+00,7.500000000000000000e+01
9.126829624176025391e+00,7.600000000000000000e+01
9.202912330627441406e+00,7.700000000000000000e+01
9.278323650360107422e+00,7.800000000000000000e+01
9.353733301162719727e+00,7.900000000000000000e+01
9.429081201553344727e+00,8.000000000000000000e+01
9.504443407058715820e+00,8.100000000000000000e+01
9.579711675643920898e+00,8.200000000000000000e+01
9.654988288879394531e+00,8.300000000000000000e+01
9.730262994766235352e+00,8.400000000000000000e+01
9.805549383163452148e+00,8.500000000000000000e+01
9.881859064102172852e+00,8.600000000000000000e+01
9.959344148635864258e+00,8.700000000000000000e+01
1.003464865684509277e+01,8.800000000000000000e+01
1.010997724533081055e+01,8.900000000000000000e+01
1.018533134460449219e+01,9.000000000000000000e+01
1.026067328453063965e+01,9.100000000000000000e+01
1.033602786064147949e+01,9.200000000000000000e+01
1.041133832931518555e+01,9.300000000000000000e+01
1.048679780960083008e+01,9.400000000000000000e+01
1.056244134902954102e+01,9.500000000000000000e+01
1.063820242881774902e+01,9.600000000000000000e+01
1.071364474296569824e+01,9.700000000000000000e+01
1.078901052474975586e+01,9.800000000000000000e+01
1.086433172225952148e+01,9.900000000000000000e+01
1.094170856475830078e+01,1.000000000000000000e+02
1.101731443405151367e+01,1.010000000000000000e+02
1.109274125099182129e+01,1.020000000000000000e+02
1.116797995567321777e+01,1.030000000000000000e+02
1.124332380294799805e+01,1.040000000000000000e+02
1.131865572929382324e+01,1.050000000000000000e+02
1.139394426345825195e+01,1.060000000000000000e+02
1.147035384178161621e+01,1.070000000000000000e+02
1.154560470581054688e+01,1.080000000000000000e+02
1.162218594551086426e+01,1.090000000000000000e+02
1.169764232635498047e+01,1.100000000000000000e+02
1.177293181419372559e+01,1.110000000000000000e+02
1.184872889518737793e+01,1.120000000000000000e+02
1.192432689666748047e+01,1.130000000000000000e+02
1.199977231025695801e+01,1.140000000000000000e+02
1.207523083686828613e+01,1.150000000000000000e+02
1.215062665939331055e+01,1.160000000000000000e+02
1.222599911689758301e+01,1.170000000000000000e+02
1.230135440826416016e+01,1.180000000000000000e+02
1.237672710418701172e+01,1.190000000000000000e+02
1.245287370681762695e+01,1.200000000000000000e+02
1.252828383445739746e+01,1.210000000000000000e+02
1.260365939140319824e+01,1.220000000000000000e+02
1.267905664443969727e+01,1.230000000000000000e+02
1.275486373901367188e+01,1.240000000000000000e+02
1.283027672767639160e+01,1.250000000000000000e+02
1.290561795234680176e+01,1.260000000000000000e+02
1.298105525970458984e+01,1.270000000000000000e+02
1.305632662773132324e+01,1.280000000000000000e+02
1.313166666030883789e+01,1.290000000000000000e+02
1.320778155326843262e+01,1.300000000000000000e+02
1.328307986259460449e+01,1.310000000000000000e+02
1.335833621025085449e+01,1.320000000000000000e+02
1.380456757545471191e+01,1.330000000000000000e+02
1.387968063354492188e+01,1.340000000000000000e+02
1.395539164543151855e+01,1.350000000000000000e+02
1.403081798553466797e+01,1.360000000000000000e+02
1.410616540908813477e+01,1.370000000000000000e+02
1.418158864974975586e+01,1.380000000000000000e+02
1.425706720352172852e+01,1.390000000000000000e+02
1.433244276046752930e+01,1.400000000000000000e+02
1.440790057182312012e+01,1.410000000000000000e+02
1.448331236839294434e+01,1.420000000000000000e+02
1.455864763259887695e+01,1.430000000000000000e+02
1.463401007652282715e+01,1.440000000000000000e+02
1.470934009552001953e+01,1.450000000000000000e+02
1.478477096557617188e+01,1.460000000000000000e+02
1.486011552810668945e+01,1.470000000000000000e+02
1.493548297882080078e+01,1.480000000000000000e+02
1.501092815399169922e+01,1.490000000000000000e+02
1.508634996414184570e+01,1.500000000000000000e+02
1.516173839569091797e+01,1.510000000000000000e+02
1.523713827133178711e+01,1.520000000000000000e+02
1.531252884864807129e+01,1.530000000000000000e+02
1.538789033889770508e+01,1.540000000000000000e+02
1.546356654167175293e+01,1.550000000000000000e+02
1.554013156890869141e+01,1.560000000000000000e+02
1.561600279808044434e+01,1.570000000000000000e+02
1.569150018692016602e+01,1.580000000000000000e+02
1.576721167564392090e+01,1.590000000000000000e+02
1.584263849258422852e+01,1.600000000000000000e+02
1.591872119903564453e+01,1.610000000000000000e+02
1.599454593658447266e+01,1.620000000000000000e+02
1.607017064094543457e+01,1.630000000000000000e+02
1.614598989486694336e+01,1.640000000000000000e+02
1.622170925140380859e+01,1.650000000000000000e+02
1.629739642143249512e+01,1.660000000000000000e+02
1.637309885025024414e+01,1.670000000000000000e+02
1.644980239868164062e+01,1.680000000000000000e+02
1.652526164054870605e+01,1.690000000000000000e+02
1.660063529014587402e+01,1.700000000000000000e+02
1.667589378356933594e+01,1.710000000000000000e+02
1.675135493278503418e+01,1.720000000000000000e+02
1.682672166824340820e+01,1.730000000000000000e+02
1.690204596519470215e+01,1.740000000000000000e+02
1.697784590721130371e+01,1.750000000000000000e+02
1.705315136909484863e+01,1.760000000000000000e+02
1.712835168838500977e+01,1.770000000000000000e+02
1.720449781417846680e+01,1.780000000000000000e+02
1.727988839149475098e+01,1.790000000000000000e+02
1.735671949386596680e+01,1.800000000000000000e+02
1.743199086189270020e+01,1.810000000000000000e+02
1.750728201866149902e+01,1.820000000000000000e+02
1.758254790306091309e+01,1.830000000000000000e+02
1.765784120559692383e+01,1.840000000000000000e+02
1.773314046859741211e+01,1.850000000000000000e+02
1.780877351760864258e+01,1.860000000000000000e+02
1.788446664810180664e+01,1.870000000000000000e+02
1.796018815040588379e+01,1.880000000000000000e+02
1.803561615943908691e+01,1.890000000000000000e+02
1.811094093322753906e+01,1.900000000000000000e+02
1.855707097053527832e+01,1.910000000000000000e+02
1.863213396072387695e+01,1.920000000000000000e+02
1.870750498771667480e+01,1.930000000000000000e+02
1.878385758399963379e+01,1.940000000000000000e+02
1.885962677001953125e+01,1.950000000000000000e+02
1.893995261192321777e+01,1.960000000000000000e+02
1.931392931938171387e+01,1.970000000000000000e+02
1.938893461227416992e+01,1.980000000000000000e+02
1.946436619758605957e+01,1.990000000000000000e+02
1.953974771499633789e+01,2.000000000000000000e+02
1.961518168449401855e+01,2.010000000000000000e+02
1.969071912765502930e+01,2.020000000000000000e+02
1.976636600494384766e+01,2.030000000000000000e+02
1.984200716018676758e+01,2.040000000000000000e+02
1.991774225234985352e+01,2.050000000000000000e+02
1.999361038208007812e+01,2.060000000000000000e+02
2.006936931610107422e+01,2.070000000000000000e+02
2.014496064186096191e+01,2.080000000000000000e+02
2.022055459022521973e+01,2.090000000000000000e+02
2.029616641998291016e+01,2.100000000000000000e+02
2.037228751182556152e+01,2.110000000000000000e+02
2.045051789283752441e+01,2.120000000000000000e+02
2.067600250244140625e+01,2.130000000000000000e+02
2.075099682807922363e+01,2.140000000000000000e+02
2.082638025283813477e+01,2.150000000000000000e+02
2.090169119834899902e+01,2.160000000000000000e+02
2.097823929786682129e+01,2.170000000000000000e+02
2.105363583564758301e+01,2.180000000000000000e+02
2.112887954711914062e+01,2.190000000000000000e+02
2.120518279075622559e+01,2.200000000000000000e+02
2.128048110008239746e+01,2.210000000000000000e+02
2.135564661026000977e+01,2.220000000000000000e+02
2.143096399307250977e+01,2.230000000000000000e+02
2.150628256797790527e+01,2.240000000000000000e+02
2.158158493041992188e+01,2.250000000000000000e+02
2.165681266784667969e+01,2.260000000000000000e+02
2.173203444480895996e+01,2.270000000000000000e+02
2.180721378326416016e+01,2.280000000000000000e+02
2.188324546813964844e+01,2.290000000000000000e+02
2.195961880683898926e+01,2.300000000000000000e+02
2.203508329391479492e+01,2.310000000000000000e+02
2.211042451858520508e+01,2.320000000000000000e+02
2.218599271774291992e+01,2.330000000000000000e+02
2.226136589050292969e+01,2.340000000000000000e+02
2.233672523498535156e+01,2.350000000000000000e+02
2.241207194328308105e+01,2.360000000000000000e+02
2.248756217956542969e+01,2.370000000000000000e+02
2.256291294097900391e+01,2.380000000000000000e+02
2.263832545280456543e+01,2.390000000000000000e+02
2.271363401412963867e+01,2.400000000000000000e+02
2.278896856307983398e+01,2.410000000000000000e+02
2.286429405212402344e+01,2.420000000000000000e+02
2.294013881683349609e+01,2.430000000000000000e+02
2.301568222045898438e+01,2.440000000000000000e+02
2.309100866317749023e+01,2.450000000000000000e+02
2.316631579399108887e+01,2.460000000000000000e+02
2.368798971176147461e+01,2.470000000000000000e+02
2.376294898986816406e+01,2.480000000000000000e+02
2.383825421333312988e+01,2.490000000000000000e+02
2.391355514526367188e+01,2.500000000000000000e+02
2.398907256126403809e+01,2.510000000000000000e+02
2.406439757347106934e+01,2.520000000000000000e+02
2.413978004455566406e+01,2.530000000000000000e+02
2.421505451202392578e+01,2.540000000000000000e+02
2.429036355018615723e+01,2.550000000000000000e+02
2.436574578285217285e+01,2.560000000000000000e+02
2.444687533378601074e+01,2.570000000000000000e+02
2.467182922363281250e+01,2.580000000000000000e+02
2.474676203727722168e+01,2.590000000000000000e+02
2.482223248481750488e+01,2.600000000000000000e+02
2.489759373664855957e+01,2.610000000000000000e+02
2.497428631782531738e+01,2.620000000000000000e+02
2.504971385002136230e+01,2.630000000000000000e+02
2.512512469291687012e+01,2.640000000000000000e+02
2.520152211189270020e+01,2.650000000000000000e+02
2.527698254585266113e+01,2.660000000000000000e+02
2.535235023498535156e+01,2.670000000000000000e+02
2.542777228355407715e+01,2.680000000000000000e+02
2.550318694114685059e+01,2.690000000000000000e+02
2.557856941223144531e+01,2.700000000000000000e+02
2.565390992164611816e+01,2.710000000000000000e+02
2.572928214073181152e+01,2.720000000000000000e+02
2.580464768409729004e+01,2.730000000000000000e+02
2.587996530532836914e+01,2.740000000000000000e+02
2.595559763908386230e+01,2.750000000000000000e+02
2.603098249435424805e+01,2.760000000000000000e+02
2.610667490959167480e+01,2.770000000000000000e+02
2.618229317665100098e+01,2.780000000000000000e+02
2.625772070884704590e+01,2.790000000000000000e+02
2.633319759368896484e+01,2.800000000000000000e+02
2.640865397453308105e+01,2.810000000000000000e+02
2.648897409439086914e+01,2.820000000000000000e+02
2.679121947288513184e+01,2.830000000000000000e+02
2.686635637283325195e+01,2.840000000000000000e+02
2.694353485107421875e+01,2.850000000000000000e+02
2.709375023841857910e+01,2.860000000000000000e+02
2.716870498657226562e+01,2.870000000000000000e+02
2.724405002593994141e+01,2.880000000000000000e+02
2.731931924819946289e+01,2.890000000000000000e+02
2.739462733268737793e+01,2.900000000000000000e+02
2.747086811065673828e+01,2.910000000000000000e+02
2.754625082015991211e+01,2.920000000000000000e+02
2.762152647972106934e+01,2.930000000000000000e+02
2.769682216644287109e+01,2.940000000000000000e+02
2.777298974990844727e+01,2.950000000000000000e+02
2.784841108322143555e+01,2.960000000000000000e+02
2.792371058464050293e+01,2.970000000000000000e+02
2.799900007247924805e+01,2.980000000000000000e+02
2.807429623603820801e+01,2.990000000000000000e+02
2.814959430694580078e+01,3.000000000000000000e+02
2.822483801841735840e+01,3.010000000000000000e+02
2.830020904541015625e+01,3.020000000000000000e+02
2.837548542022705078e+01,3.030000000000000000e+02
2.845188617706298828e+01,3.040000000000000000e+02
2.852727031707763672e+01,3.050000000000000000e+02
2.860254073143005371e+01,3.060000000000000000e+02
2.867778038978576660e+01,3.070000000000000000e+02
2.875315570831298828e+01,3.080000000000000000e+02
2.882848310470581055e+01,3.090000000000000000e+02
2.890378904342651367e+01,3.100000000000000000e+02
2.897999572753906250e+01,3.110000000000000000e+02
2.905536270141601562e+01,3.120000000000000000e+02
2.913071489334106445e+01,3.130000000000000000e+02
2.920679092407226562e+01,3.140000000000000000e+02
2.928229141235351562e+01,3.150000000000000000e+02
2.935875582695007324e+01,3.160000000000000000e+02
2.943403339385986328e+01,3.170000000000000000e+02
2.950935602188110352e+01,3.180000000000000000e+02
2.958473300933837891e+01,3.190000000000000000e+02
2.966015791893005371e+01,3.200000000000000000e+02
2.973566484451293945e+01,3.210000000000000000e+02
2.981106448173522949e+01,3.220000000000000000e+02
3.033294963836669922e+01,3.230000000000000000e+02
3.040811800956726074e+01,3.240000000000000000e+02
3.048467922210693359e+01,3.250000000000000000e+02
3.055992531776428223e+01,3.260000000000000000e+02
3.063493394851684570e+01,3.270000000000000000e+02
3.071034264564514160e+01,3.280000000000000000e+02
3.078656816482543945e+01,3.290000000000000000e+02
3.086197686195373535e+01,3.300000000000000000e+02
3.093991923332214355e+01,3.310000000000000000e+02
3.116493535041809082e+01,3.320000000000000000e+02
3.123998641967773438e+01,3.330000000000000000e+02
3.131542491912841797e+01,3.340000000000000000e+02
3.139076089859008789e+01,3.350000000000000000e+02
3.146708822250366211e+01,3.360000000000000000e+02
3.154252767562866211e+01,3.370000000000000000e+02
3.161783766746520996e+01,3.380000000000000000e+02
3.169322133064270020e+01,3.390000000000000000e+02
3.176852726936340332e+01,3.400000000000000000e+02
3.184391093254089355e+01,3.410000000000000000e+02
3.191919708251953125e+01,3.420000000000000000e+02
3.199456214904785156e+01,3.430000000000000000e+02
3.206980252265930176e+01,3.440000000000000000e+02
3.214515018463134766e+01,3.450000000000000000e+02
3.222060680389404297e+01,3.460000000000000000e+02
3.229600310325622559e+01,3.470000000000000000e+02
3.237223029136657715e+01,3.480000000000000000e+02
3.244927906990051270e+01,3.490000000000000000e+02
3.252465963363647461e+01,3.500000000000000000e+02
3.259997248649597168e+01,3.510000000000000000e+02
3.267547297477722168e+01,3.520000000000000000e+02
3.275087833404541016e+01,3.530000000000000000e+02
3.282631874084472656e+01,3.540000000000000000e+02
3.290177249908447266e+01,3.550000000000000000e+02
3.297845172882080078e+01,3.560000000000000000e+02
3.305384254455566406e+01,3.570000000000000000e+02
3.312921142578125000e+01,3.580000000000000000e+02
3.320543003082275391e+01,3.590000000000000000e+02
3.328081274032592773e+01,3.600000000000000000e+02
3.335617947578430176e+01,3.610000000000000000e+02
3.343147945404052734e+01,3.620000000000000000e+02
3.350681591033935547e+01,3.630000000000000000e+02
3.358228278160095215e+01,3.640000000000000000e+02
3.365761137008666992e+01,3.650000000000000000e+02
3.373282647132873535e+01,3.660000000000000000e+02
3.380800890922546387e+01,3.670000000000000000e+02
3.388400983810424805e+01,3.680000000000000000e+02
3.398187327384948730e+01,3.690000000000000000e+02
3.435925889015197754e+01,3.700000000000000000e+02
3.443429923057556152e+01,3.710000000000000000e+02
3.450966191291809082e+01,3.720000000000000000e+02
3.458496975898742676e+01,3.730000000000000000e+02
3.466022849082946777e+01,3.740000000000000000e+02
3.473570251464843750e+01,3.750000000000000000e+02
3.481098937988281250e+01,3.760000000000000000e+02
3.488621711730957031e+01,3.770000000000000000e+02
3.496200108528137207e+01,3.780000000000000000e+02
3.503730988502502441e+01,3.790000000000000000e+02
3.511268067359924316e+01,3.800000000000000000e+02
3.518811011314392090e+01,3.810000000000000000e+02
3.526360583305358887e+01,3.820000000000000000e+02
3.533921384811401367e+01,3.830000000000000000e+02
3.541466951370239258e+01,3.840000000000000000e+02
3.549123549461364746e+01,3.850000000000000000e+02
3.556663894653320312e+01,3.860000000000000000e+02
3.564196968078613281e+01,3.870000000000000000e+02
3.571724462509155273e+01,3.880000000000000000e+02
3.579288005828857422e+01,3.890000000000000000e+02
3.586856985092163086e+01,3.900000000000000000e+02
3.594756650924682617e+01,3.910000000000000000e+02
3.602417087554931641e+01,3.920000000000000000e+02
3.609967374801635742e+01,3.930000000000000000e+02
3.617689800262451172e+01,3.940000000000000000e+02
3.640225839614868164e+01,3.950000000000000000e+02
3.647768926620483398e+01,3.960000000000000000e+02
3.655353021621704102e+01,3.970000000000000000e+02
3.662912702560424805e+01,3.980000000000000000e+02
3.670454692840576172e+01,3.990000000000000000e+02
3.678110027313232422e+01,4.000000000000000000e+02
3.685513305664062500e+01,4.010000000000000000e+02
3.685798764228820801e+01,4.020000000000000000e+02
3.708333706855773926e+01,4.030000000000000000e+02
3.715885639190673828e+01,4.040000000000000000e+02
3.723448133468627930e+01,4.050000000000000000e+02
3.731016302108764648e+01,4.060000000000000000e+02
3.738551974296569824e+01,4.070000000000000000e+02
3.746084570884704590e+01,4.080000000000000000e+02
3.753609824180603027e+01,4.090000000000000000e+02
3.761141014099121094e+01,4.100000000000000000e+02
3.768669652938842773e+01,4.110000000000000000e+02
3.776198077201843262e+01,4.120000000000000000e+02
3.783726310729980469e+01,4.130000000000000000e+02
3.791250729560852051e+01,4.140000000000000000e+02
3.798780870437622070e+01,4.150000000000000000e+02
3.806304216384887695e+01,4.160000000000000000e+02
3.813831400871276855e+01,4.170000000000000000e+02
3.821349024772644043e+01,4.180000000000000000e+02
3.828866529464721680e+01,4.190000000000000000e+02
3.836396861076354980e+01,4.200000000000000000e+02
3.844329714775085449e+01,4.210000000000000000e+02
3.851963639259338379e+01,4.220000000000000000e+02
3.859485816955566406e+01,4.230000000000000000e+02
3.867010521888732910e+01,4.240000000000000000e+02
3.874534320831298828e+01,4.250000000000000000e+02
3.882060432434082031e+01,4.260000000000000000e+02
3.889584493637084961e+01,4.270000000000000000e+02
3.897272777557373047e+01,4.280000000000000000e+02
3.904846096038818359e+01,4.290000000000000000e+02
3.912416505813598633e+01,4.300000000000000000e+02
3.920087599754333496e+01,4.310000000000000000e+02
3.927653169631958008e+01,4.320000000000000000e+02
3.935210680961608887e+01,4.330000000000000000e+02
3.942774271965026855e+01,4.340000000000000000e+02
3.950341391563415527e+01,4.350000000000000000e+02
3.957903885841369629e+01,4.360000000000000000e+02
3.965458226203918457e+01,4.370000000000000000e+02
3.973023509979248047e+01,4.380000000000000000e+02
3.980555367469787598e+01,4.390000000000000000e+02
3.988171935081481934e+01,4.400000000000000000e+02
3.995838499069213867e+01,4.410000000000000000e+02
4.003358888626098633e+01,4.420000000000000000e+02
4.010882234573364258e+01,4.430000000000000000e+02
4.018405938148498535e+01,4.440000000000000000e+02
4.025936031341552734e+01,4.450000000000000000e+02
4.033456540107727051e+01,4.460000000000000000e+02
4.040980076789855957e+01,4.470000000000000000e+02
4.048509001731872559e+01,4.480000000000000000e+02
4.056039047241210938e+01,4.490000000000000000e+02
4.063568329811096191e+01,4.500000000000000000e+02
4.071097397804260254e+01,4.510000000000000000e+02
4.078624749183654785e+01,4.520000000000000000e+02
4.086161994934082031e+01,4.530000000000000000e+02
4.093995475769042969e+01,4.540000000000000000e+02
4.101531624794006348e+01,4.550000000000000000e+02
4.109058713912963867e+01,4.560000000000000000e+02
4.116587543487548828e+01,4.570000000000000000e+02
4.124114584922790527e+01,4.580000000000000000e+02
4.131639742851257324e+01,4.590000000000000000e+02
4.139174389839172363e+01,4.600000000000000000e+02
4.146825861930847168e+01,4.610000000000000000e+02
4.154396128654479980e+01,4.620000000000000000e+02
4.161933398246765137e+01,4.630000000000000000e+02
4.169479036331176758e+01,4.640000000000000000e+02
4.177565050125122070e+01,4.650000000000000000e+02
4.185135793685913086e+01,4.660000000000000000e+02
4.192668890953063965e+01,4.670000000000000000e+02
4.200203824043273926e+01,4.680000000000000000e+02
4.207729268074035645e+01,4.690000000000000000e+02
4.215293121337890625e+01,4.700000000000000000e+02
4.222856640815734863e+01,4.710000000000000000e+02
4.230424976348876953e+01,4.720000000000000000e+02
4.237986731529235840e+01,4.730000000000000000e+02
4.245587754249572754e+01,4.740000000000000000e+02
4.253114104270935059e+01,4.750000000000000000e+02
4.260644102096557617e+01,4.760000000000000000e+02
4.268166399002075195e+01,4.770000000000000000e+02
4.275784969329833984e+01,4.780000000000000000e+02
4.283363652229309082e+01,4.790000000000000000e+02
4.290885138511657715e+01,4.800000000000000000e+02
4.298425054550170898e+01,4.810000000000000000e+02
4.305950188636779785e+01,4.820000000000000000e+02
4.313477182388305664e+01,4.830000000000000000e+02
4.320995426177978516e+01,4.840000000000000000e+02
4.328515100479125977e+01,4.850000000000000000e+02
4.336040019989013672e+01,4.860000000000000000e+02
4.343562030792236328e+01,4.870000000000000000e+02
4.351090192794799805e+01,4.880000000000000000e+02
4.358618140220642090e+01,4.890000000000000000e+02
4.366139721870422363e+01,4.900000000000000000e+02
4.373664665222167969e+01,4.910000000000000000e+02
4.381189799308776855e+01,4.920000000000000000e+02
4.433407926559448242e+01,4.930000000000000000e+02
4.440889763832092285e+01,4.940000000000000000e+02
4.448381185531616211e+01,4.950000000000000000e+02
4.455909228324890137e+01,4.960000000000000000e+02
4.463439321517944336e+01,4.970000000000000000e+02
4.470967030525207520e+01,4.980000000000000000e+02
4.478491210937500000e+01,4.990000000000000000e+02
4.486011385917663574e+01,5.000000000000000000e+02
4.493545293807983398e+01,5.010000000000000000e+02
4.501075577735900879e+01,5.020000000000000000e+02
4.508615374565124512e+01,5.030000000000000000e+02
4.516149830818176270e+01,5.040000000000000000e+02
4.523684716224670410e+01,5.050000000000000000e+02
4.531219267845153809e+01,5.060000000000000000e+02
4.538753747940063477e+01,5.070000000000000000e+02
4.546415948867797852e+01,5.080000000000000000e+02
4.553965759277343750e+01,5.090000000000000000e+02
4.561501383781433105e+01,5.100000000000000000e+02
4.569031357765197754e+01,5.110000000000000000e+02
4.576548862457275391e+01,5.120000000000000000e+02
4.584083175659179688e+01,5.130000000000000000e+02
4.591603708267211914e+01,5.140000000000000000e+02
4.636219716072082520e+01,5.150000000000000000e+02
4.643763589859008789e+01,5.160000000000000000e+02
4.651301574707031250e+01,5.170000000000000000e+02
4.658839917182922363e+01,5.180000000000000000e+02
4.666370892524719238e+01,5.190000000000000000e+02
4.677994537353515625e+01,5.200000000000000000e+02
4.685573840141296387e+01,5.210000000000000000e+02
4.693155646324157715e+01,5.220000000000000000e+02
4.700692081451416016e+01,5.230000000000000000e+02
4.708216476440429688e+01,5.240000000000000000e+02
4.715745878219604492e+01,5.250000000000000000e+02
4.723267531394958496e+01,5.260000000000000000e+02
4.775477361679077148e+01,5.270000000000000000e+02
4.782976961135864258e+01,5.280000000000000000e+02
4.790501189231872559e+01,5.290000000000000000e+02
4.798208117485046387e+01,5.300000000000000000e+02
4.805749297142028809e+01,5.310000000000000000e+02
4.813278937339782715e+01,5.320000000000000000e+02
4.820925498008728027e+01,5.330000000000000000e+02
4.828458809852600098e+01,5.340000000000000000e+02
4.835742688179016113e+01,5.350000000000000000e+02
4.835959601402282715e+01,5.360000000000000000e+02
4.843509078025817871e+01,5.370000000000000000e+02
4.851060795783996582e+01,5.380000000000000000e+02
4.858622837066650391e+01,5.390000000000000000e+02
4.866166496276855469e+01,5.400000000000000000e+02
4.873705887794494629e+01,5.410000000000000000e+02
4.881236648559570312e+01,5.420000000000000000e+02
4.888865423202514648e+01,5.430000000000000000e+02
4.896511721611022949e+01,5.440000000000000000e+02
4.904046797752380371e+01,5.450000000000000000e+02
4.911585879325866699e+01,5.460000000000000000e+02
4.919236946105957031e+01,5.470000000000000000e+02
4.926776099205017090e+01,5.480000000000000000e+02
4.934315586090087891e+01,5.490000000000000000e+02
4.941867494583129883e+01,5.500000000000000000e+02
4.949949359893798828e+01,5.510000000000000000e+02
4.979797339439392090e+01,5.520000000000000000e+02
4.987305545806884766e+01,5.530000000000000000e+02
4.995326113700866699e+01,5.540000000000000000e+02
5.032773041725158691e+01,5.550000000000000000e+02
5.040329909324645996e+01,5.560000000000000000e+02
5.048053526878356934e+01,5.570000000000000000e+02
5.070613884925842285e+01,5.580000000000000000e+02
5.078140950202941895e+01,5.590000000000000000e+02
5.085744714736938477e+01,5.600000000000000000e+02
5.093322610855102539e+01,5.610000000000000000e+02
5.100895619392395020e+01,5.620000000000000000e+02
5.108466219902038574e+01,5.630000000000000000e+02
5.116021680831909180e+01,5.640000000000000000e+02
5.123588275909423828e+01,5.650000000000000000e+02
5.131148147583007812e+01,5.660000000000000000e+02
5.138717222213745117e+01,5.670000000000000000e+02
5.146292471885681152e+01,5.680000000000000000e+02
5.153848028182983398e+01,5.690000000000000000e+02
5.161399960517883301e+01,5.700000000000000000e+02
5.168955636024475098e+01,5.710000000000000000e+02
5.176502275466918945e+01,5.720000000000000000e+02
5.184052538871765137e+01,5.730000000000000000e+02
5.191587567329406738e+01,5.740000000000000000e+02
5.199122357368469238e+01,5.750000000000000000e+02
5.206665420532226562e+01,5.760000000000000000e+02
5.214272999763488770e+01,5.770000000000000000e+02
5.221809768676757812e+01,5.780000000000000000e+02
5.229348754882812500e+01,5.790000000000000000e+02
5.236883258819580078e+01,5.800000000000000000e+02
5.244662976264953613e+01,5.810000000000000000e+02
5.252220487594604492e+01,5.820000000000000000e+02
5.259788250923156738e+01,5.830000000000000000e+02
5.267317104339599609e+01,5.840000000000000000e+02
5.274862599372863770e+01,5.850000000000000000e+02
5.282397174835205078e+01,5.860000000000000000e+02
5.289927387237548828e+01,5.870000000000000000e+02
5.297558856010437012e+01,5.880000000000000000e+02
5.305091023445129395e+01,5.890000000000000000e+02
5.312681913375854492e+01,5.900000000000000000e+02
5.320353794097900391e+01,5.910000000000000000e+02
5.327991986274719238e+01,5.920000000000000000e+02
5.365705013275146484e+01,5.930000000000000000e+02
5.373249864578247070e+01,5.940000000000000000e+02
5.380811023712158203e+01,5.950000000000000000e+02
5.388367629051208496e+01,5.960000000000000000e+02
5.398008966445922852e+01,5.970000000000000000e+02
5.450553154945373535e+01,5.980000000000000000e+02
5.458040690422058105e+01,5.990000000000000000e+02
5.465572619438171387e+01,6.000000000000000000e+02
5.473134803771972656e+01,6.010000000000000000e+02
5.480655741691589355e+01,6.020000000000000000e+02
5.488257241249084473e+01,6.030000000000000000e+02
5.495892310142517090e+01,6.040000000000000000e+02
5.503422594070434570e+01,6.050000000000000000e+02
5.510940885543823242e+01,6.060000000000000000e+02
5.518493318557739258e+01,6.070000000000000000e+02
5.526019859313964844e+01,6.080000000000000000e+02
5.533538913726806641e+01,6.090000000000000000e+02
5.541063952445983887e+01,6.100000000000000000e+02
5.548597860336303711e+01,6.110000000000000000e+02
5.556120944023132324e+01,6.120000000000000000e+02
5.563648653030395508e+01,6.130000000000000000e+02
5.571169281005859375e+01,6.140000000000000000e+02
5.578691196441650391e+01,6.150000000000000000e+02
5.586212611198425293e+01,6.160000000000000000e+02
5.594003748893737793e+01,6.170000000000000000e+02
5.601629328727722168e+01,6.180000000000000000e+02
5.609165334701538086e+01,6.190000000000000000e+02
5.616696858406066895e+01,6.200000000000000000e+02
5.624228072166442871e+01,6.210000000000000000e+02
5.631758046150207520e+01,6.220000000000000000e+02
5.639289236068725586e+01,6.230000000000000000e+02
5.646843671798706055e+01,6.240000000000000000e+02
5.654381132125854492e+01,6.250000000000000000e+02
5.661924004554748535e+01,6.260000000000000000e+02
5.669459533691406250e+01,6.270000000000000000e+02
5.676994085311889648e+01,6.280000000000000000e+02
5.684527182579040527e+01,6.290000000000000000e+02
5.692057657241821289e+01,6.300000000000000000e+02
5.699595260620117188e+01,6.310000000000000000e+02
5.707127237319946289e+01,6.320000000000000000e+02
5.774381113052368164e+01,6.330000000000000000e+02
5.781877756118774414e+01,6.340000000000000000e+02
5.789416790008544922e+01,6.350000000000000000e+02
5.797059583663940430e+01,6.360000000000000000e+02
5.804596018791198730e+01,6.370000000000000000e+02
5.812124633789062500e+01,6.380000000000000000e+02
5.819806194305419922e+01,6.390000000000000000e+02
5.827358245849609375e+01,6.400000000000000000e+02
5.834928774833679199e+01,6.410000000000000000e+02
5.842493748664855957e+01,6.420000000000000000e+02
5.850068593025207520e+01,6.430000000000000000e+02
5.857603955268859863e+01,6.440000000000000000e+02
5.865122270584106445e+01,6.450000000000000000e+02
5.872645425796508789e+01,6.460000000000000000e+02
5.880168461799621582e+01,6.470000000000000000e+02
5.887694072723388672e+01,6.480000000000000000e+02
5.895336270332336426e+01,6.490000000000000000e+02
5.902875542640686035e+01,6.500000000000000000e+02
5.910409641265869141e+01,6.510000000000000000e+02
5.917947149276733398e+01,6.520000000000000000e+02
5.925529122352600098e+01,6.530000000000000000e+02
5.933070182800292969e+01,6.540000000000000000e+02
5.940605950355529785e+01,6.550000000000000000e+02
5.948136448860168457e+01,6.560000000000000000e+02
5.955665493011474609e+01,6.570000000000000000e+02
5.963220763206481934e+01,6.580000000000000000e+02
5.970761227607727051e+01,6.590000000000000000e+02
5.978295850753784180e+01,6.600000000000000000e+02
5.985831332206726074e+01,6.610000000000000000e+02
5.993370509147644043e+01,6.620000000000000000e+02
3.489971160888671875e-03,1.000000000000000000e+00
3.232831954956054688e-01,2.000000000000000000e+00
3.991754055023193359e-01,3.000000000000000000e+00
4.748871326446533203e-01,4.000000000000000000e+00
5.505659580230712891e-01,5.000000000000000000e+00
6.309647560119628906e-01,6.000000000000000000e+00
1.019009828567504883e+00,7.000000000000000000e+00
1.098526000976562500e+00,8.000000000000000000e+00
2.230803728103637695e+00,9.000000000000000000e+00
2.305851936340332031e+00,1.000000000000000000e+01
2.381186962127685547e+00,1.100000000000000000e+01
2.457511186599731445e+00,1.200000000000000000e+01
2.532994508743286133e+00,1.300000000000000000e+01
2.608350992202758789e+00,1.400000000000000000e+01
2.683632373809814453e+00,1.500000000000000000e+01
2.759095430374145508e+00,1.600000000000000000e+01
2.834580659866333008e+00,1.700000000000000000e+01
2.910017967224121094e+00,1.800000000000000000e+01
2.985427141189575195e+00,1.900000000000000000e+01
3.060788154602050781e+00,2.000000000000000000e+01
3.136153697967529297e+00,2.100000000000000000e+01
3.211490869522094727e+00,2.200000000000000000e+01
3.286860466003417969e+00,2.300000000000000000e+01
3.362259626388549805e+00,2.400000000000000000e+01
3.437754869461059570e+00,2.500000000000000000e+01
3.513139486312866211e+00,2.600000000000000000e+01
3.588469743728637695e+00,2.700000000000000000e+01
3.663817167282104492e+00,2.800000000000000000e+01
3.739996433258056641e+00,2.900000000000000000e+01
3.815335750579833984e+00,3.000000000000000000e+01
3.890640735626220703e+00,3.100000000000000000e+01
3.966097116470336914e+00,3.200000000000000000e+01
4.041476964950561523e+00,3.300000000000000000e+01
4.116790056228637695e+00,3.400000000000000000e+01
4.192119121551513672e+00,3.500000000000000000e+01
4.267463684082031250e+00,3.600000000000000000e+01
4.342824220657348633e+00,3.700000000000000000e+01
4.864029884338378906e+00,3.800000000000000000e+01
4.942582607269287109e+00,3.900000000000000000e+01
5.318806409835815430e+00,4.000000000000000000e+01
5.406025171279907227e+00,4.100000000000000000e+01
5.488656520843505859e+00,4.200000000000000000e+01
5.648650407791137695e+00,4.300000000000000000e+01
5.737110376358032227e+00,4.400000000000000000e+01
5.827189207077026367e+00,4.500000000000000000e+01
5.904341936111450195e+00,4.600000000000000000e+01
6.001815795898437500e+00,4.700000000000000000e+01
6.243098974227905273e+00,4.800000000000000000e+01
6.495546102523803711e+00,4.900000000000000000e+01
6.597708702087402344e+00,5.000000000000000000e+01
6.680157661437988281e+00,5.100000000000000000e+01
6.758015394210815430e+00,5.200000000000000000e+01
6.919626712799072266e+00,5.300000000000000000e+01
7.011007308959960938e+00,5.400000000000000000e+01
7.095047235488891602e+00,5.500000000000000000e+01
7.203420639038085938e+00,5.600000000000000000e+01
7.475197076797485352e+00,5.700000000000000000e+01
7.554915666580200195e+00,5.800000000000000000e+01
7.631628513336181641e+00,5.900000000000000000e+01
7.708111524581909180e+00,6.000000000000000000e+01
7.784803867340087891e+00,6.100000000000000000e+01
7.872520685195922852e+00,6.200000000000000000e+01
7.967262506484985352e+00,6.300000000000000000e+01
8.426318883895874023e+00,6.400000000000000000e+01
8.724179267883300781e+00,6.500000000000000000e+01
8.799144983291625977e+00,6.600000000000000000e+01
8.874494791030883789e+00,6.700000000000000000e+01
8.950893640518188477e+00,6.800000000000000000e+01
9.026211977005004883e+00,6.900000000000000000e+01
9.101511716842651367e+00,7.000000000000000000e+01
9.177726030349731445e+00,7.100000000000000000e+01
9.253068447113037109e+00,7.200000000000000000e+01
9.328385353088378906e+00,7.300000000000000000e+01
9.404045343399047852e+00,7.400000000000000000e+01
9.479386806488037109e+00,7.500000000000000000e+01
9.554690361022949219e+00,7.600000000000000000e+01
9.629982471466064453e+00,7.700000000000000000e+01
9.705239534378051758e+00,7.800000000000000000e+01
9.780597448348999023e+00,7.900000000000000000e+01
9.856925249099731445e+00,8.000000000000000000e+01
9.934962987899780273e+00,8.100000000000000000e+01
1.001058506965637207e+01,8.200000000000000000e+01
1.008606410026550293e+01,8.300000000000000000e+01
1.016257119178771973e+01,8.400000000000000000e+01
1.023778510093688965e+01,8.500000000000000000e+01
1.031278991699218750e+01,8.600000000000000000e+01
1.038813018798828125e+01,8.700000000000000000e+01
1.046350097656250000e+01,8.800000000000000000e+01
1.053888225555419922e+01,8.900000000000000000e+01
1.061430215835571289e+01,9.000000000000000000e+01
1.068975877761840820e+01,9.100000000000000000e+01
1.076521730422973633e+01,9.200000000000000000e+01
1.084062862396240234e+01,9.300000000000000000e+01
1.091596579551696777e+01,9.400000000000000000e+01
1.099142146110534668e+01,9.500000000000000000e+01
1.106684541702270508e+01,9.600000000000000000e+01
1.114213299751281738e+01,9.700000000000000000e+01
1.121761012077331543e+01,9.800000000000000000e+01
1.129306745529174805e+01,9.900000000000000000e+01
1.136931729316711426e+01,1.000000000000000000e+02
1.144609212875366211e+01,1.010000000000000000e+02
1.152144622802734375e+01,1.020000000000000000e+02
1.159687328338623047e+01,1.030000000000000000e+02
1.167223501205444336e+01,1.040000000000000000e+02
1.174754810333251953e+01,1.050000000000000000e+02
1.182289600372314453e+01,1.060000000000000000e+02
1.189842772483825684e+01,1.070000000000000000e+02
1.197399353981018066e+01,1.080000000000000000e+02
1.204974770545959473e+01,1.090000000000000000e+02
1.212547445297241211e+01,1.100000000000000000e+02
1.220106410980224609e+01,1.110000000000000000e+02
1.227688097953796387e+01,1.120000000000000000e+02
1.235257482528686523e+01,1.130000000000000000e+02
1.243072891235351562e+01,1.140000000000000000e+02
1.250640320777893066e+01,1.150000000000000000e+02
1.258224844932556152e+01,1.160000000000000000e+02
1.265800404548645020e+01,1.170000000000000000e+02
1.273369836807250977e+01,1.180000000000000000e+02
1.280917072296142578e+01,1.190000000000000000e+02
1.288452529907226562e+01,1.200000000000000000e+02
1.296076774597167969e+01,1.210000000000000000e+02
1.303616786003112793e+01,1.220000000000000000e+02
1.311155843734741211e+01,1.230000000000000000e+02
1.318763375282287598e+01,1.240000000000000000e+02
1.326306438446044922e+01,1.250000000000000000e+02
1.333838677406311035e+01,1.260000000000000000e+02
1.341385412216186523e+01,1.270000000000000000e+02
1.348933196067810059e+01,1.280000000000000000e+02
1.356476831436157227e+01,1.290000000000000000e+02
1.364014267921447754e+01,1.300000000000000000e+02
1.371544218063354492e+01,1.310000000000000000e+02
1.379081749916076660e+01,1.320000000000000000e+02
1.386615824699401855e+01,1.330000000000000000e+02
1.394200611114501953e+01,1.340000000000000000e+02
1.401748704910278320e+01,1.350000000000000000e+02
1.409294605255126953e+01,1.360000000000000000e+02
1.416843366622924805e+01,1.370000000000000000e+02
1.424502301216125488e+01,1.380000000000000000e+02
1.432077836990356445e+01,1.390000000000000000e+02
1.439653968811035156e+01,1.400000000000000000e+02
1.447207522392272949e+01,1.410000000000000000e+02
1.454737329483032227e+01,1.420000000000000000e+02
1.462308001518249512e+01,1.430000000000000000e+02
1.469873762130737305e+01,1.440000000000000000e+02
1.477438926696777344e+01,1.450000000000000000e+02
1.485016012191772461e+01,1.460000000000000000e+02
1.492887020111083984e+01,1.470000000000000000e+02
1.500715517997741699e+01,1.480000000000000000e+02
1.538421249389648438e+01,1.490000000000000000e+02
1.545942997932434082e+01,1.500000000000000000e+02
1.553490686416625977e+01,1.510000000000000000e+02
1.561071705818176270e+01,1.520000000000000000e+02
1.568648099899291992e+01,1.530000000000000000e+02
1.576355433464050293e+01,1.540000000000000000e+02
1.598924112319946289e+01,1.550000000000000000e+02
1.606446027755737305e+01,1.560000000000000000e+02
1.613987326622009277e+01,1.570000000000000000e+02
1.621519184112548828e+01,1.580000000000000000e+02
1.629057431221008301e+01,1.590000000000000000e+02
1.636583590507507324e+01,1.600000000000000000e+02
1.644159007072448730e+01,1.610000000000000000e+02
1.651708078384399414e+01,1.620000000000000000e+02
1.659253907203674316e+01,1.630000000000000000e+02
1.666802334785461426e+01,1.640000000000000000e+02
1.674370121955871582e+01,1.650000000000000000e+02
1.681916618347167969e+01,1.660000000000000000e+02
1.689448523521423340e+01,1.670000000000000000e+02
1.696983957290649414e+01,1.680000000000000000e+02
1.704526233673095703e+01,1.690000000000000000e+02
1.712062263488769531e+01,1.700000000000000000e+02
1.719591832160949707e+01,1.710000000000000000e+02
1.727215504646301270e+01,1.720000000000000000e+02
1.734805130958557129e+01,1.730000000000000000e+02
1.742409396171569824e+01,1.740000000000000000e+02
1.749963665008544922e+01,1.750000000000000000e+02
1.757505798339843750e+01,1.760000000000000000e+02
1.765043759346008301e+01,1.770000000000000000e+02
1.772578072547912598e+01,1.780000000000000000e+02
1.780115938186645508e+01,1.790000000000000000e+02
1.787647867202758789e+01,1.800000000000000000e+02
1.795380139350891113e+01,1.810000000000000000e+02
1.802989411354064941e+01,1.820000000000000000e+02
1.810589218139648438e+01,1.830000000000000000e+02
1.818307542800903320e+01,1.840000000000000000e+02
1.825889849662780762e+01,1.850000000000000000e+02
1.833468103408813477e+01,1.860000000000000000e+02
1.841039657592773438e+01,1.870000000000000000e+02
1.848667502403259277e+01,1.880000000000000000e+02
1.856290054321289062e+01,1.890000000000000000e+02
1.863827323913574219e+01,1.900000000000000000e+02
1.871351647377014160e+01,1.910000000000000000e+02
1.878933858871459961e+01,1.920000000000000000e+02
1.886602735519409180e+01,1.930000000000000000e+02
1.916815304756164551e+01,1.940000000000000000e+02
1.924317622184753418e+01,1.950000000000000000e+02
1.931854319572448730e+01,1.960000000000000000e+02
1.939430403709411621e+01,1.970000000000000000e+02
1.946985363960266113e+01,1.980000000000000000e+02
1.954555201530456543e+01,1.990000000000000000e+02
1.962127995491027832e+01,2.000000000000000000e+02
1.969692659378051758e+01,2.010000000000000000e+02
1.977257204055786133e+01,2.020000000000000000e+02
1.984821343421936035e+01,2.030000000000000000e+02
1.992531538009643555e+01,2.040000000000000000e+02
2.000069475173950195e+01,2.050000000000000000e+02
2.007568192481994629e+01,2.060000000000000000e+02
2.015102362632751465e+01,2.070000000000000000e+02
2.022633862495422363e+01,2.080000000000000000e+02
2.030170154571533203e+01,2.090000000000000000e+02
2.037705373764038086e+01,2.100000000000000000e+02
2.045331406593322754e+01,2.110000000000000000e+02
2.052874279022216797e+01,2.120000000000000000e+02
2.060404324531555176e+01,2.130000000000000000e+02
2.067944431304931641e+01,2.140000000000000000e+02
2.075493192672729492e+01,2.150000000000000000e+02
2.083027219772338867e+01,2.160000000000000000e+02
2.090560245513916016e+01,2.170000000000000000e+02
2.098092222213745117e+01,2.180000000000000000e+02
2.105634450912475586e+01,2.190000000000000000e+02
2.113170003890991211e+01,2.200000000000000000e+02
2.120705127716064453e+01,2.210000000000000000e+02
2.128240895271301270e+01,2.220000000000000000e+02
2.135776233673095703e+01,2.230000000000000000e+02
2.143417644500732422e+01,2.240000000000000000e+02
2.150951218605041504e+01,2.250000000000000000e+02
2.158483529090881348e+01,2.260000000000000000e+02
2.166025066375732422e+01,2.270000000000000000e+02
2.173562335968017578e+01,2.280000000000000000e+02
2.181103587150573730e+01,2.290000000000000000e+02
2.188636422157287598e+01,2.300000000000000000e+02
2.196171259880065918e+01,2.310000000000000000e+02
2.203710031509399414e+01,2.320000000000000000e+02
2.211256933212280273e+01,2.330000000000000000e+02
2.218900370597839355e+01,2.340000000000000000e+02
2.226440620422363281e+01,2.350000000000000000e+02
2.233980345726013184e+01,2.360000000000000000e+02
2.241522073745727539e+01,2.370000000000000000e+02
2.249405550956726074e+01,2.380000000000000000e+02
2.256961345672607422e+01,2.390000000000000000e+02
2.264494800567626953e+01,2.400000000000000000e+02
2.272036194801330566e+01,2.410000000000000000e+02
2.279581117630004883e+01,2.420000000000000000e+02
2.287119579315185547e+01,2.430000000000000000e+02
2.294761657714843750e+01,2.440000000000000000e+02
2.302301621437072754e+01,2.450000000000000000e+02
2.309843492507934570e+01,2.460000000000000000e+02
2.317441582679748535e+01,2.470000000000000000e+02
2.325057148933410645e+01,2.480000000000000000e+02
2.332593584060668945e+01,2.490000000000000000e+02
2.340132641792297363e+01,2.500000000000000000e+02
2.347676873207092285e+01,2.510000000000000000e+02
2.355220270156860352e+01,2.520000000000000000e+02
2.362764883041381836e+01,2.530000000000000000e+02
2.370307898521423340e+01,2.540000000000000000e+02
2.377848982810974121e+01,2.550000000000000000e+02
2.385392665863037109e+01,2.560000000000000000e+02
2.393200588226318359e+01,2.570000000000000000e+02
2.400752758979797363e+01,2.580000000000000000e+02
2.408309316635131836e+01,2.590000000000000000e+02
2.415971684455871582e+01,2.600000000000000000e+02
2.423517322540283203e+01,2.610000000000000000e+02
2.431061601638793945e+01,2.620000000000000000e+02
2.438606452941894531e+01,2.630000000000000000e+02
2.446283197402954102e+01,2.640000000000000000e+02
2.453831386566162109e+01,2.650000000000000000e+02
2.461373925209045410e+01,2.660000000000000000e+02
2.468915128707885742e+01,2.670000000000000000e+02
2.476528501510620117e+01,2.680000000000000000e+02
2.484144663810729980e+01,2.690000000000000000e+02
2.491684365272521973e+01,2.700000000000000000e+02
2.499293184280395508e+01,2.710000000000000000e+02
2.506863522529602051e+01,2.720000000000000000e+02
2.514449954032897949e+01,2.730000000000000000e+02
2.522039723396301270e+01,2.740000000000000000e+02
2.529602241516113281e+01,2.750000000000000000e+02
2.537223482131958008e+01,2.760000000000000000e+02
2.544957137107849121e+01,2.770000000000000000e+02
2.552533817291259766e+01,2.780000000000000000e+02
2.560095643997192383e+01,2.790000000000000000e+02
2.567647981643676758e+01,2.800000000000000000e+02
2.575233554840087891e+01,2.810000000000000000e+02
2.582802677154541016e+01,2.820000000000000000e+02
2.590332984924316406e+01,2.830000000000000000e+02
2.597906970977783203e+01,2.840000000000000000e+02
2.605478978157043457e+01,2.850000000000000000e+02
2.613037776947021484e+01,2.860000000000000000e+02
2.620600771903991699e+01,2.870000000000000000e+02
2.628170895576477051e+01,2.880000000000000000e+02
2.635842990875244141e+01,2.890000000000000000e+02
2.666039109230041504e+01,2.900000000000000000e+02
2.673563647270202637e+01,2.910000000000000000e+02
2.681124877929687500e+01,2.920000000000000000e+02
2.688677501678466797e+01,2.930000000000000000e+02
2.696337509155273438e+01,2.940000000000000000e+02
2.703858637809753418e+01,2.950000000000000000e+02
2.711359596252441406e+01,2.960000000000000000e+02
2.718900370597839355e+01,2.970000000000000000e+02
2.726434326171875000e+01,2.980000000000000000e+02
2.733975982666015625e+01,2.990000000000000000e+02
2.741520690917968750e+01,3.000000000000000000e+02
2.749106860160827637e+01,3.010000000000000000e+02
2.756717205047607422e+01,3.020000000000000000e+02
2.764280295372009277e+01,3.030000000000000000e+02
2.771869421005249023e+01,3.040000000000000000e+02
2.779405713081359863e+01,3.050000000000000000e+02
2.787037420272827148e+01,3.060000000000000000e+02
2.794687128067016602e+01,3.070000000000000000e+02
2.802216410636901855e+01,3.080000000000000000e+02
2.809739470481872559e+01,3.090000000000000000e+02
2.817312335968017578e+01,3.100000000000000000e+02
2.824842262268066406e+01,3.110000000000000000e+02
2.832366585731506348e+01,3.120000000000000000e+02
2.839892840385437012e+01,3.130000000000000000e+02
2.847427558898925781e+01,3.140000000000000000e+02
2.854960656166076660e+01,3.150000000000000000e+02
2.862485527992248535e+01,3.160000000000000000e+02
2.870013952255249023e+01,3.170000000000000000e+02
2.877543544769287109e+01,3.180000000000000000e+02
2.885073733329772949e+01,3.190000000000000000e+02
2.892800688743591309e+01,3.200000000000000000e+02
2.900333380699157715e+01,3.210000000000000000e+02
2.907869243621826172e+01,3.220000000000000000e+02
2.915403008460998535e+01,3.230000000000000000e+02
2.922931957244873047e+01,3.240000000000000000e+02
2.930477142333984375e+01,3.250000000000000000e+02
2.938015222549438477e+01,3.260000000000000000e+02
2.945640540122985840e+01,3.270000000000000000e+02
2.953176021575927734e+01,3.280000000000000000e+02
2.960708761215209961e+01,3.290000000000000000e+02
2.968240952491760254e+01,3.300000000000000000e+02
2.975776696205139160e+01,3.310000000000000000e+02
2.983301377296447754e+01,3.320000000000000000e+02
2.990825819969177246e+01,3.330000000000000000e+02
2.998367595672607422e+01,3.340000000000000000e+02
3.005909204483032227e+01,3.350000000000000000e+02
3.013445425033569336e+01,3.360000000000000000e+02
3.045137405395507812e+01,3.370000000000000000e+02
3.097415852546691895e+01,3.380000000000000000e+02
3.104912233352661133e+01,3.390000000000000000e+02
3.112454581260681152e+01,3.400000000000000000e+02
3.119976925849914551e+01,3.410000000000000000e+02
3.127512431144714355e+01,3.420000000000000000e+02
3.135044169425964355e+01,3.430000000000000000e+02
3.142818880081176758e+01,3.440000000000000000e+02
3.150349807739257812e+01,3.450000000000000000e+02
3.157877588272094727e+01,3.460000000000000000e+02
3.165407276153564453e+01,3.470000000000000000e+02
3.172949719429016113e+01,3.480000000000000000e+02
3.180466318130493164e+01,3.490000000000000000e+02
3.187992930412292480e+01,3.500000000000000000e+02
3.195630025863647461e+01,3.510000000000000000e+02
3.203169846534729004e+01,3.520000000000000000e+02
3.210715651512145996e+01,3.530000000000000000e+02
3.218353867530822754e+01,3.540000000000000000e+02
3.225897169113159180e+01,3.550000000000000000e+02
3.233451008796691895e+01,3.560000000000000000e+02
3.240978407859802246e+01,3.570000000000000000e+02
3.248511362075805664e+01,3.580000000000000000e+02
3.256038308143615723e+01,3.590000000000000000e+02
3.263570618629455566e+01,3.600000000000000000e+02
3.271105623245239258e+01,3.610000000000000000e+02
3.278640341758728027e+01,3.620000000000000000e+02
3.286172962188720703e+01,3.630000000000000000e+02
3.293720436096191406e+01,3.640000000000000000e+02
3.301269960403442383e+01,3.650000000000000000e+02
3.308790278434753418e+01,3.660000000000000000e+02
3.316327428817749023e+01,3.670000000000000000e+02
3.323892354965209961e+01,3.680000000000000000e+02
3.331428003311157227e+01,3.690000000000000000e+02
3.338966989517211914e+01,3.700000000000000000e+02
3.346511507034301758e+01,3.710000000000000000e+02
3.354053997993469238e+01,3.720000000000000000e+02
3.361593079566955566e+01,3.730000000000000000e+02
3.421280384063720703e+01,3.740000000000000000e+02
3.428775620460510254e+01,3.750000000000000000e+02
3.436314511299133301e+01,3.760000000000000000e+02
3.443860292434692383e+01,3.770000000000000000e+02
3.451410293579101562e+01,3.780000000000000000e+02
3.458940458297729492e+01,3.790000000000000000e+02
3.466475272178649902e+01,3.800000000000000000e+02
3.474018168449401855e+01,3.810000000000000000e+02
3.481554627418518066e+01,3.820000000000000000e+02
3.489092350006103516e+01,3.830000000000000000e+02
3.496756219863891602e+01,3.840000000000000000e+02
3.504286623001098633e+01,3.850000000000000000e+02
3.511821985244750977e+01,3.860000000000000000e+02
3.519360828399658203e+01,3.870000000000000000e+02
3.526978921890258789e+01,3.880000000000000000e+02
3.534662008285522461e+01,3.890000000000000000e+02
3.542242169380187988e+01,3.900000000000000000e+02
3.549788284301757812e+01,3.910000000000000000e+02
3.557330346107482910e+01,3.920000000000000000e+02
3.564878416061401367e+01,3.930000000000000000e+02
3.572410988807678223e+01,3.940000000000000000e+02
3.579942035675048828e+01,3.950000000000000000e+02
3.587484097480773926e+01,3.960000000000000000e+02
3.595128917694091797e+01,3.970000000000000000e+02
3.602665328979492188e+01,3.980000000000000000e+02
3.610210347175598145e+01,3.990000000000000000e+02
3.617818212509155273e+01,4.000000000000000000e+02
3.625342845916748047e+01,4.010000000000000000e+02
3.632871556282043457e+01,4.020000000000000000e+02
3.640396666526794434e+01,4.030000000000000000e+02
3.647922015190124512e+01,4.040000000000000000e+02
3.655445241928100586e+01,4.050000000000000000e+02
3.662972736358642578e+01,4.060000000000000000e+02
3.670495343208312988e+01,4.070000000000000000e+02
3.678022098541259766e+01,4.080000000000000000e+02
3.685544681549072266e+01,4.090000000000000000e+02
3.693189597129821777e+01,4.100000000000000000e+02
3.700728297233581543e+01,4.110000000000000000e+02
3.708267617225646973e+01,4.120000000000000000e+02
3.715914845466613770e+01,4.130000000000000000e+02
3.723457145690917969e+01,4.140000000000000000e+02
3.730983853340148926e+01,4.150000000000000000e+02
3.738513183593750000e+01,4.160000000000000000e+02
3.746135401725769043e+01,4.170000000000000000e+02
3.753671884536743164e+01,4.180000000000000000e+02
3.761203551292419434e+01,4.190000000000000000e+02
3.768741250038146973e+01,4.200000000000000000e+02
3.828474521636962891e+01,4.210000000000000000e+02
3.836044216156005859e+01,4.220000000000000000e+02
3.843615651130676270e+01,4.230000000000000000e+02
3.851153349876403809e+01,4.240000000000000000e+02
3.858686828613281250e+01,4.250000000000000000e+02
3.866220450401306152e+01,4.260000000000000000e+02
3.873751950263977051e+01,4.270000000000000000e+02
3.881290340423583984e+01,4.280000000000000000e+02
3.888823986053466797e+01,4.290000000000000000e+02
3.896372985839843750e+01,4.300000000000000000e+02
3.903907489776611328e+01,4.310000000000000000e+02
3.911425971984863281e+01,4.320000000000000000e+02
3.919032168388366699e+01,4.330000000000000000e+02
3.926568603515625000e+01,4.340000000000000000e+02
3.934100341796875000e+01,4.350000000000000000e+02
3.941626310348510742e+01,4.360000000000000000e+02
3.949161267280578613e+01,4.370000000000000000e+02
3.956702542304992676e+01,4.380000000000000000e+02
3.964239621162414551e+01,4.390000000000000000e+02
3.971774482727050781e+01,4.400000000000000000e+02
3.979316282272338867e+01,4.410000000000000000e+02
3.986925959587097168e+01,4.420000000000000000e+02
3.994598889350891113e+01,4.430000000000000000e+02
4.002191591262817383e+01,4.440000000000000000e+02
4.009763360023498535e+01,4.450000000000000000e+02
4.017405962944030762e+01,4.460000000000000000e+02
4.024947261810302734e+01,4.470000000000000000e+02
4.032486677169799805e+01,4.480000000000000000e+02
4.040022063255310059e+01,4.490000000000000000e+02
4.047550964355468750e+01,4.500000000000000000e+02
4.055091381072998047e+01,4.510000000000000000e+02
4.062618589401245117e+01,4.520000000000000000e+02
4.070141625404357910e+01,4.530000000000000000e+02
4.077669835090637207e+01,4.540000000000000000e+02
4.085183811187744141e+01,4.550000000000000000e+02
4.092974901199340820e+01,4.560000000000000000e+02
4.100512433052062988e+01,4.570000000000000000e+02
4.108041024208068848e+01,4.580000000000000000e+02
4.115621376037597656e+01,4.590000000000000000e+02
4.123163056373596191e+01,4.600000000000000000e+02
4.130701875686645508e+01,4.610000000000000000e+02
4.138231492042541504e+01,4.620000000000000000e+02
4.145823049545288086e+01,4.630000000000000000e+02
4.153369736671447754e+01,4.640000000000000000e+02
4.160922384262084961e+01,4.650000000000000000e+02
4.168461513519287109e+01,4.660000000000000000e+02
4.175999426841735840e+01,4.670000000000000000e+02
4.183551120758056641e+01,4.680000000000000000e+02
4.191090345382690430e+01,4.690000000000000000e+02
4.198628091812133789e+01,4.700000000000000000e+02
4.206171274185180664e+01,4.710000000000000000e+02
4.265895199775695801e+01,4.720000000000000000e+02
4.273407030105590820e+01,4.730000000000000000e+02
4.280941224098205566e+01,4.740000000000000000e+02
4.288471508026123047e+01,4.750000000000000000e+02
4.296104598045349121e+01,4.760000000000000000e+02
4.303644371032714844e+01,4.770000000000000000e+02
4.311183452606201172e+01,4.780000000000000000e+02
4.318818163871765137e+01,4.790000000000000000e+02
4.326355242729187012e+01,4.800000000000000000e+02
4.333888936042785645e+01,4.810000000000000000e+02
4.341422772407531738e+01,4.820000000000000000e+02
4.348964381217956543e+01,4.830000000000000000e+02
4.356503939628601074e+01,4.840000000000000000e+02
4.364033532142639160e+01,4.850000000000000000e+02
4.371568202972412109e+01,4.860000000000000000e+02
4.379113745689392090e+01,4.870000000000000000e+02
4.386651134490966797e+01,4.880000000000000000e+02
4.394235348701477051e+01,4.890000000000000000e+02
4.401775932312011719e+01,4.900000000000000000e+02
4.409307312965393066e+01,4.910000000000000000e+02
4.416850090026855469e+01,4.920000000000000000e+02
4.424495339393615723e+01,4.930000000000000000e+02
4.432053685188293457e+01,4.940000000000000000e+02
4.439605665206909180e+01,4.950000000000000000e+02
4.447325253486633301e+01,4.960000000000000000e+02
4.454879021644592285e+01,4.970000000000000000e+02
4.462422275543212891e+01,4.980000000000000000e+02
4.469965910911560059e+01,4.990000000000000000e+02
4.477515244483947754e+01,5.000000000000000000e+02
4.485054898262023926e+01,5.010000000000000000e+02
4.493110728263854980e+01,5.020000000000000000e+02
4.515664100646972656e+01,5.030000000000000000e+02
4.523160839080810547e+01,5.040000000000000000e+02
4.530686688423156738e+01,5.050000000000000000e+02
4.538209557533264160e+01,5.060000000000000000e+02
4.545815682411193848e+01,5.070000000000000000e+02
4.553356885910034180e+01,5.080000000000000000e+02
4.560883045196533203e+01,5.090000000000000000e+02
4.568416905403137207e+01,5.100000000000000000e+02
4.575955986976623535e+01,5.110000000000000000e+02
4.583486986160278320e+01,5.120000000000000000e+02
4.591010642051696777e+01,5.130000000000000000e+02
4.598938083648681641e+01,5.140000000000000000e+02
4.606471061706542969e+01,5.150000000000000000e+02
4.613971638679504395e+01,5.160000000000000000e+02
4.621505808830261230e+01,5.170000000000000000e+02
4.629037499427795410e+01,5.180000000000000000e+02
4.636568832397460938e+01,5.190000000000000000e+02
4.644177770614624023e+01,5.200000000000000000e+02
4.651759529113769531e+01,5.210000000000000000e+02
4.659330606460571289e+01,5.220000000000000000e+02
4.666907596588134766e+01,5.230000000000000000e+02
4.678559494018554688e+01,5.240000000000000000e+02
4.686133098602294922e+01,5.250000000000000000e+02
4.693730759620666504e+01,5.260000000000000000e+02
4.701298046112060547e+01,5.270000000000000000e+02
4.708868122100830078e+01,5.280000000000000000e+02
4.716491985321044922e+01,5.290000000000000000e+02
4.724073481559753418e+01,5.300000000000000000e+02
4.731625938415527344e+01,5.310000000000000000e+02
4.739197230339050293e+01,5.320000000000000000e+02
4.746767687797546387e+01,5.330000000000000000e+02
4.754428672790527344e+01,5.340000000000000000e+02
4.762016558647155762e+01,5.350000000000000000e+02
4.769599151611328125e+01,5.360000000000000000e+02
4.777188277244567871e+01,5.370000000000000000e+02
4.784771108627319336e+01,5.380000000000000000e+02
4.792571544647216797e+01,5.390000000000000000e+02
4.800176906585693359e+01,5.400000000000000000e+02
4.807743382453918457e+01,5.410000000000000000e+02
4.815315699577331543e+01,5.420000000000000000e+02
4.822888684272766113e+01,5.430000000000000000e+02
4.830459952354431152e+01,5.440000000000000000e+02
4.838056635856628418e+01,5.450000000000000000e+02
4.845684170722961426e+01,5.460000000000000000e+02
4.853230500221252441e+01,5.470000000000000000e+02
4.860735154151916504e+01,5.480000000000000000e+02
4.868264603614807129e+01,5.490000000000000000e+02
4.875843214988708496e+01,5.500000000000000000e+02
4.883422875404357910e+01,5.510000000000000000e+02
4.891252756118774414e+01,5.520000000000000000e+02
4.913747072219848633e+01,5.530000000000000000e+02
4.921251106262207031e+01,5.540000000000000000e+02
4.928792667388916016e+01,5.550000000000000000e+02
4.936334967613220215e+01,5.560000000000000000e+02
4.943921375274658203e+01,5.570000000000000000e+02
4.951496934890747070e+01,5.580000000000000000e+02
4.959074378013610840e+01,5.590000000000000000e+02
4.966649603843688965e+01,5.600000000000000000e+02
4.974216866493225098e+01,5.610000000000000000e+02
4.981784200668334961e+01,5.620000000000000000e+02
4.989359045028686523e+01,5.630000000000000000e+02
4.996899962425231934e+01,5.640000000000000000e+02
5.004441237449645996e+01,5.650000000000000000e+02
5.011977982521057129e+01,5.660000000000000000e+02
5.019506669044494629e+01,5.670000000000000000e+02
5.027144789695739746e+01,5.680000000000000000e+02
5.034803819656372070e+01,5.690000000000000000e+02
5.042393612861633301e+01,5.700000000000000000e+02
5.049936842918395996e+01,5.710000000000000000e+02
5.057470631599426270e+01,5.720000000000000000e+02
5.064992046356201172e+01,5.730000000000000000e+02
5.072518754005432129e+01,5.740000000000000000e+02
5.080045199394226074e+01,5.750000000000000000e+02
5.087566518783569336e+01,5.760000000000000000e+02
5.095187330245971680e+01,5.770000000000000000e+02
5.102722263336181641e+01,5.780000000000000000e+02
5.110247111320495605e+01,5.790000000000000000e+02
5.117857313156127930e+01,5.800000000000000000e+02
5.125387310981750488e+01,5.810000000000000000e+02
5.132915711402893066e+01,5.820000000000000000e+02
5.140439224243164062e+01,5.830000000000000000e+02
5.147983407974243164e+01,5.840000000000000000e+02
5.155517578125000000e+01,5.850000000000000000e+02
5.163057947158813477e+01,5.860000000000000000e+02
5.170594048500061035e+01,5.870000000000000000e+02
5.178136372566223145e+01,5.880000000000000000e+02
5.185669684410095215e+01,5.890000000000000000e+02
5.193317770957946777e+01,5.900000000000000000e+02
5.200846815109252930e+01,5.910000000000000000e+02
5.208382153511047363e+01,5.920000000000000000e+02
5.216049647331237793e+01,5.930000000000000000e+02
5.223589992523193359e+01,5.940000000000000000e+02
5.231128644943237305e+01,5.950000000000000000e+02
5.238663721084594727e+01,5.960000000000000000e+02
5.246205258369445801e+01,5.970000000000000000e+02
5.253734254837036133e+01,5.980000000000000000e+02
5.261263179779052734e+01,5.990000000000000000e+02
5.268791246414184570e+01,6.000000000000000000e+02
5.276328754425048828e+01,6.010000000000000000e+02
5.283871221542358398e+01,6.020000000000000000e+02
5.323406672477722168e+01,6.030000000000000000e+02
5.330973720550537109e+01,6.040000000000000000e+02
5.338507151603698730e+01,6.050000000000000000e+02
5.346562004089355469e+01,6.060000000000000000e+02
5.354651141166687012e+01,6.070000000000000000e+02
5.384482359886169434e+01,6.080000000000000000e+02
5.392366909980773926e+01,6.090000000000000000e+02
5.437437534332275391e+01,6.100000000000000000e+02
5.445016193389892578e+01,6.110000000000000000e+02
5.452630686759948730e+01,6.120000000000000000e+02
5.460170292854309082e+01,6.130000000000000000e+02
5.467698693275451660e+01,6.140000000000000000e+02
5.475385999679565430e+01,6.150000000000000000e+02
5.490448236465454102e+01,6.160000000000000000e+02
5.497975969314575195e+01,6.170000000000000000e+02
5.505542778968811035e+01,6.180000000000000000e+02
5.513115382194519043e+01,6.190000000000000000e+02
5.520688557624816895e+01,6.200000000000000000e+02
5.528245687484741211e+01,6.210000000000000000e+02
5.535812020301818848e+01,6.220000000000000000e+02
5.543520593643188477e+01,6.230000000000000000e+02
5.566106915473937988e+01,6.240000000000000000e+02
5.573653340339660645e+01,6.250000000000000000e+02
5.581178545951843262e+01,6.260000000000000000e+02
5.588701510429382324e+01,6.270000000000000000e+02
5.596228289604187012e+01,6.280000000000000000e+02
5.603755688667297363e+01,6.290000000000000000e+02
5.611287593841552734e+01,6.300000000000000000e+02
5.618922543525695801e+01,6.310000000000000000e+02
5.626534533500671387e+01,6.320000000000000000e+02
5.634061193466186523e+01,6.330000000000000000e+02
5.641590237617492676e+01,6.340000000000000000e+02
5.649115753173828125e+01,6.350000000000000000e+02
5.656638050079345703e+01,6.360000000000000000e+02
5.664168262481689453e+01,6.370000000000000000e+02
5.671693134307861328e+01,6.380000000000000000e+02
5.679228997230529785e+01,6.390000000000000000e+02
5.686755561828613281e+01,6.400000000000000000e+02
5.694345068931579590e+01,6.410000000000000000e+02
5.701883912086486816e+01,6.420000000000000000e+02
5.709416961669921875e+01,6.430000000000000000e+02
5.716947746276855469e+01,6.440000000000000000e+02
5.724476194381713867e+01,6.450000000000000000e+02
5.732001209259033203e+01,6.460000000000000000e+02
5.739539766311645508e+01,6.470000000000000000e+02
5.747072792053222656e+01,6.480000000000000000e+02
5.754617404937744141e+01,6.490000000000000000e+02
5.762139153480529785e+01,6.500000000000000000e+02
5.814319252967834473e+01,6.510000000000000000e+02
5.821827745437622070e+01,6.520000000000000000e+02
5.829351925849914551e+01,6.530000000000000000e+02
5.836878705024719238e+01,6.540000000000000000e+02
5.844430255889892578e+01,6.550000000000000000e+02
5.851961636543273926e+01,6.560000000000000000e+02
5.859514236450195312e+01,6.570000000000000000e+02
5.867051076889038086e+01,6.580000000000000000e+02
5.874603462219238281e+01,6.590000000000000000e+02
5.882130432128906250e+01,6.600000000000000000e+02
5.889662575721740723e+01,6.610000000000000000e+02
5.897283220291137695e+01,6.620000000000000000e+02
5.904866766929626465e+01,6.630000000000000000e+02
5.912464690208435059e+01,6.640000000000000000e+02
5.920058655738830566e+01,6.650000000000000000e+02
5.927740311622619629e+01,6.660000000000000000e+02
5.935386657714843750e+01,6.670000000000000000e+02
5.943133139610290527e+01,6.680000000000000000e+02
5.965741372108459473e+01,6.690000000000000000e+02
5.973229551315307617e+01,6.700000000000000000e+02
5.980759143829345703e+01,6.710000000000000000e+02
5.988338971138000488e+01,6.720000000000000000e+02
5.996095228195190430e+01,6.730000000000000000e+02
