time,packet_count
2.012138366699218750e-01,1.000000000000000000e+00
2.766857147216796875e-01,2.000000000000000000e+00
3.524067401885986328e-01,3.000000000000000000e+00
4.279410839080810547e-01,4.000000000000000000e+00
5.034825801849365234e-01,5.000000000000000000e+00
5.791778564453125000e-01,6.000000000000000000e+00
6.547715663909912109e-01,7.000000000000000000e+00
7.308387756347656250e-01,8.000000000000000000e+00
8.063542842864990234e-01,9.000000000000000000e+00
8.818714618682861328e-01,1.000000000000000000e+01
9.573709964752197266e-01,1.100000000000000000e+01
5.995527267456054688e+00,1.200000000000000000e+01
6.094626903533935547e+00,1.300000000000000000e+01
6.167858362197875977e+00,1.400000000000000000e+01
6.171019792556762695e+00,1.500000000000000000e+01
6.320264816284179688e+00,1.600000000000000000e+01
6.393874168395996094e+00,1.700000000000000000e+01
6.396327733993530273e+00,1.800000000000000000e+01
6.469572782516479492e+00,1.900000000000000000e+01
6.471872091293334961e+00,2.000000000000000000e+01
6.545202732086181641e+00,2.100000000000000000e+01
6.547439336776733398e+00,2.200000000000000000e+01
6.620675325393676758e+00,2.300000000000000000e+01
6.622905015945434570e+00,2.400000000000000000e+01
6.696124315261840820e+00,2.500000000000000000e+01
6.698444366455078125e+00,2.600000000000000000e+01
6.771598577499389648e+00,2.700000000000000000e+01
6.773899078369140625e+00,2.800000000000000000e+01
6.847238302230834961e+00,2.900000000000000000e+01
6.850477457046508789e+00,3.000000000000000000e+01
6.923785686492919922e+00,3.100000000000000000e+01
6.926276922225952148e+00,3.200000000000000000e+01
6.999643087387084961e+00,3.300000000000000000e+01
7.002040386199951172e+00,3.400000000000000000e+01
7.075338602066040039e+00,3.500000000000000000e+01
7.077763795852661133e+00,3.600000000000000000e+01
7.150785446166992188e+00,3.700000000000000000e+01
7.152867317199707031e+00,3.800000000000000000e+01
7.226027965545654297e+00,3.900000000000000000e+01
7.229511260986328125e+00,4.000000000000000000e+01
7.377587080001831055e+00,4.100000000000000000e+01
7.379702568054199219e+00,4.200000000000000000e+01
7.452804803848266602e+00,4.300000000000000000e+01
7.454986095428466797e+00,4.400000000000000000e+01
7.528126001358032227e+00,4.500000000000000000e+01
7.530248403549194336e+00,4.600000000000000000e+01
7.605901241302490234e+00,4.700000000000000000e+01
7.681216239929199219e+00,4.800000000000000000e+01
7.756466388702392578e+00,4.900000000000000000e+01
7.832992315292358398e+00,5.000000000000000000e+01
7.908357381820678711e+00,5.100000000000000000e+01
7.983694553375244141e+00,5.200000000000000000e+01
8.059062480926513672e+00,5.300000000000000000e+01
8.134353160858154297e+00,5.400000000000000000e+01
8.209680318832397461e+00,5.500000000000000000e+01
8.285634517669677734e+00,5.600000000000000000e+01
8.361580133438110352e+00,5.700000000000000000e+01
8.436985015869140625e+00,5.800000000000000000e+01
8.512395143508911133e+00,5.900000000000000000e+01
8.587615251541137695e+00,6.000000000000000000e+01
8.663130521774291992e+00,6.100000000000000000e+01
8.739619493484497070e+00,6.200000000000000000e+01
8.814977645874023438e+00,6.300000000000000000e+01
8.890220403671264648e+00,6.400000000000000000e+01
8.965497493743896484e+00,6.500000000000000000e+01
9.040762424468994141e+00,6.600000000000000000e+01
9.116108179092407227e+00,6.700000000000000000e+01
9.191695213317871094e+00,6.800000000000000000e+01
9.267005681991577148e+00,6.900000000000000000e+01
9.350061178207397461e+00,7.000000000000000000e+01
9.423681974411010742e+00,7.100000000000000000e+01
9.496926784515380859e+00,7.200000000000000000e+01
9.499147415161132812e+00,7.300000000000000000e+01
9.572365283966064453e+00,7.400000000000000000e+01
9.574600458145141602e+00,7.500000000000000000e+01
9.647725820541381836e+00,7.600000000000000000e+01
9.649946928024291992e+00,7.700000000000000000e+01
9.723118782043457031e+00,7.800000000000000000e+01
9.725321769714355469e+00,7.900000000000000000e+01
9.798428773880004883e+00,8.000000000000000000e+01
9.800586938858032227e+00,8.100000000000000000e+01
9.875890254974365234e+00,8.200000000000000000e+01
9.951138019561767578e+00,8.300000000000000000e+01
1.002664828300476074e+01,8.400000000000000000e+01
1.010201263427734375e+01,8.500000000000000000e+01
1.017740941047668457e+01,8.600000000000000000e+01
1.025274586677551270e+01,8.700000000000000000e+01
1.033013534545898438e+01,8.800000000000000000e+01
1.040552711486816406e+01,8.900000000000000000e+01
1.048089385032653809e+01,9.000000000000000000e+01
1.055630970001220703e+01,9.100000000000000000e+01
1.063168764114379883e+01,9.200000000000000000e+01
1.070700335502624512e+01,9.300000000000000000e+01
1.078243446350097656e+01,9.400000000000000000e+01
1.085868215560913086e+01,9.500000000000000000e+01
1.093406271934509277e+01,9.600000000000000000e+01
1.100944161415100098e+01,9.700000000000000000e+01
1.108481168746948242e+01,9.800000000000000000e+01
1.115998172760009766e+01,9.900000000000000000e+01
1.123529696464538574e+01,1.000000000000000000e+02
1.131057024002075195e+01,1.010000000000000000e+02
1.138763570785522461e+01,1.020000000000000000e+02
1.146313858032226562e+01,1.030000000000000000e+02
1.153873395919799805e+01,1.040000000000000000e+02
1.161403608322143555e+01,1.050000000000000000e+02
1.168969726562500000e+01,1.060000000000000000e+02
1.176647114753723145e+01,1.070000000000000000e+02
1.184327125549316406e+01,1.080000000000000000e+02
1.191864871978759766e+01,1.090000000000000000e+02
1.199397754669189453e+01,1.100000000000000000e+02
1.206933355331420898e+01,1.110000000000000000e+02
1.214475512504577637e+01,1.120000000000000000e+02
1.222011828422546387e+01,1.130000000000000000e+02
1.229548454284667969e+01,1.140000000000000000e+02
1.237114286422729492e+01,1.150000000000000000e+02
1.244644951820373535e+01,1.160000000000000000e+02
1.252172756195068359e+01,1.170000000000000000e+02
1.259708189964294434e+01,1.180000000000000000e+02
1.267261981964111328e+01,1.190000000000000000e+02
1.274811744689941406e+01,1.200000000000000000e+02
1.282391238212585449e+01,1.210000000000000000e+02
1.289929795265197754e+01,1.220000000000000000e+02
1.297549843788146973e+01,1.230000000000000000e+02
1.305270195007324219e+01,1.240000000000000000e+02
1.312874317169189453e+01,1.250000000000000000e+02
1.320445203781127930e+01,1.260000000000000000e+02
1.328190898895263672e+01,1.270000000000000000e+02
1.336076569557189941e+01,1.280000000000000000e+02
1.351088237762451172e+01,1.290000000000000000e+02
1.358552932739257812e+01,1.300000000000000000e+02
1.358812904357910156e+01,1.310000000000000000e+02
1.381304550170898438e+01,1.320000000000000000e+02
1.388627314567565918e+01,1.330000000000000000e+02
1.388871192932128906e+01,1.340000000000000000e+02
1.396192860603332520e+01,1.350000000000000000e+02
1.396424055099487305e+01,1.360000000000000000e+02
1.403738760948181152e+01,1.370000000000000000e+02
1.403953170776367188e+01,1.380000000000000000e+02
1.411262631416320801e+01,1.390000000000000000e+02
1.411472868919372559e+01,1.400000000000000000e+02
1.418818712234497070e+01,1.410000000000000000e+02
1.419100594520568848e+01,1.420000000000000000e+02
1.426421713829040527e+01,1.430000000000000000e+02
1.426640200614929199e+01,1.440000000000000000e+02
1.433955836296081543e+01,1.450000000000000000e+02
1.434177398681640625e+01,1.460000000000000000e+02
1.441486549377441406e+01,1.470000000000000000e+02
1.441705894470214844e+01,1.480000000000000000e+02
1.449244785308837891e+01,1.490000000000000000e+02
1.456782078742980957e+01,1.500000000000000000e+02
1.464315366744995117e+01,1.510000000000000000e+02
1.471850514411926270e+01,1.520000000000000000e+02
1.479371953010559082e+01,1.530000000000000000e+02
1.486898422241210938e+01,1.540000000000000000e+02
1.494428515434265137e+01,1.550000000000000000e+02
1.501965022087097168e+01,1.560000000000000000e+02
1.509495925903320312e+01,1.570000000000000000e+02
1.517147421836853027e+01,1.580000000000000000e+02
1.524706506729125977e+01,1.590000000000000000e+02
1.532370519638061523e+01,1.600000000000000000e+02
1.539983534812927246e+01,1.610000000000000000e+02
1.547555875778198242e+01,1.620000000000000000e+02
1.555117106437683105e+01,1.630000000000000000e+02
1.562680292129516602e+01,1.640000000000000000e+02
1.570244216918945312e+01,1.650000000000000000e+02
1.577813076972961426e+01,1.660000000000000000e+02
1.585541009902954102e+01,1.670000000000000000e+02
1.592875719070434570e+01,1.680000000000000000e+02
1.593108630180358887e+01,1.690000000000000000e+02
1.600443792343139648e+01,1.700000000000000000e+02
1.600678181648254395e+01,1.710000000000000000e+02
1.608073353767395020e+01,1.720000000000000000e+02
1.608994340896606445e+01,1.730000000000000000e+02
1.616622161865234375e+01,1.740000000000000000e+02
1.624278426170349121e+01,1.750000000000000000e+02
1.631802916526794434e+01,1.760000000000000000e+02
1.639334416389465332e+01,1.770000000000000000e+02
1.646864676475524902e+01,1.780000000000000000e+02
1.654381227493286133e+01,1.790000000000000000e+02
1.691379833221435547e+01,1.800000000000000000e+02
1.691587710380554199e+01,1.810000000000000000e+02
1.698903369903564453e+01,1.820000000000000000e+02
1.699119806289672852e+01,1.830000000000000000e+02
1.706431770324707031e+01,1.840000000000000000e+02
1.706643605232238770e+01,1.850000000000000000e+02
1.714157295227050781e+01,1.860000000000000000e+02
1.721676349639892578e+01,1.870000000000000000e+02
1.729240179061889648e+01,1.880000000000000000e+02
1.736821317672729492e+01,1.890000000000000000e+02
1.744381785392761230e+01,1.900000000000000000e+02
1.751914262771606445e+01,1.910000000000000000e+02
1.759423756599426270e+01,1.920000000000000000e+02
1.766906309127807617e+01,1.930000000000000000e+02
1.774437212944030762e+01,1.940000000000000000e+02
1.781979560852050781e+01,1.950000000000000000e+02
1.789516568183898926e+01,1.960000000000000000e+02
1.797037506103515625e+01,1.970000000000000000e+02
1.804552984237670898e+01,1.980000000000000000e+02
1.812052178382873535e+01,1.990000000000000000e+02
1.819657897949218750e+01,2.000000000000000000e+02
1.827203249931335449e+01,2.010000000000000000e+02
1.834735274314880371e+01,2.020000000000000000e+02
1.842260313034057617e+01,2.030000000000000000e+02
1.849798655509948730e+01,2.040000000000000000e+02
1.857330107688903809e+01,2.050000000000000000e+02
1.864866662025451660e+01,2.060000000000000000e+02
1.872400045394897461e+01,2.070000000000000000e+02
1.879930090904235840e+01,2.080000000000000000e+02
1.894567704200744629e+01,2.090000000000000000e+02
1.901893997192382812e+01,2.100000000000000000e+02
1.909213924407958984e+01,2.110000000000000000e+02
1.909431433677673340e+01,2.120000000000000000e+02
1.917001795768737793e+01,2.130000000000000000e+02
1.931941342353820801e+01,2.140000000000000000e+02
1.932238197326660156e+01,2.150000000000000000e+02
1.939592266082763672e+01,2.160000000000000000e+02
1.939836812019348145e+01,2.170000000000000000e+02
1.947186875343322754e+01,2.180000000000000000e+02
1.947426843643188477e+01,2.190000000000000000e+02
1.954770040512084961e+01,2.200000000000000000e+02
1.955022788047790527e+01,2.210000000000000000e+02
1.962373280525207520e+01,2.220000000000000000e+02
1.962616777420043945e+01,2.230000000000000000e+02
1.969970011711120605e+01,2.240000000000000000e+02
1.970207166671752930e+01,2.250000000000000000e+02
1.977532172203063965e+01,2.260000000000000000e+02
1.977775025367736816e+01,2.270000000000000000e+02
1.992720127105712891e+01,2.280000000000000000e+02
2.007536911964416504e+01,2.290000000000000000e+02
2.007777976989746094e+01,2.300000000000000000e+02
2.015346121788024902e+01,2.310000000000000000e+02
2.022876739501953125e+01,2.320000000000000000e+02
2.030392074584960938e+01,2.330000000000000000e+02
2.037963747978210449e+01,2.340000000000000000e+02
2.045488739013671875e+01,2.350000000000000000e+02
2.053012275695800781e+01,2.360000000000000000e+02
2.060552024841308594e+01,2.370000000000000000e+02
2.068094396591186523e+01,2.380000000000000000e+02
2.075718092918395996e+01,2.390000000000000000e+02
2.083367228507995605e+01,2.400000000000000000e+02
2.090897917747497559e+01,2.410000000000000000e+02
2.098434567451477051e+01,2.420000000000000000e+02
2.105964136123657227e+01,2.430000000000000000e+02
2.113519358634948730e+01,2.440000000000000000e+02
2.121079111099243164e+01,2.450000000000000000e+02
2.128628897666931152e+01,2.460000000000000000e+02
2.136188054084777832e+01,2.470000000000000000e+02
2.143737649917602539e+01,2.480000000000000000e+02
2.151281499862670898e+01,2.490000000000000000e+02
2.158827972412109375e+01,2.500000000000000000e+02
2.166387343406677246e+01,2.510000000000000000e+02
2.174006867408752441e+01,2.520000000000000000e+02
2.181570267677307129e+01,2.530000000000000000e+02
2.189117074012756348e+01,2.540000000000000000e+02
2.196656942367553711e+01,2.550000000000000000e+02
2.204202508926391602e+01,2.560000000000000000e+02
2.211739659309387207e+01,2.570000000000000000e+02
2.219363427162170410e+01,2.580000000000000000e+02
2.226903462409973145e+01,2.590000000000000000e+02
2.234547924995422363e+01,2.600000000000000000e+02
2.242075991630554199e+01,2.610000000000000000e+02
2.249603462219238281e+01,2.620000000000000000e+02
2.257661080360412598e+01,2.630000000000000000e+02
2.265052556991577148e+01,2.640000000000000000e+02
2.265335774421691895e+01,2.650000000000000000e+02
2.287629342079162598e+01,2.660000000000000000e+02
2.287837338447570801e+01,2.670000000000000000e+02
2.295362043380737305e+01,2.680000000000000000e+02
2.302847051620483398e+01,2.690000000000000000e+02
2.310369920730590820e+01,2.700000000000000000e+02
2.317895674705505371e+01,2.710000000000000000e+02
2.325429344177246094e+01,2.720000000000000000e+02
2.333162021636962891e+01,2.730000000000000000e+02
2.340685176849365234e+01,2.740000000000000000e+02
2.348206949234008789e+01,2.750000000000000000e+02
2.355743288993835449e+01,2.760000000000000000e+02
2.363269448280334473e+01,2.770000000000000000e+02
2.370790338516235352e+01,2.780000000000000000e+02
2.378311991691589355e+01,2.790000000000000000e+02
2.385916113853454590e+01,2.800000000000000000e+02
2.393449592590332031e+01,2.810000000000000000e+02
2.401002526283264160e+01,2.820000000000000000e+02
2.408546137809753418e+01,2.830000000000000000e+02
2.416082835197448730e+01,2.840000000000000000e+02
2.423644328117370605e+01,2.850000000000000000e+02
2.431173086166381836e+01,2.860000000000000000e+02
2.438702726364135742e+01,2.870000000000000000e+02
2.446235108375549316e+01,2.880000000000000000e+02
2.453769516944885254e+01,2.890000000000000000e+02
2.461287355422973633e+01,2.900000000000000000e+02
2.468819117546081543e+01,2.910000000000000000e+02
2.476339745521545410e+01,2.920000000000000000e+02
2.483885574340820312e+01,2.930000000000000000e+02
2.491453504562377930e+01,2.940000000000000000e+02
2.498985767364501953e+01,2.950000000000000000e+02
2.528460764884948730e+01,2.960000000000000000e+02
2.528684782981872559e+01,2.970000000000000000e+02
2.543565297126770020e+01,2.980000000000000000e+02
2.543788743019104004e+01,2.990000000000000000e+02
2.558590674400329590e+01,3.000000000000000000e+02
2.558809614181518555e+01,3.010000000000000000e+02
2.566121840476989746e+01,3.020000000000000000e+02
2.566346144676208496e+01,3.030000000000000000e+02
2.573654508590698242e+01,3.040000000000000000e+02
2.573874926567077637e+01,3.050000000000000000e+02
2.581411385536193848e+01,3.060000000000000000e+02
2.588947725296020508e+01,3.070000000000000000e+02
2.596493816375732422e+01,3.080000000000000000e+02
2.604030513763427734e+01,3.090000000000000000e+02
2.611567902565002441e+01,3.100000000000000000e+02
2.619208717346191406e+01,3.110000000000000000e+02
2.626758694648742676e+01,3.120000000000000000e+02
2.634308385848999023e+01,3.130000000000000000e+02
2.641845560073852539e+01,3.140000000000000000e+02
2.649382138252258301e+01,3.150000000000000000e+02
2.656912136077880859e+01,3.160000000000000000e+02
2.664448738098144531e+01,3.170000000000000000e+02
2.671983146667480469e+01,3.180000000000000000e+02
2.679512977600097656e+01,3.190000000000000000e+02
2.687039661407470703e+01,3.200000000000000000e+02
2.694581985473632812e+01,3.210000000000000000e+02
2.702109694480895996e+01,3.220000000000000000e+02
2.709629797935485840e+01,3.230000000000000000e+02
2.717266130447387695e+01,3.240000000000000000e+02
2.724786257743835449e+01,3.250000000000000000e+02
2.732787775993347168e+01,3.260000000000000000e+02
2.740331816673278809e+01,3.270000000000000000e+02
2.747868633270263672e+01,3.280000000000000000e+02
2.755396842956542969e+01,3.290000000000000000e+02
2.762886071205139160e+01,3.300000000000000000e+02
2.770416283607482910e+01,3.310000000000000000e+02
2.777947831153869629e+01,3.320000000000000000e+02
2.785598158836364746e+01,3.330000000000000000e+02
2.793180584907531738e+01,3.340000000000000000e+02
2.800731492042541504e+01,3.350000000000000000e+02
2.808290600776672363e+01,3.360000000000000000e+02
2.815859103202819824e+01,3.370000000000000000e+02
2.823397159576416016e+01,3.380000000000000000e+02
2.830894541740417480e+01,3.390000000000000000e+02
2.838452076911926270e+01,3.400000000000000000e+02
2.845987653732299805e+01,3.410000000000000000e+02
2.853524255752563477e+01,3.420000000000000000e+02
2.861055946350097656e+01,3.430000000000000000e+02
2.868591070175170898e+01,3.440000000000000000e+02
2.876120519638061523e+01,3.450000000000000000e+02
2.883706951141357422e+01,3.460000000000000000e+02
2.891249918937683105e+01,3.470000000000000000e+02
2.899003243446350098e+01,3.480000000000000000e+02
2.906549525260925293e+01,3.490000000000000000e+02
2.914093947410583496e+01,3.500000000000000000e+02
2.921623563766479492e+01,3.510000000000000000e+02
2.929157805442810059e+01,3.520000000000000000e+02
2.936696529388427734e+01,3.530000000000000000e+02
2.944219589233398438e+01,3.540000000000000000e+02
2.951756668090820312e+01,3.550000000000000000e+02
2.959303879737854004e+01,3.560000000000000000e+02
2.966841554641723633e+01,3.570000000000000000e+02
2.974493432044982910e+01,3.580000000000000000e+02
2.982105278968811035e+01,3.590000000000000000e+02
2.989648723602294922e+01,3.600000000000000000e+02
2.997607159614562988e+01,3.610000000000000000e+02
3.005158448219299316e+01,3.620000000000000000e+02
3.012685608863830566e+01,3.630000000000000000e+02
3.020298218727111816e+01,3.640000000000000000e+02
3.027828335762023926e+01,3.650000000000000000e+02
3.035465812683105469e+01,3.660000000000000000e+02
3.043023467063903809e+01,3.670000000000000000e+02
3.050564336776733398e+01,3.680000000000000000e+02
3.058105158805847168e+01,3.690000000000000000e+02
3.065641427040100098e+01,3.700000000000000000e+02
3.073179912567138672e+01,3.710000000000000000e+02
3.080703043937683105e+01,3.720000000000000000e+02
3.088235306739807129e+01,3.730000000000000000e+02
3.095766878128051758e+01,3.740000000000000000e+02
3.103310847282409668e+01,3.750000000000000000e+02
3.110840940475463867e+01,3.760000000000000000e+02
3.118377280235290527e+01,3.770000000000000000e+02
3.125997686386108398e+01,3.780000000000000000e+02
3.133662319183349609e+01,3.790000000000000000e+02
3.141208219528198242e+01,3.800000000000000000e+02
3.148751258850097656e+01,3.810000000000000000e+02
3.156292939186096191e+01,3.820000000000000000e+02
3.163829064369201660e+01,3.830000000000000000e+02
3.171369600296020508e+01,3.840000000000000000e+02
3.178912043571472168e+01,3.850000000000000000e+02
3.186457467079162598e+01,3.860000000000000000e+02
3.194045186042785645e+01,3.870000000000000000e+02
3.201587843894958496e+01,3.880000000000000000e+02
3.209133601188659668e+01,3.890000000000000000e+02
3.216702222824096680e+01,3.900000000000000000e+02
3.224285054206848145e+01,3.910000000000000000e+02
3.231842470169067383e+01,3.920000000000000000e+02
3.239422893524169922e+01,3.930000000000000000e+02
3.247014594078063965e+01,3.940000000000000000e+02
3.254607534408569336e+01,3.950000000000000000e+02
3.262175297737121582e+01,3.960000000000000000e+02
3.269749689102172852e+01,3.970000000000000000e+02
3.277408099174499512e+01,3.980000000000000000e+02
3.285022711753845215e+01,3.990000000000000000e+02
3.292555928230285645e+01,4.000000000000000000e+02
3.300081110000610352e+01,4.010000000000000000e+02
3.307603025436401367e+01,4.020000000000000000e+02
3.315146636962890625e+01,4.030000000000000000e+02
3.322671866416931152e+01,4.040000000000000000e+02
3.330198740959167480e+01,4.050000000000000000e+02
3.337724375724792480e+01,4.060000000000000000e+02
3.345252418518066406e+01,4.070000000000000000e+02
3.352783727645874023e+01,4.080000000000000000e+02
3.360312795639038086e+01,4.090000000000000000e+02
3.367834138870239258e+01,4.100000000000000000e+02
3.375368309020996094e+01,4.110000000000000000e+02
3.383113598823547363e+01,4.120000000000000000e+02
3.390631842613220215e+01,4.130000000000000000e+02
3.398153877258300781e+01,4.140000000000000000e+02
3.405698585510253906e+01,4.150000000000000000e+02
3.413242173194885254e+01,4.160000000000000000e+02
3.420782852172851562e+01,4.170000000000000000e+02
3.450226974487304688e+01,4.180000000000000000e+02
3.450446200370788574e+01,4.190000000000000000e+02
3.457765221595764160e+01,4.200000000000000000e+02
3.457982325553894043e+01,4.210000000000000000e+02
3.465297389030456543e+01,4.220000000000000000e+02
3.465545606613159180e+01,4.230000000000000000e+02
3.472887516021728516e+01,4.240000000000000000e+02
3.473120379447937012e+01,4.250000000000000000e+02
3.480457377433776855e+01,4.260000000000000000e+02
3.480675721168518066e+01,4.270000000000000000e+02
3.488008427619934082e+01,4.280000000000000000e+02
3.488237476348876953e+01,4.290000000000000000e+02
3.503070044517517090e+01,4.300000000000000000e+02
3.503309464454650879e+01,4.310000000000000000e+02
3.510623621940612793e+01,4.320000000000000000e+02
3.510847067832946777e+01,4.330000000000000000e+02
3.518168115615844727e+01,4.340000000000000000e+02
3.518394899368286133e+01,4.350000000000000000e+02
3.525927543640136719e+01,4.360000000000000000e+02
3.533542346954345703e+01,4.370000000000000000e+02
3.541079664230346680e+01,4.380000000000000000e+02
3.548614406585693359e+01,4.390000000000000000e+02
3.556154561042785645e+01,4.400000000000000000e+02
3.563689899444580078e+01,4.410000000000000000e+02
3.571227431297302246e+01,4.420000000000000000e+02
3.578770112991333008e+01,4.430000000000000000e+02
3.586310553550720215e+01,4.440000000000000000e+02
3.593844580650329590e+01,4.450000000000000000e+02
3.601381754875183105e+01,4.460000000000000000e+02
3.608916187286376953e+01,4.470000000000000000e+02
3.616485238075256348e+01,4.480000000000000000e+02
3.631356549263000488e+01,4.490000000000000000e+02
3.638903760910034180e+01,4.500000000000000000e+02
3.646459221839904785e+01,4.510000000000000000e+02
3.654003000259399414e+01,4.520000000000000000e+02
3.661544585227966309e+01,4.530000000000000000e+02
3.669085907936096191e+01,4.540000000000000000e+02
3.676641416549682617e+01,4.550000000000000000e+02
3.684237504005432129e+01,4.560000000000000000e+02
3.691774749755859375e+01,4.570000000000000000e+02
3.699300456047058105e+01,4.580000000000000000e+02
3.744339704513549805e+01,4.590000000000000000e+02
3.751684641838073730e+01,4.600000000000000000e+02
3.759007143974304199e+01,4.610000000000000000e+02
3.759225440025329590e+01,4.620000000000000000e+02
3.774014639854431152e+01,4.630000000000000000e+02
3.774240183830261230e+01,4.640000000000000000e+02
3.781753492355346680e+01,4.650000000000000000e+02
3.789262318611145020e+01,4.660000000000000000e+02
3.796796417236328125e+01,4.670000000000000000e+02
3.804330468177795410e+01,4.680000000000000000e+02
3.811861872673034668e+01,4.690000000000000000e+02
3.819473910331726074e+01,4.700000000000000000e+02
3.827007460594177246e+01,4.710000000000000000e+02
3.834544157981872559e+01,4.720000000000000000e+02
3.842072224617004395e+01,4.730000000000000000e+02
3.849604487419128418e+01,4.740000000000000000e+02
3.857132172584533691e+01,4.750000000000000000e+02
3.864657759666442871e+01,4.760000000000000000e+02
3.872185015678405762e+01,4.770000000000000000e+02
3.879716467857360840e+01,4.780000000000000000e+02
3.887245678901672363e+01,4.790000000000000000e+02
3.938990807533264160e+01,4.800000000000000000e+02
3.939229917526245117e+01,4.810000000000000000e+02
3.946550536155700684e+01,4.820000000000000000e+02
3.946765804290771484e+01,4.830000000000000000e+02
3.954073238372802734e+01,4.840000000000000000e+02
3.954288625717163086e+01,4.850000000000000000e+02
3.961819481849670410e+01,4.860000000000000000e+02
3.969349336624145508e+01,4.870000000000000000e+02
3.976898670196533203e+01,4.880000000000000000e+02
3.984430050849914551e+01,4.890000000000000000e+02
3.991954493522644043e+01,4.900000000000000000e+02
3.999479365348815918e+01,4.910000000000000000e+02
4.007008266448974609e+01,4.920000000000000000e+02
4.014534354209899902e+01,4.930000000000000000e+02
4.022065138816833496e+01,4.940000000000000000e+02
4.029588675498962402e+01,4.950000000000000000e+02
4.037137627601623535e+01,4.960000000000000000e+02
4.044660758972167969e+01,4.970000000000000000e+02
4.052183604240417480e+01,4.980000000000000000e+02
4.059703612327575684e+01,4.990000000000000000e+02
4.067227578163146973e+01,5.000000000000000000e+02
4.074755287170410156e+01,5.010000000000000000e+02
4.082743930816650391e+01,5.020000000000000000e+02
4.090279674530029297e+01,5.030000000000000000e+02
4.097813153266906738e+01,5.040000000000000000e+02
4.105343198776245117e+01,5.050000000000000000e+02
4.112867403030395508e+01,5.060000000000000000e+02
4.120492506027221680e+01,5.070000000000000000e+02
4.135376834869384766e+01,5.080000000000000000e+02
4.142920470237731934e+01,5.090000000000000000e+02
4.150449132919311523e+01,5.100000000000000000e+02
4.158012890815734863e+01,5.110000000000000000e+02
4.165575957298278809e+01,5.120000000000000000e+02
4.173118591308593750e+01,5.130000000000000000e+02
4.180677080154418945e+01,5.140000000000000000e+02
4.188196110725402832e+01,5.150000000000000000e+02
4.225102400779724121e+01,5.160000000000000000e+02
4.225315403938293457e+01,5.170000000000000000e+02
4.232731747627258301e+01,5.180000000000000000e+02
4.233039402961730957e+01,5.190000000000000000e+02
4.247834610939025879e+01,5.200000000000000000e+02
4.248049879074096680e+01,5.210000000000000000e+02
4.255362629890441895e+01,5.220000000000000000e+02
4.255585551261901855e+01,5.230000000000000000e+02
4.262892150878906250e+01,5.240000000000000000e+02
4.263107681274414062e+01,5.250000000000000000e+02
4.270636653900146484e+01,5.260000000000000000e+02
4.278172469139099121e+01,5.270000000000000000e+02
4.285811591148376465e+01,5.280000000000000000e+02
4.293340253829956055e+01,5.290000000000000000e+02
4.300861120223999023e+01,5.300000000000000000e+02
4.308389544486999512e+01,5.310000000000000000e+02
4.315911102294921875e+01,5.320000000000000000e+02
4.323437356948852539e+01,5.330000000000000000e+02
4.330968570709228516e+01,5.340000000000000000e+02
4.338520431518554688e+01,5.350000000000000000e+02
4.346074914932250977e+01,5.360000000000000000e+02
4.353640580177307129e+01,5.370000000000000000e+02
4.361201715469360352e+01,5.380000000000000000e+02
4.368802070617675781e+01,5.390000000000000000e+02
4.376357412338256836e+01,5.400000000000000000e+02
4.383926677703857422e+01,5.410000000000000000e+02
4.391491127014160156e+01,5.420000000000000000e+02
4.399290442466735840e+01,5.430000000000000000e+02
4.406829285621643066e+01,5.440000000000000000e+02
4.414356732368469238e+01,5.450000000000000000e+02
4.421883201599121094e+01,5.460000000000000000e+02
4.429415559768676758e+01,5.470000000000000000e+02
4.436946010589599609e+01,5.480000000000000000e+02
4.444480919837951660e+01,5.490000000000000000e+02
4.452009129524230957e+01,5.500000000000000000e+02
4.459541821479797363e+01,5.510000000000000000e+02
4.467071700096130371e+01,5.520000000000000000e+02
4.474614667892456055e+01,5.530000000000000000e+02
4.482962393760681152e+01,5.540000000000000000e+02
4.490301632881164551e+01,5.550000000000000000e+02
4.497633934020996094e+01,5.560000000000000000e+02
4.497859573364257812e+01,5.570000000000000000e+02
4.505188965797424316e+01,5.580000000000000000e+02
4.505414652824401855e+01,5.590000000000000000e+02
4.512732124328613281e+01,5.600000000000000000e+02
4.512979936599731445e+01,5.610000000000000000e+02
4.535423469543457031e+01,5.620000000000000000e+02
4.535720944404602051e+01,5.630000000000000000e+02
4.550533103942871094e+01,5.640000000000000000e+02
4.550756216049194336e+01,5.650000000000000000e+02
4.558076596260070801e+01,5.660000000000000000e+02
4.558298301696777344e+01,5.670000000000000000e+02
4.565610527992248535e+01,5.680000000000000000e+02
4.565831685066223145e+01,5.690000000000000000e+02
4.573362851142883301e+01,5.700000000000000000e+02
4.580882906913757324e+01,5.710000000000000000e+02
4.588415980339050293e+01,5.720000000000000000e+02
4.595942974090576172e+01,5.730000000000000000e+02
4.603466391563415527e+01,5.740000000000000000e+02
4.611022877693176270e+01,5.750000000000000000e+02
4.618576216697692871e+01,5.760000000000000000e+02
4.626238226890563965e+01,5.770000000000000000e+02
4.633958029747009277e+01,5.780000000000000000e+02
4.641293573379516602e+01,5.790000000000000000e+02
4.641517090797424316e+01,5.800000000000000000e+02
4.648844432830810547e+01,5.810000000000000000e+02
4.649078655242919922e+01,5.820000000000000000e+02
4.656635832786560059e+01,5.830000000000000000e+02
4.664203953742980957e+01,5.840000000000000000e+02
4.671759819984436035e+01,5.850000000000000000e+02
4.679318666458129883e+01,5.860000000000000000e+02
4.686879301071166992e+01,5.870000000000000000e+02
4.694482278823852539e+01,5.880000000000000000e+02
4.702034282684326172e+01,5.890000000000000000e+02
4.709599494934082031e+01,5.900000000000000000e+02
4.717236948013305664e+01,5.910000000000000000e+02
4.724567031860351562e+01,5.920000000000000000e+02
4.724810338020324707e+01,5.930000000000000000e+02
4.732340168952941895e+01,5.940000000000000000e+02
4.732814860343933105e+01,5.950000000000000000e+02
4.769973373413085938e+01,5.960000000000000000e+02
4.770179843902587891e+01,5.970000000000000000e+02
4.777489876747131348e+01,5.980000000000000000e+02
4.777706122398376465e+01,5.990000000000000000e+02
4.785352134704589844e+01,6.000000000000000000e+02
4.792662811279296875e+01,6.010000000000000000e+02
4.792883419990539551e+01,6.020000000000000000e+02
4.800202441215515137e+01,6.030000000000000000e+02
4.800421810150146484e+01,6.040000000000000000e+02
4.807958364486694336e+01,6.050000000000000000e+02
4.815507268905639648e+01,6.060000000000000000e+02
4.823048400878906250e+01,6.070000000000000000e+02
4.830587387084960938e+01,6.080000000000000000e+02
4.838127303123474121e+01,6.090000000000000000e+02
4.845669388771057129e+01,6.100000000000000000e+02
4.853203368186950684e+01,6.110000000000000000e+02
4.860741853713989258e+01,6.120000000000000000e+02
4.868275284767150879e+01,6.130000000000000000e+02
4.875832080841064453e+01,6.140000000000000000e+02
4.883498668670654297e+01,6.150000000000000000e+02
4.891046524047851562e+01,6.160000000000000000e+02
4.898709416389465332e+01,6.170000000000000000e+02
4.906263422966003418e+01,6.180000000000000000e+02
4.913788962364196777e+01,6.190000000000000000e+02
4.921334552764892578e+01,6.200000000000000000e+02
4.928900671005249023e+01,6.210000000000000000e+02
4.936454343795776367e+01,6.220000000000000000e+02
4.943998360633850098e+01,6.230000000000000000e+02
4.951519536972045898e+01,6.240000000000000000e+02
4.959060502052307129e+01,6.250000000000000000e+02
4.966608405113220215e+01,6.260000000000000000e+02
4.974186897277832031e+01,6.270000000000000000e+02
4.981762981414794922e+01,6.280000000000000000e+02
4.989327883720397949e+01,6.290000000000000000e+02
4.996887850761413574e+01,6.300000000000000000e+02
5.004433131217956543e+01,6.310000000000000000e+02
5.011985707283020020e+01,6.320000000000000000e+02
5.019593691825866699e+01,6.330000000000000000e+02
5.027122640609741211e+01,6.340000000000000000e+02
5.034851598739624023e+01,6.350000000000000000e+02
5.042456412315368652e+01,6.360000000000000000e+02
5.050042057037353516e+01,6.370000000000000000e+02
5.057612490653991699e+01,6.380000000000000000e+02
5.065154480934143066e+01,6.390000000000000000e+02
5.072696661949157715e+01,6.400000000000000000e+02
5.080224061012268066e+01,6.410000000000000000e+02
5.087766885757446289e+01,6.420000000000000000e+02
5.095293951034545898e+01,6.430000000000000000e+02
5.102831578254699707e+01,6.440000000000000000e+02
5.110368013381958008e+01,6.450000000000000000e+02
5.117870259284973145e+01,6.460000000000000000e+02
5.125410199165344238e+01,6.470000000000000000e+02
5.133287596702575684e+01,6.480000000000000000e+02
5.140849041938781738e+01,6.490000000000000000e+02
5.148404741287231445e+01,6.500000000000000000e+02
5.155951666831970215e+01,6.510000000000000000e+02
5.163501262664794922e+01,6.520000000000000000e+02
5.171045780181884766e+01,6.530000000000000000e+02
5.178607463836669922e+01,6.540000000000000000e+02
5.186167955398559570e+01,6.550000000000000000e+02
5.193716955184936523e+01,6.560000000000000000e+02
5.201269292831420898e+01,6.570000000000000000e+02
5.208818221092224121e+01,6.580000000000000000e+02
5.216367483139038086e+01,6.590000000000000000e+02
5.223949432373046875e+01,6.600000000000000000e+02
5.231708884239196777e+01,6.610000000000000000e+02
5.239255118370056152e+01,6.620000000000000000e+02
5.246802091598510742e+01,6.630000000000000000e+02
5.254348683357238770e+01,6.640000000000000000e+02
5.261896920204162598e+01,6.650000000000000000e+02
5.269446444511413574e+01,6.660000000000000000e+02
5.277002215385437012e+01,6.670000000000000000e+02
5.284625506401062012e+01,6.680000000000000000e+02
5.292161011695861816e+01,6.690000000000000000e+02
5.299688076972961426e+01,6.700000000000000000e+02
5.307251453399658203e+01,6.710000000000000000e+02
5.314793515205383301e+01,6.720000000000000000e+02
5.322338414192199707e+01,6.730000000000000000e+02
5.329881596565246582e+01,6.740000000000000000e+02
5.337425541877746582e+01,6.750000000000000000e+02
5.344972467422485352e+01,6.760000000000000000e+02
5.352508640289306641e+01,6.770000000000000000e+02
5.360047173500061035e+01,6.780000000000000000e+02
5.367588305473327637e+01,6.790000000000000000e+02
5.375131416320800781e+01,6.800000000000000000e+02
5.382913064956665039e+01,6.810000000000000000e+02
5.390463876724243164e+01,6.820000000000000000e+02
5.398024272918701172e+01,6.830000000000000000e+02
5.405578732490539551e+01,6.840000000000000000e+02
5.413130855560302734e+01,6.850000000000000000e+02
5.420675086975097656e+01,6.860000000000000000e+02
5.428223419189453125e+01,6.870000000000000000e+02
5.435877299308776855e+01,6.880000000000000000e+02
5.443426513671875000e+01,6.890000000000000000e+02
5.450962233543395996e+01,6.900000000000000000e+02
5.458499598503112793e+01,6.910000000000000000e+02
5.466040873527526855e+01,6.920000000000000000e+02
5.473574519157409668e+01,6.930000000000000000e+02
5.481112599372863770e+01,6.940000000000000000e+02
5.488656330108642578e+01,6.950000000000000000e+02
5.496197080612182617e+01,6.960000000000000000e+02
5.503741407394409180e+01,6.970000000000000000e+02
5.511284422874450684e+01,6.980000000000000000e+02
5.518902611732482910e+01,6.990000000000000000e+02
5.526496648788452148e+01,7.000000000000000000e+02
5.534204006195068359e+01,7.010000000000000000e+02
5.541793465614318848e+01,7.020000000000000000e+02
5.549360060691833496e+01,7.030000000000000000e+02
5.556933021545410156e+01,7.040000000000000000e+02
5.564521336555480957e+01,7.050000000000000000e+02
5.572106957435607910e+01,7.060000000000000000e+02
5.579696846008300781e+01,7.070000000000000000e+02
5.587283658981323242e+01,7.080000000000000000e+02
5.594880867004394531e+01,7.090000000000000000e+02
5.602463865280151367e+01,7.100000000000000000e+02
5.610048961639404297e+01,7.110000000000000000e+02
5.617767620086669922e+01,7.120000000000000000e+02
5.625360178947448730e+01,7.130000000000000000e+02
5.633221936225891113e+01,7.140000000000000000e+02
5.648097658157348633e+01,7.150000000000000000e+02
5.655449104309082031e+01,7.160000000000000000e+02
5.655679631233215332e+01,7.170000000000000000e+02
5.662993097305297852e+01,7.180000000000000000e+02
5.663232135772705078e+01,7.190000000000000000e+02
5.670583510398864746e+01,7.200000000000000000e+02
5.670808076858520508e+01,7.210000000000000000e+02
5.678132247924804688e+01,7.220000000000000000e+02
5.678381228446960449e+01,7.230000000000000000e+02
5.685752511024475098e+01,7.240000000000000000e+02
5.686065506935119629e+01,7.250000000000000000e+02
5.700922989845275879e+01,7.260000000000000000e+02
5.701168680191040039e+01,7.270000000000000000e+02
5.715999794006347656e+01,7.280000000000000000e+02
5.716222357749938965e+01,7.290000000000000000e+02
5.723529529571533203e+01,7.300000000000000000e+02
5.723757195472717285e+01,7.310000000000000000e+02
5.731292819976806641e+01,7.320000000000000000e+02
5.738825988769531250e+01,7.330000000000000000e+02
5.746360802650451660e+01,7.340000000000000000e+02
5.753893661499023438e+01,7.350000000000000000e+02
5.761432790756225586e+01,7.360000000000000000e+02
5.768972349166870117e+01,7.370000000000000000e+02
5.776512408256530762e+01,7.380000000000000000e+02
5.784101223945617676e+01,7.390000000000000000e+02
5.791631579399108887e+01,7.400000000000000000e+02
5.799159240722656250e+01,7.410000000000000000e+02
5.806688618659973145e+01,7.420000000000000000e+02
5.814222264289855957e+01,7.430000000000000000e+02
5.821753978729248047e+01,7.440000000000000000e+02
5.829296636581420898e+01,7.450000000000000000e+02
5.836836314201354980e+01,7.460000000000000000e+02
5.844371986389160156e+01,7.470000000000000000e+02
5.851904439926147461e+01,7.480000000000000000e+02
5.859439229965209961e+01,7.490000000000000000e+02
5.866968464851379395e+01,7.500000000000000000e+02
5.874497532844543457e+01,7.510000000000000000e+02
5.882067275047302246e+01,7.520000000000000000e+02
5.889611577987670898e+01,7.530000000000000000e+02
5.897145748138427734e+01,7.540000000000000000e+02
5.904685711860656738e+01,7.550000000000000000e+02
5.926630353927612305e+01,7.560000000000000000e+02
5.933983707427978516e+01,7.570000000000000000e+02
5.934210467338562012e+01,7.580000000000000000e+02
5.941524267196655273e+01,7.590000000000000000e+02
5.941749787330627441e+01,7.600000000000000000e+02
5.949057579040527344e+01,7.610000000000000000e+02
5.949279212951660156e+01,7.620000000000000000e+02
5.956815576553344727e+01,7.630000000000000000e+02
5.964347672462463379e+01,7.640000000000000000e+02
5.971878528594970703e+01,7.650000000000000000e+02
5.979409694671630859e+01,7.660000000000000000e+02
5.987623906135559082e+01,7.670000000000000000e+02
7.591748237609863281e-02,1.000000000000000000e+00
2.247977256774902344e-01,2.000000000000000000e+00
3.001182079315185547e-01,3.000000000000000000e+00
3.760206699371337891e-01,4.000000000000000000e+00
4.517271518707275391e-01,5.000000000000000000e+00
5.277032852172851562e-01,6.000000000000000000e+00
6.035258769989013672e-01,7.000000000000000000e+00
6.792333126068115234e-01,8.000000000000000000e+00
7.526569366455078125e-01,9.000000000000000000e+00
7.549803256988525391e-01,1.000000000000000000e+01
8.283183574676513672e-01,1.100000000000000000e+01
8.306617736816406250e-01,1.200000000000000000e+01
9.040601253509521484e-01,1.300000000000000000e+01
9.063894748687744141e-01,1.400000000000000000e+01
9.795029163360595703e-01,1.500000000000000000e+01
9.817330837249755859e-01,1.600000000000000000e+01
1.057150363922119141e+00,1.700000000000000000e+01
1.132472276687622070e+00,1.800000000000000000e+01
1.207843542098999023e+00,1.900000000000000000e+01
1.284200429916381836e+00,2.000000000000000000e+01
1.359447956085205078e+00,2.100000000000000000e+01
1.434739112854003906e+00,2.200000000000000000e+01
1.510161638259887695e+00,2.300000000000000000e+01
1.585469007492065430e+00,2.400000000000000000e+01
1.660796165466308594e+00,2.500000000000000000e+01
1.736199617385864258e+00,2.600000000000000000e+01
1.812240600585937500e+00,2.700000000000000000e+01
1.887480258941650391e+00,2.800000000000000000e+01
1.962739467620849609e+00,2.900000000000000000e+01
2.037929296493530273e+00,3.000000000000000000e+01
2.113234519958496094e+00,3.100000000000000000e+01
2.188402414321899414e+00,3.200000000000000000e+01
2.263598442077636719e+00,3.300000000000000000e+01
2.338895320892333984e+00,3.400000000000000000e+01
2.414208650588989258e+00,3.500000000000000000e+01
2.489366054534912109e+00,3.600000000000000000e+01
2.564691305160522461e+00,3.700000000000000000e+01
2.639951944351196289e+00,3.800000000000000000e+01
2.715856552124023438e+00,3.900000000000000000e+01
2.791984081268310547e+00,4.000000000000000000e+01
2.867284774780273438e+00,4.100000000000000000e+01
2.942492008209228516e+00,4.200000000000000000e+01
3.017723321914672852e+00,4.300000000000000000e+01
3.237446069717407227e+00,4.400000000000000000e+01
3.310652732849121094e+00,4.500000000000000000e+01
3.312978982925415039e+00,4.600000000000000000e+01
3.386112451553344727e+00,4.700000000000000000e+01
3.388350963592529297e+00,4.800000000000000000e+01
3.463590145111083984e+00,4.900000000000000000e+01
3.538826227188110352e+00,5.000000000000000000e+01
3.614124298095703125e+00,5.100000000000000000e+01
3.689425706863403320e+00,5.200000000000000000e+01
3.764981508255004883e+00,5.300000000000000000e+01
3.840622425079345703e+00,5.400000000000000000e+01
3.916129827499389648e+00,5.500000000000000000e+01
3.991796970367431641e+00,5.600000000000000000e+01
4.067611694335937500e+00,5.700000000000000000e+01
4.144385099411010742e+00,5.800000000000000000e+01
4.220166206359863281e+00,5.900000000000000000e+01
4.296712398529052734e+00,6.000000000000000000e+01
4.372035503387451172e+00,6.100000000000000000e+01
4.447281837463378906e+00,6.200000000000000000e+01
4.522617340087890625e+00,6.300000000000000000e+01
4.597963809967041016e+00,6.400000000000000000e+01
4.673345327377319336e+00,6.500000000000000000e+01
4.748526811599731445e+00,6.600000000000000000e+01
4.828569412231445312e+00,6.700000000000000000e+01
4.907826185226440430e+00,6.800000000000000000e+01
4.918634176254272461e+00,6.900000000000000000e+01
4.991801500320434570e+00,7.000000000000000000e+01
4.993901252746582031e+00,7.100000000000000000e+01
5.066972017288208008e+00,7.200000000000000000e+01
5.069086790084838867e+00,7.300000000000000000e+01
5.142602443695068359e+00,7.400000000000000000e+01
5.145270347595214844e+00,7.500000000000000000e+01
5.218415498733520508e+00,7.600000000000000000e+01
5.220552921295166016e+00,7.700000000000000000e+01
5.293772935867309570e+00,7.800000000000000000e+01
5.295952796936035156e+00,7.900000000000000000e+01
5.536380052566528320e+00,8.000000000000000000e+01
5.615066528320312500e+00,8.100000000000000000e+01
5.699553012847900391e+00,8.200000000000000000e+01
5.705421924591064453e+00,8.300000000000000000e+01
5.782631158828735352e+00,8.400000000000000000e+01
5.796313047409057617e+00,8.500000000000000000e+01
5.870451450347900391e+00,8.600000000000000000e+01
5.875229835510253906e+00,8.700000000000000000e+01
5.961966037750244141e+00,8.800000000000000000e+01
5.982364654541015625e+00,8.900000000000000000e+01
6.069458246231079102e+00,9.000000000000000000e+01
6.234730482101440430e+00,9.100000000000000000e+01
6.240988492965698242e+00,9.200000000000000000e+01
6.336609601974487305e+00,9.300000000000000000e+01
6.420361042022705078e+00,9.400000000000000000e+01
6.497083663940429688e+00,9.500000000000000000e+01
6.572127819061279297e+00,9.600000000000000000e+01
6.724560976028442383e+00,9.700000000000000000e+01
6.815749883651733398e+00,9.800000000000000000e+01
6.995383977890014648e+00,9.900000000000000000e+01
7.246516942977905273e+00,1.000000000000000000e+02
7.256386756896972656e+00,1.010000000000000000e+02
7.343220949172973633e+00,1.020000000000000000e+02
7.418986320495605469e+00,1.030000000000000000e+02
7.503825664520263672e+00,1.040000000000000000e+02
7.582669973373413086e+00,1.050000000000000000e+02
7.732235431671142578e+00,1.060000000000000000e+02
7.734975814819335938e+00,1.070000000000000000e+02
7.808401584625244141e+00,1.080000000000000000e+02
7.810840845108032227e+00,1.090000000000000000e+02
8.034621477127075195e+00,1.100000000000000000e+02
8.037132740020751953e+00,1.110000000000000000e+02
8.110477209091186523e+00,1.120000000000000000e+02
8.112882375717163086e+00,1.130000000000000000e+02
8.186273097991943359e+00,1.140000000000000000e+02
8.188629388809204102e+00,1.150000000000000000e+02
8.261987686157226562e+00,1.160000000000000000e+02
8.264312267303466797e+00,1.170000000000000000e+02
8.488096714019775391e+00,1.180000000000000000e+02
8.490769147872924805e+00,1.190000000000000000e+02
8.564125776290893555e+00,1.200000000000000000e+02
8.566405057907104492e+00,1.210000000000000000e+02
8.714844942092895508e+00,1.220000000000000000e+02
8.717708110809326172e+00,1.230000000000000000e+02
8.792275428771972656e+00,1.240000000000000000e+02
8.795064926147460938e+00,1.250000000000000000e+02
8.868300437927246094e+00,1.260000000000000000e+02
8.944036960601806641e+00,1.270000000000000000e+02
8.946620464324951172e+00,1.280000000000000000e+02
9.169463634490966797e+00,1.290000000000000000e+02
9.171671152114868164e+00,1.300000000000000000e+02
9.244807243347167969e+00,1.310000000000000000e+02
9.247036695480346680e+00,1.320000000000000000e+02
9.320131778717041016e+00,1.330000000000000000e+02
9.322362422943115234e+00,1.340000000000000000e+02
9.395413160324096680e+00,1.350000000000000000e+02
9.397680044174194336e+00,1.360000000000000000e+02
9.472981929779052734e+00,1.370000000000000000e+02
9.548333406448364258e+00,1.380000000000000000e+02
9.623686552047729492e+00,1.390000000000000000e+02
9.699170112609863281e+00,1.400000000000000000e+02
9.775710821151733398e+00,1.410000000000000000e+02
9.851436376571655273e+00,1.420000000000000000e+02
9.927085638046264648e+00,1.430000000000000000e+02
1.000237607955932617e+01,1.440000000000000000e+02
1.007754874229431152e+01,1.450000000000000000e+02
1.015358805656433105e+01,1.460000000000000000e+02
1.022893214225769043e+01,1.470000000000000000e+02
1.030427622795104980e+01,1.480000000000000000e+02
1.037957000732421875e+01,1.490000000000000000e+02
1.045481252670288086e+01,1.500000000000000000e+02
1.053083872795104980e+01,1.510000000000000000e+02
1.060693025588989258e+01,1.520000000000000000e+02
1.068289661407470703e+01,1.530000000000000000e+02
1.075853538513183594e+01,1.540000000000000000e+02
1.083444523811340332e+01,1.550000000000000000e+02
1.091018033027648926e+01,1.560000000000000000e+02
1.098585605621337891e+01,1.570000000000000000e+02
1.106156802177429199e+01,1.580000000000000000e+02
1.113736391067504883e+01,1.590000000000000000e+02
1.121327137947082520e+01,1.600000000000000000e+02
1.128881525993347168e+01,1.610000000000000000e+02
1.136416196823120117e+01,1.620000000000000000e+02
1.143947887420654297e+01,1.630000000000000000e+02
1.151482629776000977e+01,1.640000000000000000e+02
1.159014511108398438e+01,1.650000000000000000e+02
1.166534996032714844e+01,1.660000000000000000e+02
1.174064016342163086e+01,1.670000000000000000e+02
1.182360458374023438e+01,1.680000000000000000e+02
1.190352392196655273e+01,1.690000000000000000e+02
1.197908520698547363e+01,1.700000000000000000e+02
1.205462574958801270e+01,1.710000000000000000e+02
1.213011240959167480e+01,1.720000000000000000e+02
1.242552852630615234e+01,1.730000000000000000e+02
1.250072240829467773e+01,1.740000000000000000e+02
1.257573723793029785e+01,1.750000000000000000e+02
1.265110063552856445e+01,1.760000000000000000e+02
1.272658324241638184e+01,1.770000000000000000e+02
1.280355334281921387e+01,1.780000000000000000e+02
1.287670493125915527e+01,1.790000000000000000e+02
1.287893319129943848e+01,1.800000000000000000e+02
1.295417571067810059e+01,1.810000000000000000e+02
1.302952575683593750e+01,1.820000000000000000e+02
1.310490012168884277e+01,1.830000000000000000e+02
1.318024373054504395e+01,1.840000000000000000e+02
1.325578594207763672e+01,1.850000000000000000e+02
1.333110928535461426e+01,1.860000000000000000e+02
1.340638899803161621e+01,1.870000000000000000e+02
1.348165035247802734e+01,1.880000000000000000e+02
1.355696058273315430e+01,1.890000000000000000e+02
1.363224124908447266e+01,1.900000000000000000e+02
1.370752048492431641e+01,1.910000000000000000e+02
1.378379106521606445e+01,1.920000000000000000e+02
1.385889506340026855e+01,1.930000000000000000e+02
1.393432688713073730e+01,1.940000000000000000e+02
1.400964260101318359e+01,1.950000000000000000e+02
1.408499455451965332e+01,1.960000000000000000e+02
1.416032147407531738e+01,1.970000000000000000e+02
1.423561310768127441e+01,1.980000000000000000e+02
1.431156682968139648e+01,1.990000000000000000e+02
1.438685727119445801e+01,2.000000000000000000e+02
1.446212792396545410e+01,2.010000000000000000e+02
1.453759741783142090e+01,2.020000000000000000e+02
1.461286330223083496e+01,2.030000000000000000e+02
1.468811774253845215e+01,2.040000000000000000e+02
1.490770363807678223e+01,2.050000000000000000e+02
1.498296236991882324e+01,2.060000000000000000e+02
1.505793642997741699e+01,2.070000000000000000e+02
1.513330984115600586e+01,2.080000000000000000e+02
1.520861625671386719e+01,2.090000000000000000e+02
1.528501343727111816e+01,2.100000000000000000e+02
1.536014008522033691e+01,2.110000000000000000e+02
1.543537640571594238e+01,2.120000000000000000e+02
1.551063370704650879e+01,2.130000000000000000e+02
1.558587789535522461e+01,2.140000000000000000e+02
1.566119670867919922e+01,2.150000000000000000e+02
1.573654913902282715e+01,2.160000000000000000e+02
1.581184029579162598e+01,2.170000000000000000e+02
1.588701534271240234e+01,2.180000000000000000e+02
1.596241068840026855e+01,2.190000000000000000e+02
1.603781342506408691e+01,2.200000000000000000e+02
1.611319684982299805e+01,2.210000000000000000e+02
1.618852877616882324e+01,2.220000000000000000e+02
1.626373553276062012e+01,2.230000000000000000e+02
1.633901858329772949e+01,2.240000000000000000e+02
1.641427016258239746e+01,2.250000000000000000e+02
1.648941922187805176e+01,2.260000000000000000e+02
1.663578844070434570e+01,2.270000000000000000e+02
1.670899105072021484e+01,2.280000000000000000e+02
1.678262448310852051e+01,2.290000000000000000e+02
1.678555321693420410e+01,2.300000000000000000e+02
1.685861086845397949e+01,2.310000000000000000e+02
1.686081171035766602e+01,2.320000000000000000e+02
1.693394160270690918e+01,2.330000000000000000e+02
1.693605494499206543e+01,2.340000000000000000e+02
1.700918459892272949e+01,2.350000000000000000e+02
1.701135277748107910e+01,2.360000000000000000e+02
1.708715796470642090e+01,2.370000000000000000e+02
1.716063094139099121e+01,2.380000000000000000e+02
1.716298913955688477e+01,2.390000000000000000e+02
1.723854351043701172e+01,2.400000000000000000e+02
1.731152129173278809e+01,2.410000000000000000e+02
1.731387782096862793e+01,2.420000000000000000e+02
1.738994884490966797e+01,2.430000000000000000e+02
1.746329951286315918e+01,2.440000000000000000e+02
1.746577954292297363e+01,2.450000000000000000e+02
1.753910136222839355e+01,2.460000000000000000e+02
1.754153704643249512e+01,2.470000000000000000e+02
1.761471319198608398e+01,2.480000000000000000e+02
1.761711740493774414e+01,2.490000000000000000e+02
1.769039583206176758e+01,2.500000000000000000e+02
1.769275498390197754e+01,2.510000000000000000e+02
1.776611995697021484e+01,2.520000000000000000e+02
1.776841616630554199e+01,2.530000000000000000e+02
1.784180665016174316e+01,2.540000000000000000e+02
1.784409117698669434e+01,2.550000000000000000e+02
1.791733002662658691e+01,2.560000000000000000e+02
1.791962766647338867e+01,2.570000000000000000e+02
1.799525713920593262e+01,2.580000000000000000e+02
1.807084393501281738e+01,2.590000000000000000e+02
1.814712953567504883e+01,2.600000000000000000e+02
1.822018790245056152e+01,2.610000000000000000e+02
1.822243618965148926e+01,2.620000000000000000e+02
1.829555583000183105e+01,2.630000000000000000e+02
1.829805994033813477e+01,2.640000000000000000e+02
1.837353634834289551e+01,2.650000000000000000e+02
1.844887995719909668e+01,2.660000000000000000e+02
1.852424240112304688e+01,2.670000000000000000e+02
1.859952521324157715e+01,2.680000000000000000e+02
1.867485952377319336e+01,2.690000000000000000e+02
1.875015306472778320e+01,2.700000000000000000e+02
1.882537841796875000e+01,2.710000000000000000e+02
1.890042448043823242e+01,2.720000000000000000e+02
1.905122661590576172e+01,2.730000000000000000e+02
1.912804222106933594e+01,2.740000000000000000e+02
1.920490598678588867e+01,2.750000000000000000e+02
1.929634594917297363e+01,2.760000000000000000e+02
1.937377929687500000e+01,2.770000000000000000e+02
1.944718384742736816e+01,2.780000000000000000e+02
1.944965863227844238e+01,2.790000000000000000e+02
1.952306914329528809e+01,2.800000000000000000e+02
1.952545785903930664e+01,2.810000000000000000e+02
1.959871339797973633e+01,2.820000000000000000e+02
1.960108327865600586e+01,2.830000000000000000e+02
1.967442345619201660e+01,2.840000000000000000e+02
1.967682337760925293e+01,2.850000000000000000e+02
1.975022172927856445e+01,2.860000000000000000e+02
1.975277662277221680e+01,2.870000000000000000e+02
1.982599139213562012e+01,2.880000000000000000e+02
1.982819795608520508e+01,2.890000000000000000e+02
1.990140628814697266e+01,2.900000000000000000e+02
1.990361881256103516e+01,2.910000000000000000e+02
1.997690343856811523e+01,2.920000000000000000e+02
1.997901773452758789e+01,2.930000000000000000e+02
2.005219602584838867e+01,2.940000000000000000e+02
2.005444574356079102e+01,2.950000000000000000e+02
2.020270347595214844e+01,2.960000000000000000e+02
2.020492959022521973e+01,2.970000000000000000e+02
2.028187561035156250e+01,2.980000000000000000e+02
2.042991161346435547e+01,2.990000000000000000e+02
2.043200182914733887e+01,3.000000000000000000e+02
2.050736927986145020e+01,3.010000000000000000e+02
2.058255410194396973e+01,3.020000000000000000e+02
2.065862202644348145e+01,3.030000000000000000e+02
2.073416805267333984e+01,3.040000000000000000e+02
2.081001806259155273e+01,3.050000000000000000e+02
2.088801670074462891e+01,3.060000000000000000e+02
2.096341300010681152e+01,3.070000000000000000e+02
2.096594524383544922e+01,3.080000000000000000e+02
2.111386489868164062e+01,3.090000000000000000e+02
2.111638498306274414e+01,3.100000000000000000e+02
2.126554703712463379e+01,3.110000000000000000e+02
2.134350204467773438e+01,3.120000000000000000e+02
2.134708213806152344e+01,3.130000000000000000e+02
2.150067925453186035e+01,3.140000000000000000e+02
2.157812809944152832e+01,3.150000000000000000e+02
2.165405130386352539e+01,3.160000000000000000e+02
2.173376274108886719e+01,3.170000000000000000e+02
2.180937600135803223e+01,3.180000000000000000e+02
2.188613367080688477e+01,3.190000000000000000e+02
2.196129631996154785e+01,3.200000000000000000e+02
2.196394276618957520e+01,3.210000000000000000e+02
2.203775763511657715e+01,3.220000000000000000e+02
2.211164236068725586e+01,3.230000000000000000e+02
2.211421394348144531e+01,3.240000000000000000e+02
2.218910312652587891e+01,3.250000000000000000e+02
2.219212913513183594e+01,3.260000000000000000e+02
2.226709222793579102e+01,3.270000000000000000e+02
2.234055614471435547e+01,3.280000000000000000e+02
2.241547727584838867e+01,3.290000000000000000e+02
2.241850638389587402e+01,3.300000000000000000e+02
2.264242625236511230e+01,3.310000000000000000e+02
2.264526724815368652e+01,3.320000000000000000e+02
2.279427790641784668e+01,3.330000000000000000e+02
2.286759567260742188e+01,3.340000000000000000e+02
2.286980915069580078e+01,3.350000000000000000e+02
2.294498062133789062e+01,3.360000000000000000e+02
2.301994919776916504e+01,3.370000000000000000e+02
2.309515857696533203e+01,3.380000000000000000e+02
2.317042303085327148e+01,3.390000000000000000e+02
2.324570870399475098e+01,3.400000000000000000e+02
2.332100725173950195e+01,3.410000000000000000e+02
2.339628839492797852e+01,3.420000000000000000e+02
2.347161293029785156e+01,3.430000000000000000e+02
2.354678893089294434e+01,3.440000000000000000e+02
2.362202763557434082e+01,3.450000000000000000e+02
2.369761347770690918e+01,3.460000000000000000e+02
2.377353119850158691e+01,3.470000000000000000e+02
2.384890246391296387e+01,3.480000000000000000e+02
2.392405915260314941e+01,3.490000000000000000e+02
2.399941182136535645e+01,3.500000000000000000e+02
2.407478761672973633e+01,3.510000000000000000e+02
2.415115928649902344e+01,3.520000000000000000e+02
2.422644972801208496e+01,3.530000000000000000e+02
2.430302786827087402e+01,3.540000000000000000e+02
2.437841916084289551e+01,3.550000000000000000e+02
2.445356082916259766e+01,3.560000000000000000e+02
2.452894401550292969e+01,3.570000000000000000e+02
2.460432553291320801e+01,3.580000000000000000e+02
2.467954277992248535e+01,3.590000000000000000e+02
2.475488853454589844e+01,3.600000000000000000e+02
2.483013033866882324e+01,3.610000000000000000e+02
2.490773940086364746e+01,3.620000000000000000e+02
2.498304271697998047e+01,3.630000000000000000e+02
2.505823016166687012e+01,3.640000000000000000e+02
2.515412688255310059e+01,3.650000000000000000e+02
2.522935652732849121e+01,3.660000000000000000e+02
2.530578875541687012e+01,3.670000000000000000e+02
2.538102912902832031e+01,3.680000000000000000e+02
2.545630288124084473e+01,3.690000000000000000e+02
2.553153800964355469e+01,3.700000000000000000e+02
2.560669612884521484e+01,3.710000000000000000e+02
2.568191266059875488e+01,3.720000000000000000e+02
2.575719928741455078e+01,3.730000000000000000e+02
2.583246898651123047e+01,3.740000000000000000e+02
2.590789890289306641e+01,3.750000000000000000e+02
2.598316311836242676e+01,3.760000000000000000e+02
2.605840945243835449e+01,3.770000000000000000e+02
2.613368296623229980e+01,3.780000000000000000e+02
2.620897912979125977e+01,3.790000000000000000e+02
2.628533697128295898e+01,3.800000000000000000e+02
2.636069655418395996e+01,3.810000000000000000e+02
2.643599057197570801e+01,3.820000000000000000e+02
2.651136183738708496e+01,3.830000000000000000e+02
2.658650612831115723e+01,3.840000000000000000e+02
2.666179656982421875e+01,3.850000000000000000e+02
2.673713278770446777e+01,3.860000000000000000e+02
2.682002234458923340e+01,3.870000000000000000e+02
2.689629602432250977e+01,3.880000000000000000e+02
2.690280675888061523e+01,3.890000000000000000e+02
2.712328958511352539e+01,3.900000000000000000e+02
2.712625193595886230e+01,3.910000000000000000e+02
2.719954800605773926e+01,3.920000000000000000e+02
2.727290916442871094e+01,3.930000000000000000e+02
2.727544474601745605e+01,3.940000000000000000e+02
2.734879732131958008e+01,3.950000000000000000e+02
2.735099649429321289e+01,3.960000000000000000e+02
2.749893832206726074e+01,3.970000000000000000e+02
2.750115466117858887e+01,3.980000000000000000e+02
2.757427120208740234e+01,3.990000000000000000e+02
2.757647824287414551e+01,4.000000000000000000e+02
2.765178465843200684e+01,4.010000000000000000e+02
2.772709703445434570e+01,4.020000000000000000e+02
2.780333423614501953e+01,4.030000000000000000e+02
2.787899851799011230e+01,4.040000000000000000e+02
2.795435285568237305e+01,4.050000000000000000e+02
2.802978348731994629e+01,4.060000000000000000e+02
2.810526227951049805e+01,4.070000000000000000e+02
2.818072414398193359e+01,4.080000000000000000e+02
2.825618386268615723e+01,4.090000000000000000e+02
2.833157444000244141e+01,4.100000000000000000e+02
2.840701174736022949e+01,4.110000000000000000e+02
2.848242425918579102e+01,4.120000000000000000e+02
2.855785703659057617e+01,4.130000000000000000e+02
2.863318443298339844e+01,4.140000000000000000e+02
2.870851874351501465e+01,4.150000000000000000e+02
2.878497052192687988e+01,4.160000000000000000e+02
2.886018633842468262e+01,4.170000000000000000e+02
2.893549752235412598e+01,4.180000000000000000e+02
2.901088595390319824e+01,4.190000000000000000e+02
2.908628344535827637e+01,4.200000000000000000e+02
2.916165041923522949e+01,4.210000000000000000e+02
2.923700213432312012e+01,4.220000000000000000e+02
2.931326365470886230e+01,4.230000000000000000e+02
2.938857388496398926e+01,4.240000000000000000e+02
2.946387696266174316e+01,4.250000000000000000e+02
2.953919386863708496e+01,4.260000000000000000e+02
2.961440467834472656e+01,4.270000000000000000e+02
2.968957996368408203e+01,4.280000000000000000e+02
2.976472091674804688e+01,4.290000000000000000e+02
2.983994364738464355e+01,4.300000000000000000e+02
3.005944824218750000e+01,4.310000000000000000e+02
3.013262248039245605e+01,4.320000000000000000e+02
3.013477468490600586e+01,4.330000000000000000e+02
3.021018028259277344e+01,4.340000000000000000e+02
3.028635478019714355e+01,4.350000000000000000e+02
3.035947418212890625e+01,4.360000000000000000e+02
3.036167454719543457e+01,4.370000000000000000e+02
3.043709325790405273e+01,4.380000000000000000e+02
3.051241636276245117e+01,4.390000000000000000e+02
3.058777332305908203e+01,4.400000000000000000e+02
3.066302251815795898e+01,4.410000000000000000e+02
3.073834443092346191e+01,4.420000000000000000e+02
3.081371235847473145e+01,4.430000000000000000e+02
3.088901805877685547e+01,4.440000000000000000e+02
3.096431803703308105e+01,4.450000000000000000e+02
3.103970527648925781e+01,4.460000000000000000e+02
3.111501336097717285e+01,4.470000000000000000e+02
3.119035863876342773e+01,4.480000000000000000e+02
3.126559877395629883e+01,4.490000000000000000e+02
3.134091019630432129e+01,4.500000000000000000e+02
3.141620826721191406e+01,4.510000000000000000e+02
3.149150228500366211e+01,4.520000000000000000e+02
3.156684970855712891e+01,4.530000000000000000e+02
3.164214158058166504e+01,4.540000000000000000e+02
3.171749544143676758e+01,4.550000000000000000e+02
3.179357028007507324e+01,4.560000000000000000e+02
3.186923742294311523e+01,4.570000000000000000e+02
3.194472861289978027e+01,4.580000000000000000e+02
3.207881903648376465e+01,4.590000000000000000e+02
3.208104920387268066e+01,4.600000000000000000e+02
3.215432715415954590e+01,4.610000000000000000e+02
3.215656876564025879e+01,4.620000000000000000e+02
3.225221085548400879e+01,4.630000000000000000e+02
3.232788276672363281e+01,4.640000000000000000e+02
3.240343761444091797e+01,4.650000000000000000e+02
3.247889447212219238e+01,4.660000000000000000e+02
3.255416703224182129e+01,4.670000000000000000e+02
3.262963080406188965e+01,4.680000000000000000e+02
3.288977146148681641e+01,4.690000000000000000e+02
3.296291017532348633e+01,4.700000000000000000e+02
3.296508145332336426e+01,4.710000000000000000e+02
3.304041266441345215e+01,4.720000000000000000e+02
3.311578965187072754e+01,4.730000000000000000e+02
3.319118189811706543e+01,4.740000000000000000e+02
3.326650929450988770e+01,4.750000000000000000e+02
3.349419832229614258e+01,4.760000000000000000e+02
3.349654722213745117e+01,4.770000000000000000e+02
3.381172156333923340e+01,4.780000000000000000e+02
3.381393170356750488e+01,4.790000000000000000e+02
3.396244072914123535e+01,4.800000000000000000e+02
3.396487045288085938e+01,4.810000000000000000e+02
3.403849387168884277e+01,4.820000000000000000e+02
3.404077386856079102e+01,4.830000000000000000e+02
3.418896222114562988e+01,4.840000000000000000e+02
3.419113683700561523e+01,4.850000000000000000e+02
3.426648831367492676e+01,4.860000000000000000e+02
3.434201192855834961e+01,4.870000000000000000e+02
3.441736984252929688e+01,4.880000000000000000e+02
3.456604886054992676e+01,4.890000000000000000e+02
3.464171361923217773e+01,4.900000000000000000e+02
3.471743392944335938e+01,4.910000000000000000e+02
3.479681301116943359e+01,4.920000000000000000e+02
3.487042975425720215e+01,4.930000000000000000e+02
3.487298488616943359e+01,4.940000000000000000e+02
3.502169275283813477e+01,4.950000000000000000e+02
3.502405858039855957e+01,4.960000000000000000e+02
3.509740614891052246e+01,4.970000000000000000e+02
3.509962177276611328e+01,4.980000000000000000e+02
3.517504215240478516e+01,4.990000000000000000e+02
3.525051116943359375e+01,5.000000000000000000e+02
3.532575702667236328e+01,5.010000000000000000e+02
3.540103125572204590e+01,5.020000000000000000e+02
3.547624087333679199e+01,5.030000000000000000e+02
3.555155658721923828e+01,5.040000000000000000e+02
3.562675595283508301e+01,5.050000000000000000e+02
3.570308327674865723e+01,5.060000000000000000e+02
3.578028154373168945e+01,5.070000000000000000e+02
3.585566687583923340e+01,5.080000000000000000e+02
3.593097329139709473e+01,5.090000000000000000e+02
3.600638031959533691e+01,5.100000000000000000e+02
3.608183169364929199e+01,5.110000000000000000e+02
3.615722084045410156e+01,5.120000000000000000e+02
3.623260235786437988e+01,5.130000000000000000e+02
3.630924487113952637e+01,5.140000000000000000e+02
3.638473558425903320e+01,5.150000000000000000e+02
3.646022510528564453e+01,5.160000000000000000e+02
3.668240022659301758e+01,5.170000000000000000e+02
3.675785541534423828e+01,5.180000000000000000e+02
3.683333492279052734e+01,5.190000000000000000e+02
3.694713354110717773e+01,5.200000000000000000e+02
3.726365327835083008e+01,5.210000000000000000e+02
3.726589226722717285e+01,5.220000000000000000e+02
3.733898138999938965e+01,5.230000000000000000e+02
3.734137368202209473e+01,5.240000000000000000e+02
3.741450095176696777e+01,5.250000000000000000e+02
3.741673874855041504e+01,5.260000000000000000e+02
3.748985886573791504e+01,5.270000000000000000e+02
3.749207186698913574e+01,5.280000000000000000e+02
3.764200878143310547e+01,5.290000000000000000e+02
3.771701288223266602e+01,5.300000000000000000e+02
3.779055476188659668e+01,5.310000000000000000e+02
3.779280543327331543e+01,5.320000000000000000e+02
3.786821079254150391e+01,5.330000000000000000e+02
3.803475856781005859e+01,5.340000000000000000e+02
3.811018896102905273e+01,5.350000000000000000e+02
3.825866198539733887e+01,5.360000000000000000e+02
3.847819161415100098e+01,5.370000000000000000e+02
3.855136799812316895e+01,5.380000000000000000e+02
3.871802759170532227e+01,5.390000000000000000e+02
3.879189014434814453e+01,5.400000000000000000e+02
3.886744022369384766e+01,5.410000000000000000e+02
3.894449210166931152e+01,5.420000000000000000e+02
3.901758646965026855e+01,5.430000000000000000e+02
3.901978445053100586e+01,5.440000000000000000e+02
3.909524893760681152e+01,5.450000000000000000e+02
3.917056322097778320e+01,5.460000000000000000e+02
3.924595355987548828e+01,5.470000000000000000e+02
3.932131338119506836e+01,5.480000000000000000e+02
3.939441347122192383e+01,5.490000000000000000e+02
3.939661574363708496e+01,5.500000000000000000e+02
3.947195029258728027e+01,5.510000000000000000e+02
3.954731011390686035e+01,5.520000000000000000e+02
3.962260866165161133e+01,5.530000000000000000e+02
3.969804024696350098e+01,5.540000000000000000e+02
3.977401423454284668e+01,5.550000000000000000e+02
3.992395925521850586e+01,5.560000000000000000e+02
4.020529079437255859e+01,5.570000000000000000e+02
4.027956318855285645e+01,5.580000000000000000e+02
4.035285282135009766e+01,5.590000000000000000e+02
4.050095272064208984e+01,5.600000000000000000e+02
4.050313425064086914e+01,5.610000000000000000e+02
4.057849597930908203e+01,5.620000000000000000e+02
4.122377514839172363e+01,5.630000000000000000e+02
4.145250558853149414e+01,5.640000000000000000e+02
4.154841685295104980e+01,5.650000000000000000e+02
4.166463184356689453e+01,5.660000000000000000e+02
4.174007749557495117e+01,5.670000000000000000e+02
4.181564879417419434e+01,5.680000000000000000e+02
4.189119815826416016e+01,5.690000000000000000e+02
4.196667003631591797e+01,5.700000000000000000e+02
4.204213714599609375e+01,5.710000000000000000e+02
4.211776852607727051e+01,5.720000000000000000e+02
4.219316864013671875e+01,5.730000000000000000e+02
4.226846337318420410e+01,5.740000000000000000e+02
4.234386014938354492e+01,5.750000000000000000e+02
4.241922712326049805e+01,5.760000000000000000e+02
4.249472737312316895e+01,5.770000000000000000e+02
4.257020258903503418e+01,5.780000000000000000e+02
4.264558935165405273e+01,5.790000000000000000e+02
4.279276776313781738e+01,5.800000000000000000e+02
4.294119095802307129e+01,5.810000000000000000e+02
4.301450991630554199e+01,5.820000000000000000e+02
4.301686382293701172e+01,5.830000000000000000e+02
4.316714763641357422e+01,5.840000000000000000e+02
4.324242401123046875e+01,5.850000000000000000e+02
4.331988215446472168e+01,5.860000000000000000e+02
4.347870087623596191e+01,5.870000000000000000e+02
4.355404639244079590e+01,5.880000000000000000e+02
4.362946224212646484e+01,5.890000000000000000e+02
4.407569980621337891e+01,5.900000000000000000e+02
4.415089154243469238e+01,5.910000000000000000e+02
4.422616267204284668e+01,5.920000000000000000e+02
4.430184721946716309e+01,5.930000000000000000e+02
4.437720227241516113e+01,5.940000000000000000e+02
4.445302343368530273e+01,5.950000000000000000e+02
4.452856421470642090e+01,5.960000000000000000e+02
4.460397911071777344e+01,5.970000000000000000e+02
4.467939424514770508e+01,5.980000000000000000e+02
4.475484180450439453e+01,5.990000000000000000e+02
4.483029699325561523e+01,6.000000000000000000e+02
4.490577340126037598e+01,6.010000000000000000e+02
4.498120307922363281e+01,6.020000000000000000e+02
4.505648899078369141e+01,6.030000000000000000e+02
4.513182520866394043e+01,6.040000000000000000e+02
4.520715618133544922e+01,6.050000000000000000e+02
4.528366804122924805e+01,6.060000000000000000e+02
4.535892534255981445e+01,6.070000000000000000e+02
4.543415212631225586e+01,6.080000000000000000e+02
4.550936436653137207e+01,6.090000000000000000e+02
4.558463048934936523e+01,6.100000000000000000e+02
4.580402708053588867e+01,6.110000000000000000e+02
4.587716817855834961e+01,6.120000000000000000e+02
4.595033192634582520e+01,6.130000000000000000e+02
4.595247840881347656e+01,6.140000000000000000e+02
4.602767777442932129e+01,6.150000000000000000e+02
4.610294651985168457e+01,6.160000000000000000e+02
4.617826175689697266e+01,6.170000000000000000e+02
4.625350856781005859e+01,6.180000000000000000e+02
4.632884025573730469e+01,6.190000000000000000e+02
4.640405845642089844e+01,6.200000000000000000e+02
4.647935867309570312e+01,6.210000000000000000e+02
4.655468297004699707e+01,6.220000000000000000e+02
4.662995362281799316e+01,6.230000000000000000e+02
4.678189516067504883e+01,6.240000000000000000e+02
4.685717964172363281e+01,6.250000000000000000e+02
4.693251061439514160e+01,6.260000000000000000e+02
4.708128786087036133e+01,6.270000000000000000e+02
4.715773677825927734e+01,6.280000000000000000e+02
4.723306274414062500e+01,6.290000000000000000e+02
4.730957865715026855e+01,6.300000000000000000e+02
4.738490366935729980e+01,6.310000000000000000e+02
4.746026873588562012e+01,6.320000000000000000e+02
4.753561544418334961e+01,6.330000000000000000e+02
4.761104941368103027e+01,6.340000000000000000e+02
4.768634557723999023e+01,6.350000000000000000e+02
4.776156640052795410e+01,6.360000000000000000e+02
4.790796041488647461e+01,6.370000000000000000e+02
4.798114681243896484e+01,6.380000000000000000e+02
4.805524969100952148e+01,6.390000000000000000e+02
4.805862236022949219e+01,6.400000000000000000e+02
4.813177084922790527e+01,6.410000000000000000e+02
4.813390159606933594e+01,6.420000000000000000e+02
4.820707225799560547e+01,6.430000000000000000e+02
4.820921373367309570e+01,6.440000000000000000e+02
4.835826253890991211e+01,6.450000000000000000e+02
4.836033797264099121e+01,6.460000000000000000e+02
4.843353867530822754e+01,6.470000000000000000e+02
4.843570804595947266e+01,6.480000000000000000e+02
4.858375215530395508e+01,6.490000000000000000e+02
4.865909767150878906e+01,6.500000000000000000e+02
4.880849933624267578e+01,6.510000000000000000e+02
4.888383841514587402e+01,6.520000000000000000e+02
4.896015906333923340e+01,6.530000000000000000e+02
4.910929346084594727e+01,6.540000000000000000e+02
4.918471741676330566e+01,6.550000000000000000e+02
4.926011109352111816e+01,6.560000000000000000e+02
4.970458817481994629e+01,6.570000000000000000e+02
4.970672869682312012e+01,6.580000000000000000e+02
4.978130412101745605e+01,6.590000000000000000e+02
4.978397417068481445e+01,6.600000000000000000e+02
4.993203496932983398e+01,6.610000000000000000e+02
4.993420076370239258e+01,6.620000000000000000e+02
5.008426618576049805e+01,6.630000000000000000e+02
5.023251891136169434e+01,6.640000000000000000e+02
5.038171577453613281e+01,6.650000000000000000e+02
5.045715427398681641e+01,6.660000000000000000e+02
5.053276228904724121e+01,6.670000000000000000e+02
5.060814785957336426e+01,6.680000000000000000e+02
5.068348622322082520e+01,6.690000000000000000e+02
5.075883650779724121e+01,6.700000000000000000e+02
5.083965969085693359e+01,6.710000000000000000e+02
5.091551208496093750e+01,6.720000000000000000e+02
5.099106073379516602e+01,6.730000000000000000e+02
5.106662154197692871e+01,6.740000000000000000e+02
5.114336752891540527e+01,6.750000000000000000e+02
5.121911716461181641e+01,6.760000000000000000e+02
5.129496145248413086e+01,6.770000000000000000e+02
5.137072610855102539e+01,6.780000000000000000e+02
5.144631934165954590e+01,6.790000000000000000e+02
5.152187824249267578e+01,6.800000000000000000e+02
5.159721064567565918e+01,6.810000000000000000e+02
5.167246365547180176e+01,6.820000000000000000e+02
5.174781799316406250e+01,6.830000000000000000e+02
5.182324504852294922e+01,6.840000000000000000e+02
5.189861488342285156e+01,6.850000000000000000e+02
5.197400975227355957e+01,6.860000000000000000e+02
5.204938411712646484e+01,6.870000000000000000e+02
5.212616419792175293e+01,6.880000000000000000e+02
5.220324039459228516e+01,6.890000000000000000e+02
5.228246355056762695e+01,6.900000000000000000e+02
5.235571861267089844e+01,6.910000000000000000e+02
5.243105196952819824e+01,6.920000000000000000e+02
5.250602126121520996e+01,6.930000000000000000e+02
5.258147144317626953e+01,6.940000000000000000e+02
5.265687847137451172e+01,6.950000000000000000e+02
5.273213815689086914e+01,6.960000000000000000e+02
5.280837416648864746e+01,6.970000000000000000e+02
5.288369250297546387e+01,6.980000000000000000e+02
5.295898056030273438e+01,6.990000000000000000e+02
5.303427004814147949e+01,7.000000000000000000e+02
5.310953664779663086e+01,7.010000000000000000e+02
5.318478250503540039e+01,7.020000000000000000e+02
5.326011800765991211e+01,7.030000000000000000e+02
5.333547854423522949e+01,7.040000000000000000e+02
5.341075229644775391e+01,7.050000000000000000e+02
5.355922722816467285e+01,7.060000000000000000e+02
5.363456726074218750e+01,7.070000000000000000e+02
5.392979145050048828e+01,7.080000000000000000e+02
5.400319647789001465e+01,7.090000000000000000e+02
5.400530242919921875e+01,7.100000000000000000e+02
5.408075022697448730e+01,7.110000000000000000e+02
5.415684080123901367e+01,7.120000000000000000e+02
5.423210620880126953e+01,7.130000000000000000e+02
5.430751824378967285e+01,7.140000000000000000e+02
5.445616459846496582e+01,7.150000000000000000e+02
5.453147578239440918e+01,7.160000000000000000e+02
5.467998838424682617e+01,7.170000000000000000e+02
5.475528550148010254e+01,7.180000000000000000e+02
5.483099722862243652e+01,7.190000000000000000e+02
5.490637636184692383e+01,7.200000000000000000e+02
5.498200559616088867e+01,7.210000000000000000e+02
5.512847948074340820e+01,7.220000000000000000e+02
5.520212578773498535e+01,7.230000000000000000e+02
5.527578783035278320e+01,7.240000000000000000e+02
5.527849578857421875e+01,7.250000000000000000e+02
5.535169339179992676e+01,7.260000000000000000e+02
5.535383033752441406e+01,7.270000000000000000e+02
5.542709016799926758e+01,7.280000000000000000e+02
5.542922878265380859e+01,7.290000000000000000e+02
5.550238180160522461e+01,7.300000000000000000e+02
5.557776761054992676e+01,7.310000000000000000e+02
5.565333127975463867e+01,7.320000000000000000e+02
5.580301976203918457e+01,7.330000000000000000e+02
5.587869668006896973e+01,7.340000000000000000e+02
5.595432019233703613e+01,7.350000000000000000e+02
5.602994275093078613e+01,7.360000000000000000e+02
5.617925739288330078e+01,7.370000000000000000e+02
5.625502300262451172e+01,7.380000000000000000e+02
5.633037853240966797e+01,7.390000000000000000e+02
5.640590214729309082e+01,7.400000000000000000e+02
5.648157978057861328e+01,7.410000000000000000e+02
5.662815999984741211e+01,7.420000000000000000e+02
5.677674031257629395e+01,7.430000000000000000e+02
5.678150653839111328e+01,7.440000000000000000e+02
5.700195050239562988e+01,7.450000000000000000e+02
5.700418782234191895e+01,7.460000000000000000e+02
5.715214776992797852e+01,7.470000000000000000e+02
5.715442013740539551e+01,7.480000000000000000e+02
5.722755265235900879e+01,7.490000000000000000e+02
5.723158788681030273e+01,7.500000000000000000e+02
5.730543446540832520e+01,7.510000000000000000e+02
5.730790305137634277e+01,7.520000000000000000e+02
5.738115167617797852e+01,7.530000000000000000e+02
5.745442605018615723e+01,7.540000000000000000e+02
5.745660209655761719e+01,7.550000000000000000e+02
5.753201460838317871e+01,7.560000000000000000e+02
5.760753893852233887e+01,7.570000000000000000e+02
5.768288016319274902e+01,7.580000000000000000e+02
5.775824141502380371e+01,7.590000000000000000e+02
5.783396959304809570e+01,7.600000000000000000e+02
5.790950393676757812e+01,7.610000000000000000e+02
5.798279809951782227e+01,7.620000000000000000e+02
5.805605196952819824e+01,7.630000000000000000e+02
5.805824327468872070e+01,7.640000000000000000e+02
5.813364052772521973e+01,7.650000000000000000e+02
5.820990896224975586e+01,7.660000000000000000e+02
5.828715944290161133e+01,7.670000000000000000e+02
5.836344528198242188e+01,7.680000000000000000e+02
5.843927478790283203e+01,7.690000000000000000e+02
5.851496267318725586e+01,7.700000000000000000e+02
5.859991788864135742e+01,7.710000000000000000e+02
5.867568182945251465e+01,7.720000000000000000e+02
5.875138092041015625e+01,7.730000000000000000e+02
5.882698225975036621e+01,7.740000000000000000e+02
5.890281033515930176e+01,7.750000000000000000e+02
5.897859477996826172e+01,7.760000000000000000e+02
5.905417323112487793e+01,7.770000000000000000e+02
5.920881295204162598e+01,7.780000000000000000e+02
5.928522086143493652e+01,7.790000000000000000e+02
5.967447710037231445e+01,7.800000000000000000e+02
5.976802659034729004e+01,7.810000000000000000e+02
5.984371495246887207e+01,7.820000000000000000e+02
5.993968820571899414e+01,7.830000000000000000e+02
6.001298213005065918e+01,7.840000000000000000e+02
3.394842147827148438e-03,1.000000000000000000e+00
7.955956459045410156e-02,2.000000000000000000e+00
1.550514698028564453e-01,3.000000000000000000e+00
2.304999828338623047e-01,4.000000000000000000e+00
4.396276473999023438e-01,5.000000000000000000e+00
5.129232406616210938e-01,6.000000000000000000e+00
5.151312351226806641e-01,7.000000000000000000e+00
5.888195037841796875e-01,8.000000000000000000e+00
5.916011333465576172e-01,9.000000000000000000e+00
6.653072834014892578e-01,1.000000000000000000e+01
6.708157062530517578e-01,1.100000000000000000e+01
8.179826736450195312e-01,1.200000000000000000e+01
8.912215232849121094e-01,1.300000000000000000e+01
8.934533596038818359e-01,1.400000000000000000e+01
9.666793346405029297e-01,1.500000000000000000e+01
9.688594341278076172e-01,1.600000000000000000e+01
1.195294857025146484e+00,1.700000000000000000e+01
1.270502567291259766e+00,1.800000000000000000e+01
1.272804737091064453e+00,1.900000000000000000e+01
1.496555805206298828e+00,2.000000000000000000e+01
1.498785972595214844e+00,2.100000000000000000e+01
1.571993589401245117e+00,2.200000000000000000e+01
1.574117183685302734e+00,2.300000000000000000e+01
1.647192716598510742e+00,2.400000000000000000e+01
1.649334430694580078e+00,2.500000000000000000e+01
1.874233484268188477e+00,2.600000000000000000e+01
1.876328468322753906e+00,2.700000000000000000e+01
1.949453115463256836e+00,2.800000000000000000e+01
1.951605796813964844e+00,2.900000000000000000e+01
2.026914119720458984e+00,3.000000000000000000e+01
2.103327035903930664e+00,3.100000000000000000e+01
2.176480054855346680e+00,3.200000000000000000e+01
2.178626537322998047e+00,3.300000000000000000e+01
2.256834030151367188e+00,3.400000000000000000e+01
2.330132722854614258e+00,3.500000000000000000e+01
2.332421302795410156e+00,3.600000000000000000e+01
2.405779123306274414e+00,3.700000000000000000e+01
2.408055782318115234e+00,3.800000000000000000e+01
2.631560564041137695e+00,3.900000000000000000e+01
2.633766174316406250e+00,4.000000000000000000e+01
2.707289218902587891e+00,4.100000000000000000e+01
2.710114240646362305e+00,4.200000000000000000e+01
2.858381748199462891e+00,4.300000000000000000e+01
2.860581636428833008e+00,4.400000000000000000e+01
2.933779001235961914e+00,4.500000000000000000e+01
2.935990333557128906e+00,4.600000000000000000e+01
3.009214878082275391e+00,4.700000000000000000e+01
3.011452913284301758e+00,4.800000000000000000e+01
3.084735393524169922e+00,4.900000000000000000e+01
3.086987733840942383e+00,5.000000000000000000e+01
3.162549018859863281e+00,5.100000000000000000e+01
3.296762228012084961e+00,5.200000000000000000e+01
3.298916816711425781e+00,5.300000000000000000e+01
3.374406337738037109e+00,5.400000000000000000e+01
3.488179445266723633e+00,5.500000000000000000e+01
3.490333080291748047e+00,5.600000000000000000e+01
3.565702676773071289e+00,5.700000000000000000e+01
3.641263246536254883e+00,5.800000000000000000e+01
3.716886043548583984e+00,5.900000000000000000e+01
3.792447805404663086e+00,6.000000000000000000e+01
3.867908716201782227e+00,6.100000000000000000e+01
3.943558931350708008e+00,6.200000000000000000e+01
4.019028663635253906e+00,6.300000000000000000e+01
4.094474315643310547e+00,6.400000000000000000e+01
4.169920921325683594e+00,6.500000000000000000e+01
4.246058225631713867e+00,6.600000000000000000e+01
4.321620225906372070e+00,6.700000000000000000e+01
4.397056579589843750e+00,6.800000000000000000e+01
4.472546339035034180e+00,6.900000000000000000e+01
4.548061370849609375e+00,7.000000000000000000e+01
4.842933416366577148e+00,7.100000000000000000e+01
4.992010354995727539e+00,7.200000000000000000e+01
5.067500352859497070e+00,7.300000000000000000e+01
5.234203577041625977e+00,7.400000000000000000e+01
5.336747169494628906e+00,7.500000000000000000e+01
5.414587259292602539e+00,7.600000000000000000e+01
5.493886709213256836e+00,7.700000000000000000e+01
5.575762271881103516e+00,7.800000000000000000e+01
5.586277008056640625e+00,7.900000000000000000e+01
5.828649759292602539e+00,8.000000000000000000e+01
6.068268299102783203e+00,8.100000000000000000e+01
6.144944667816162109e+00,8.200000000000000000e+01
6.219330072402954102e+00,8.300000000000000000e+01
6.224334001541137695e+00,8.400000000000000000e+01
6.375206708908081055e+00,8.500000000000000000e+01
6.385017395019531250e+00,8.600000000000000000e+01
6.482618331909179688e+00,8.700000000000000000e+01
6.564575433731079102e+00,8.800000000000000000e+01
6.650547981262207031e+00,8.900000000000000000e+01
6.827683687210083008e+00,9.000000000000000000e+01
6.904897689819335938e+00,9.100000000000000000e+01
6.909915447235107422e+00,9.200000000000000000e+01
7.002697706222534180e+00,9.300000000000000000e+01
7.086240053176879883e+00,9.400000000000000000e+01
7.395779371261596680e+00,9.500000000000000000e+01
7.707513809204101562e+00,9.600000000000000000e+01
8.081170797348022461e+00,9.700000000000000000e+01
8.083577394485473633e+00,9.800000000000000000e+01
8.231998920440673828e+00,9.900000000000000000e+01
8.234501361846923828e+00,1.000000000000000000e+02
8.307751655578613281e+00,1.010000000000000000e+02
8.309928417205810547e+00,1.020000000000000000e+02
8.457988977432250977e+00,1.030000000000000000e+02
8.460143566131591797e+00,1.040000000000000000e+02
8.535405874252319336e+00,1.050000000000000000e+02
8.610645294189453125e+00,1.060000000000000000e+02
8.685973644256591797e+00,1.070000000000000000e+02
8.762081384658813477e+00,1.080000000000000000e+02
8.837325096130371094e+00,1.090000000000000000e+02
8.912632942199707031e+00,1.100000000000000000e+02
8.988049507141113281e+00,1.110000000000000000e+02
9.063389301300048828e+00,1.120000000000000000e+02
9.138934373855590820e+00,1.130000000000000000e+02
9.214388847351074219e+00,1.140000000000000000e+02
9.363027334213256836e+00,1.150000000000000000e+02
9.438376426696777344e+00,1.160000000000000000e+02
9.513739109039306641e+00,1.170000000000000000e+02
9.589113235473632812e+00,1.180000000000000000e+02
9.664439678192138672e+00,1.190000000000000000e+02
9.883988618850708008e+00,1.200000000000000000e+02
9.957212209701538086e+00,1.210000000000000000e+02
9.959450721740722656e+00,1.220000000000000000e+02
1.003257226943969727e+01,1.230000000000000000e+02
1.003476786613464355e+01,1.240000000000000000e+02
1.011022400856018066e+01,1.250000000000000000e+02
1.018682217597961426e+01,1.260000000000000000e+02
1.026069355010986328e+01,1.270000000000000000e+02
1.026350760459899902e+01,1.280000000000000000e+02
1.033665394783020020e+01,1.290000000000000000e+02
1.033887648582458496e+01,1.300000000000000000e+02
1.048882126808166504e+01,1.310000000000000000e+02
1.056381869316101074e+01,1.320000000000000000e+02
1.063919043540954590e+01,1.330000000000000000e+02
1.071456742286682129e+01,1.340000000000000000e+02
1.079002976417541504e+01,1.350000000000000000e+02
1.086592507362365723e+01,1.360000000000000000e+02
1.094141721725463867e+01,1.370000000000000000e+02
1.101688003540039062e+01,1.380000000000000000e+02
1.109243345260620117e+01,1.390000000000000000e+02
1.116799783706665039e+01,1.400000000000000000e+02
1.124352145195007324e+01,1.410000000000000000e+02
1.131913518905639648e+01,1.420000000000000000e+02
1.139461946487426758e+01,1.430000000000000000e+02
1.147027564048767090e+01,1.440000000000000000e+02
1.154573655128479004e+01,1.450000000000000000e+02
1.162120032310485840e+01,1.460000000000000000e+02
1.169769573211669922e+01,1.470000000000000000e+02
1.177436161041259766e+01,1.480000000000000000e+02
1.184985566139221191e+01,1.490000000000000000e+02
1.192532753944396973e+01,1.500000000000000000e+02
1.200081658363342285e+01,1.510000000000000000e+02
1.207644414901733398e+01,1.520000000000000000e+02
1.215199923515319824e+01,1.530000000000000000e+02
1.222748160362243652e+01,1.540000000000000000e+02
1.230300045013427734e+01,1.550000000000000000e+02
1.237853145599365234e+01,1.560000000000000000e+02
1.245403671264648438e+01,1.570000000000000000e+02
1.252948999404907227e+01,1.580000000000000000e+02
1.260496211051940918e+01,1.590000000000000000e+02
1.268062400817871094e+01,1.600000000000000000e+02
1.275822997093200684e+01,1.610000000000000000e+02
1.283371138572692871e+01,1.620000000000000000e+02
1.290923547744750977e+01,1.630000000000000000e+02
1.298479604721069336e+01,1.640000000000000000e+02
1.306028842926025391e+01,1.650000000000000000e+02
1.313575530052185059e+01,1.660000000000000000e+02
1.321216273307800293e+01,1.670000000000000000e+02
1.329163646697998047e+01,1.680000000000000000e+02
1.336632418632507324e+01,1.690000000000000000e+02
1.337021732330322266e+01,1.700000000000000000e+02
1.344338726997375488e+01,1.710000000000000000e+02
1.351667881011962891e+01,1.720000000000000000e+02
1.358982586860656738e+01,1.730000000000000000e+02
1.359201693534851074e+01,1.740000000000000000e+02
1.366738653182983398e+01,1.750000000000000000e+02
1.374271297454833984e+01,1.760000000000000000e+02
1.381819915771484375e+01,1.770000000000000000e+02
1.389376950263977051e+01,1.780000000000000000e+02
1.396929931640625000e+01,1.790000000000000000e+02
1.404475474357604980e+01,1.800000000000000000e+02
1.412102699279785156e+01,1.810000000000000000e+02
1.419640827178955078e+01,1.820000000000000000e+02
1.427207946777343750e+01,1.830000000000000000e+02
1.434765529632568359e+01,1.840000000000000000e+02
1.442320799827575684e+01,1.850000000000000000e+02
1.449873495101928711e+01,1.860000000000000000e+02
1.457424592971801758e+01,1.870000000000000000e+02
1.464973831176757812e+01,1.880000000000000000e+02
1.472523498535156250e+01,1.890000000000000000e+02
1.480071854591369629e+01,1.900000000000000000e+02
1.487602734565734863e+01,1.910000000000000000e+02
1.495163822174072266e+01,1.920000000000000000e+02
1.502708816528320312e+01,1.930000000000000000e+02
1.510376262664794922e+01,1.940000000000000000e+02
1.517922592163085938e+01,1.950000000000000000e+02
1.525666284561157227e+01,1.960000000000000000e+02
1.533214068412780762e+01,1.970000000000000000e+02
1.540746545791625977e+01,1.980000000000000000e+02
1.548282885551452637e+01,1.990000000000000000e+02
1.555807685852050781e+01,2.000000000000000000e+02
1.563344192504882812e+01,2.010000000000000000e+02
1.570872688293457031e+01,2.020000000000000000e+02
1.578492403030395508e+01,2.030000000000000000e+02
1.586024117469787598e+01,2.040000000000000000e+02
1.593558597564697266e+01,2.050000000000000000e+02
1.601089787483215332e+01,2.060000000000000000e+02
1.608626866340637207e+01,2.070000000000000000e+02
1.616143107414245605e+01,2.080000000000000000e+02
1.623669624328613281e+01,2.090000000000000000e+02
1.631204867362976074e+01,2.100000000000000000e+02
1.638732624053955078e+01,2.110000000000000000e+02
1.646260499954223633e+01,2.120000000000000000e+02
1.653791499137878418e+01,2.130000000000000000e+02
1.661315488815307617e+01,2.140000000000000000e+02
1.668847465515136719e+01,2.150000000000000000e+02
1.676433920860290527e+01,2.160000000000000000e+02
1.683963274955749512e+01,2.170000000000000000e+02
1.691496562957763672e+01,2.180000000000000000e+02
1.699081730842590332e+01,2.190000000000000000e+02
1.706609034538269043e+01,2.200000000000000000e+02
1.721241950988769531e+01,2.210000000000000000e+02
1.743552875518798828e+01,2.220000000000000000e+02
1.743766307830810547e+01,2.230000000000000000e+02
1.751083159446716309e+01,2.240000000000000000e+02
1.751295733451843262e+01,2.250000000000000000e+02
1.758811593055725098e+01,2.260000000000000000e+02
1.766308665275573730e+01,2.270000000000000000e+02
1.773830747604370117e+01,2.280000000000000000e+02
1.782133412361145020e+01,2.290000000000000000e+02
1.796805381774902344e+01,2.300000000000000000e+02
1.804126787185668945e+01,2.310000000000000000e+02
1.804341268539428711e+01,2.320000000000000000e+02
1.811709785461425781e+01,2.330000000000000000e+02
1.811978697776794434e+01,2.340000000000000000e+02
1.826854586601257324e+01,2.350000000000000000e+02
1.827083492279052734e+01,2.360000000000000000e+02
1.834404611587524414e+01,2.370000000000000000e+02
1.834629964828491211e+01,2.380000000000000000e+02
1.841951417922973633e+01,2.390000000000000000e+02
1.842175817489624023e+01,2.400000000000000000e+02
1.849486851692199707e+01,2.410000000000000000e+02
1.849706792831420898e+01,2.420000000000000000e+02
1.857018852233886719e+01,2.430000000000000000e+02
1.857244634628295898e+01,2.440000000000000000e+02
1.864559507369995117e+01,2.450000000000000000e+02
1.864782619476318359e+01,2.460000000000000000e+02
1.872101759910583496e+01,2.470000000000000000e+02
1.872322583198547363e+01,2.480000000000000000e+02
1.879874992370605469e+01,2.490000000000000000e+02
1.887426376342773438e+01,2.500000000000000000e+02
1.894971966743469238e+01,2.510000000000000000e+02
1.902508521080017090e+01,2.520000000000000000e+02
1.910271596908569336e+01,2.530000000000000000e+02
1.917628812789916992e+01,2.540000000000000000e+02
1.917890071868896484e+01,2.550000000000000000e+02
1.925380754470825195e+01,2.560000000000000000e+02
1.925677323341369629e+01,2.570000000000000000e+02
1.940353488922119141e+01,2.580000000000000000e+02
1.940591311454772949e+01,2.590000000000000000e+02
1.955399680137634277e+01,2.600000000000000000e+02
1.955628371238708496e+01,2.610000000000000000e+02
1.962946605682373047e+01,2.620000000000000000e+02
1.963190245628356934e+01,2.630000000000000000e+02
1.970732522010803223e+01,2.640000000000000000e+02
1.978273510932922363e+01,2.650000000000000000e+02
1.985824966430664062e+01,2.660000000000000000e+02
1.993378424644470215e+01,2.670000000000000000e+02
2.000925087928771973e+01,2.680000000000000000e+02
2.008475995063781738e+01,2.690000000000000000e+02
2.016025280952453613e+01,2.700000000000000000e+02
2.023585057258605957e+01,2.710000000000000000e+02
2.031166172027587891e+01,2.720000000000000000e+02
2.038726592063903809e+01,2.730000000000000000e+02
2.046273446083068848e+01,2.740000000000000000e+02
2.053822374343872070e+01,2.750000000000000000e+02
2.061373686790466309e+01,2.760000000000000000e+02
2.068924665451049805e+01,2.770000000000000000e+02
2.076466584205627441e+01,2.780000000000000000e+02
2.084008955955505371e+01,2.790000000000000000e+02
2.091576218605041504e+01,2.800000000000000000e+02
2.133634805679321289e+01,2.810000000000000000e+02
2.141189217567443848e+01,2.820000000000000000e+02
2.148748230934143066e+01,2.830000000000000000e+02
2.156318616867065430e+01,2.840000000000000000e+02
2.163862037658691406e+01,2.850000000000000000e+02
2.171398496627807617e+01,2.860000000000000000e+02
2.178940463066101074e+01,2.870000000000000000e+02
2.186471557617187500e+01,2.880000000000000000e+02
2.194005322456359863e+01,2.890000000000000000e+02
2.230930781364440918e+01,2.900000000000000000e+02
2.231150484085083008e+01,2.910000000000000000e+02
2.238466453552246094e+01,2.920000000000000000e+02
2.238684511184692383e+01,2.930000000000000000e+02
2.246202659606933594e+01,2.940000000000000000e+02
2.253708887100219727e+01,2.950000000000000000e+02
2.261251759529113770e+01,2.960000000000000000e+02
2.268782925605773926e+01,2.970000000000000000e+02
2.276364350318908691e+01,2.980000000000000000e+02
2.283680510520935059e+01,2.990000000000000000e+02
2.283895659446716309e+01,3.000000000000000000e+02
2.291432952880859375e+01,3.010000000000000000e+02
2.298953342437744141e+01,3.020000000000000000e+02
2.306479144096374512e+01,3.030000000000000000e+02
2.321312952041625977e+01,3.040000000000000000e+02
2.328849935531616211e+01,3.050000000000000000e+02
2.336374807357788086e+01,3.060000000000000000e+02
2.343897771835327148e+01,3.070000000000000000e+02
2.351449179649353027e+01,3.080000000000000000e+02
2.366083216667175293e+01,3.090000000000000000e+02
2.377477502822875977e+01,3.100000000000000000e+02
2.392530512809753418e+01,3.110000000000000000e+02
2.409219431877136230e+01,3.120000000000000000e+02
2.416772675514221191e+01,3.130000000000000000e+02
2.424310231208801270e+01,3.140000000000000000e+02
2.431851458549499512e+01,3.150000000000000000e+02
2.439389896392822266e+01,3.160000000000000000e+02
2.446928191184997559e+01,3.170000000000000000e+02
2.454465532302856445e+01,3.180000000000000000e+02
2.462005877494812012e+01,3.190000000000000000e+02
2.469552493095397949e+01,3.200000000000000000e+02
2.477092313766479492e+01,3.210000000000000000e+02
2.491728091239929199e+01,3.220000000000000000e+02
2.499046468734741211e+01,3.230000000000000000e+02
2.506371688842773438e+01,3.240000000000000000e+02
2.513911652565002441e+01,3.250000000000000000e+02
2.521439647674560547e+01,3.260000000000000000e+02
2.528989958763122559e+01,3.270000000000000000e+02
2.536532187461853027e+01,3.280000000000000000e+02
2.544060587882995605e+01,3.290000000000000000e+02
2.551593255996704102e+01,3.300000000000000000e+02
2.559118723869323730e+01,3.310000000000000000e+02
2.566643548011779785e+01,3.320000000000000000e+02
2.574171686172485352e+01,3.330000000000000000e+02
2.582112503051757812e+01,3.340000000000000000e+02
2.589645481109619141e+01,3.350000000000000000e+02
2.597183489799499512e+01,3.360000000000000000e+02
2.604715156555175781e+01,3.370000000000000000e+02
2.612338018417358398e+01,3.380000000000000000e+02
2.619874644279479980e+01,3.390000000000000000e+02
2.627518868446350098e+01,3.400000000000000000e+02
2.635049009323120117e+01,3.410000000000000000e+02
2.642580175399780273e+01,3.420000000000000000e+02
2.650112032890319824e+01,3.430000000000000000e+02
2.657638335227966309e+01,3.440000000000000000e+02
2.665165352821350098e+01,3.450000000000000000e+02
2.672693634033203125e+01,3.460000000000000000e+02
2.680222725868225098e+01,3.470000000000000000e+02
2.687753844261169434e+01,3.480000000000000000e+02
2.702602887153625488e+01,3.490000000000000000e+02
2.710248684883117676e+01,3.500000000000000000e+02
2.717786550521850586e+01,3.510000000000000000e+02
2.725541472434997559e+01,3.520000000000000000e+02
2.733099031448364258e+01,3.530000000000000000e+02
2.740643453598022461e+01,3.540000000000000000e+02
2.748202204704284668e+01,3.550000000000000000e+02
2.755754995346069336e+01,3.560000000000000000e+02
2.772626948356628418e+01,3.570000000000000000e+02
2.787495207786560059e+01,3.580000000000000000e+02
2.795047998428344727e+01,3.590000000000000000e+02
2.802593708038330078e+01,3.600000000000000000e+02
2.812146162986755371e+01,3.610000000000000000e+02
2.819710493087768555e+01,3.620000000000000000e+02
2.827350831031799316e+01,3.630000000000000000e+02
2.834923982620239258e+01,3.640000000000000000e+02
2.842495059967041016e+01,3.650000000000000000e+02
2.850068378448486328e+01,3.660000000000000000e+02
2.857650566101074219e+01,3.670000000000000000e+02
2.865214204788208008e+01,3.680000000000000000e+02
2.872780966758728027e+01,3.690000000000000000e+02
2.880344557762145996e+01,3.700000000000000000e+02
2.887918448448181152e+01,3.710000000000000000e+02
2.895446515083312988e+01,3.720000000000000000e+02
2.902975463867187500e+01,3.730000000000000000e+02
2.910529541969299316e+01,3.740000000000000000e+02
2.918064427375793457e+01,3.750000000000000000e+02
2.925790023803710938e+01,3.760000000000000000e+02
2.933315324783325195e+01,3.770000000000000000e+02
2.940847039222717285e+01,3.780000000000000000e+02
2.948384046554565430e+01,3.790000000000000000e+02
2.955911588668823242e+01,3.800000000000000000e+02
2.963434624671936035e+01,3.810000000000000000e+02
2.971094703674316406e+01,3.820000000000000000e+02
2.978684186935424805e+01,3.830000000000000000e+02
2.986232256889343262e+01,3.840000000000000000e+02
2.993791413307189941e+01,3.850000000000000000e+02
3.001329278945922852e+01,3.860000000000000000e+02
3.008886241912841797e+01,3.870000000000000000e+02
3.016426134109497070e+01,3.880000000000000000e+02
3.023957371711730957e+01,3.890000000000000000e+02
3.040800333023071289e+01,3.900000000000000000e+02
3.041019606590270996e+01,3.910000000000000000e+02
3.055811762809753418e+01,3.920000000000000000e+02
3.056031775474548340e+01,3.930000000000000000e+02
3.063571572303771973e+01,3.940000000000000000e+02
3.071099948883056641e+01,3.950000000000000000e+02
3.078736901283264160e+01,3.960000000000000000e+02
3.086264181137084961e+01,3.970000000000000000e+02
3.093795037269592285e+01,3.980000000000000000e+02
3.101377844810485840e+01,3.990000000000000000e+02
3.108995246887207031e+01,4.000000000000000000e+02
3.116594409942626953e+01,4.010000000000000000e+02
3.124152946472167969e+01,4.020000000000000000e+02
3.131709289550781250e+01,4.030000000000000000e+02
3.139257073402404785e+01,4.040000000000000000e+02
3.146842789649963379e+01,4.050000000000000000e+02
3.154426193237304688e+01,4.060000000000000000e+02
3.161985802650451660e+01,4.070000000000000000e+02
3.169544005393981934e+01,4.080000000000000000e+02
3.177162599563598633e+01,4.090000000000000000e+02
3.184703350067138672e+01,4.100000000000000000e+02
3.192224907875061035e+01,4.110000000000000000e+02
3.199786138534545898e+01,4.120000000000000000e+02
3.207344436645507812e+01,4.130000000000000000e+02
3.214898443222045898e+01,4.140000000000000000e+02
3.222472167015075684e+01,4.150000000000000000e+02
3.230030846595764160e+01,4.160000000000000000e+02
3.237597250938415527e+01,4.170000000000000000e+02
3.245160365104675293e+01,4.180000000000000000e+02
3.252715754508972168e+01,4.190000000000000000e+02
3.260273838043212891e+01,4.200000000000000000e+02
3.267857527732849121e+01,4.210000000000000000e+02
3.275706195831298828e+01,4.220000000000000000e+02
3.283035635948181152e+01,4.230000000000000000e+02
3.283258461952209473e+01,4.240000000000000000e+02
3.290587806701660156e+01,4.250000000000000000e+02
3.290812039375305176e+01,4.260000000000000000e+02
3.298141956329345703e+01,4.270000000000000000e+02
3.298363304138183594e+01,4.280000000000000000e+02
3.305676722526550293e+01,4.290000000000000000e+02
3.305892229080200195e+01,4.300000000000000000e+02
3.320908689498901367e+01,4.310000000000000000e+02
3.328434157371520996e+01,4.320000000000000000e+02
3.335971546173095703e+01,4.330000000000000000e+02
3.343509507179260254e+01,4.340000000000000000e+02
3.351048564910888672e+01,4.350000000000000000e+02
3.358362102508544922e+01,4.360000000000000000e+02
3.358577322959899902e+01,4.370000000000000000e+02
3.366521573066711426e+01,4.380000000000000000e+02
3.381351518630981445e+01,4.390000000000000000e+02
3.381574964523315430e+01,4.400000000000000000e+02
3.388894200325012207e+01,4.410000000000000000e+02
3.389115381240844727e+01,4.420000000000000000e+02
3.396444916725158691e+01,4.430000000000000000e+02
3.396669030189514160e+01,4.440000000000000000e+02
3.404201078414916992e+01,4.450000000000000000e+02
3.411736011505126953e+01,4.460000000000000000e+02
3.419251084327697754e+01,4.470000000000000000e+02
3.426840996742248535e+01,4.480000000000000000e+02
3.434395265579223633e+01,4.490000000000000000e+02
3.441947698593139648e+01,4.500000000000000000e+02
3.449489951133728027e+01,4.510000000000000000e+02
3.457041382789611816e+01,4.520000000000000000e+02
3.464588952064514160e+01,4.530000000000000000e+02
3.472139072418212891e+01,4.540000000000000000e+02
3.479689741134643555e+01,4.550000000000000000e+02
3.487251687049865723e+01,4.560000000000000000e+02
3.494810175895690918e+01,4.570000000000000000e+02
3.502365851402282715e+01,4.580000000000000000e+02
3.517331242561340332e+01,4.590000000000000000e+02
3.525481629371643066e+01,4.600000000000000000e+02
3.540319943428039551e+01,4.610000000000000000e+02
3.540541863441467285e+01,4.620000000000000000e+02
3.555368041992187500e+01,4.630000000000000000e+02
3.555582308769226074e+01,4.640000000000000000e+02
3.562894916534423828e+01,4.650000000000000000e+02
3.563110518455505371e+01,4.660000000000000000e+02
3.570728206634521484e+01,4.670000000000000000e+02
3.578255987167358398e+01,4.680000000000000000e+02
3.585748505592346191e+01,4.690000000000000000e+02
3.593272757530212402e+01,4.700000000000000000e+02
3.600803184509277344e+01,4.710000000000000000e+02
3.608342671394348145e+01,4.720000000000000000e+02
3.615871763229370117e+01,4.730000000000000000e+02
3.623413228988647461e+01,4.740000000000000000e+02
3.630959391593933105e+01,4.750000000000000000e+02
3.638497900962829590e+01,4.760000000000000000e+02
3.646036410331726074e+01,4.770000000000000000e+02
3.653577113151550293e+01,4.780000000000000000e+02
3.661113691329956055e+01,4.790000000000000000e+02
3.668659520149230957e+01,4.800000000000000000e+02
3.683568024635314941e+01,4.810000000000000000e+02
3.691098475456237793e+01,4.820000000000000000e+02
3.698632287979125977e+01,4.830000000000000000e+02
3.713275146484375000e+01,4.840000000000000000e+02
3.720596909523010254e+01,4.850000000000000000e+02
3.727916741371154785e+01,4.860000000000000000e+02
3.728146886825561523e+01,4.870000000000000000e+02
3.735469198226928711e+01,4.880000000000000000e+02
3.735693597793579102e+01,4.890000000000000000e+02
3.743238592147827148e+01,4.900000000000000000e+02
3.750780558586120605e+01,4.910000000000000000e+02
3.758317637443542480e+01,4.920000000000000000e+02
3.765858173370361328e+01,4.930000000000000000e+02
3.773389816284179688e+01,4.940000000000000000e+02
3.780935645103454590e+01,4.950000000000000000e+02
3.788480901718139648e+01,4.960000000000000000e+02
3.796023225784301758e+01,4.970000000000000000e+02
3.803556275367736816e+01,4.980000000000000000e+02
3.811096310615539551e+01,4.990000000000000000e+02
3.818633151054382324e+01,5.000000000000000000e+02
3.826224732398986816e+01,5.010000000000000000e+02
3.833761811256408691e+01,5.020000000000000000e+02
3.841293549537658691e+01,5.030000000000000000e+02
3.848842501640319824e+01,5.040000000000000000e+02
3.856370258331298828e+01,5.050000000000000000e+02
3.863893556594848633e+01,5.060000000000000000e+02
3.871514678001403809e+01,5.070000000000000000e+02
3.879053759574890137e+01,5.080000000000000000e+02
3.917715573310852051e+01,5.090000000000000000e+02
3.925123953819274902e+01,5.100000000000000000e+02
3.932453298568725586e+01,5.110000000000000000e+02
3.947096276283264160e+01,5.120000000000000000e+02
3.947315096855163574e+01,5.130000000000000000e+02
3.954838848114013672e+01,5.140000000000000000e+02
3.962360310554504395e+01,5.150000000000000000e+02
3.969892168045043945e+01,5.160000000000000000e+02
3.977539062500000000e+01,5.170000000000000000e+02
3.985077095031738281e+01,5.180000000000000000e+02
3.992600393295288086e+01,5.190000000000000000e+02
4.000131225585937500e+01,5.200000000000000000e+02
4.007653975486755371e+01,5.210000000000000000e+02
4.015181088447570801e+01,5.220000000000000000e+02
4.022709345817565918e+01,5.230000000000000000e+02
4.030250859260559082e+01,5.240000000000000000e+02
4.037776350975036621e+01,5.250000000000000000e+02
4.045303440093994141e+01,5.260000000000000000e+02
4.052830457687377930e+01,5.270000000000000000e+02
4.074816846847534180e+01,5.280000000000000000e+02
4.082156133651733398e+01,5.290000000000000000e+02
4.082384943962097168e+01,5.300000000000000000e+02
4.089703488349914551e+01,5.310000000000000000e+02
4.089923977851867676e+01,5.320000000000000000e+02
4.097434473037719727e+01,5.330000000000000000e+02
4.104928445816040039e+01,5.340000000000000000e+02
4.112545204162597656e+01,5.350000000000000000e+02
4.120087814331054688e+01,5.360000000000000000e+02
4.127730536460876465e+01,5.370000000000000000e+02
4.135256934165954590e+01,5.380000000000000000e+02
4.142773795127868652e+01,5.390000000000000000e+02
4.150306653976440430e+01,5.400000000000000000e+02
4.157834959030151367e+01,5.410000000000000000e+02
4.165362834930419922e+01,5.420000000000000000e+02
4.172887539863586426e+01,5.430000000000000000e+02
4.181160998344421387e+01,5.440000000000000000e+02
4.210849761962890625e+01,5.450000000000000000e+02
4.211067485809326172e+01,5.460000000000000000e+02
4.225937914848327637e+01,5.470000000000000000e+02
4.226165246963500977e+01,5.480000000000000000e+02
4.233480596542358398e+01,5.490000000000000000e+02
4.233690714836120605e+01,5.500000000000000000e+02
4.241221284866333008e+01,5.510000000000000000e+02
4.248748564720153809e+01,5.520000000000000000e+02
4.256267690658569336e+01,5.530000000000000000e+02
4.263802337646484375e+01,5.540000000000000000e+02
4.271323275566101074e+01,5.550000000000000000e+02
4.278893184661865234e+01,5.560000000000000000e+02
4.286456799507141113e+01,5.570000000000000000e+02
4.294027090072631836e+01,5.580000000000000000e+02
4.301575803756713867e+01,5.590000000000000000e+02
4.309122872352600098e+01,5.600000000000000000e+02
4.316665363311767578e+01,5.610000000000000000e+02
4.324200701713562012e+01,5.620000000000000000e+02
4.331748652458190918e+01,5.630000000000000000e+02
4.339283537864685059e+01,5.640000000000000000e+02
4.346818375587463379e+01,5.650000000000000000e+02
4.354356670379638672e+01,5.660000000000000000e+02
4.361883544921875000e+01,5.670000000000000000e+02
4.369400858879089355e+01,5.680000000000000000e+02
4.376949167251586914e+01,5.690000000000000000e+02
4.384473156929016113e+01,5.700000000000000000e+02
4.392288112640380859e+01,5.710000000000000000e+02
4.399878931045532227e+01,5.720000000000000000e+02
4.407449269294738770e+01,5.730000000000000000e+02
4.422371411323547363e+01,5.740000000000000000e+02
4.430100655555725098e+01,5.750000000000000000e+02
4.445070099830627441e+01,5.760000000000000000e+02
4.452641105651855469e+01,5.770000000000000000e+02
4.460213160514831543e+01,5.780000000000000000e+02
4.467825055122375488e+01,5.790000000000000000e+02
4.475659179687500000e+01,5.800000000000000000e+02
4.483245968818664551e+01,5.810000000000000000e+02
4.490799713134765625e+01,5.820000000000000000e+02
4.498353147506713867e+01,5.830000000000000000e+02
4.505895972251892090e+01,5.840000000000000000e+02
4.513435125350952148e+01,5.850000000000000000e+02
4.520985579490661621e+01,5.860000000000000000e+02
4.528601622581481934e+01,5.870000000000000000e+02
4.536143183708190918e+01,5.880000000000000000e+02
4.543683409690856934e+01,5.890000000000000000e+02
4.551234340667724609e+01,5.900000000000000000e+02
4.558795094490051270e+01,5.910000000000000000e+02
4.566330528259277344e+01,5.920000000000000000e+02
4.573872733116149902e+01,5.930000000000000000e+02
4.588749504089355469e+01,5.940000000000000000e+02
4.598318171501159668e+01,5.950000000000000000e+02
4.605853247642517090e+01,5.960000000000000000e+02
4.613396716117858887e+01,5.970000000000000000e+02
4.621035790443420410e+01,5.980000000000000000e+02
4.628610229492187500e+01,5.990000000000000000e+02
4.636165165901184082e+01,6.000000000000000000e+02
4.643706536293029785e+01,6.010000000000000000e+02
4.651248812675476074e+01,6.020000000000000000e+02
4.658792901039123535e+01,6.030000000000000000e+02
4.666337370872497559e+01,6.040000000000000000e+02
4.673859071731567383e+01,6.050000000000000000e+02
4.681344199180603027e+01,6.060000000000000000e+02
4.688903641700744629e+01,6.070000000000000000e+02
4.696460866928100586e+01,6.080000000000000000e+02
4.703994774818420410e+01,6.090000000000000000e+02
4.711611962318420410e+01,6.100000000000000000e+02
4.726468157768249512e+01,6.110000000000000000e+02
4.734013867378234863e+01,6.120000000000000000e+02
4.748646688461303711e+01,6.130000000000000000e+02
4.756938338279724121e+01,6.140000000000000000e+02
4.765166211128234863e+01,6.150000000000000000e+02
4.781388902664184570e+01,6.160000000000000000e+02
4.781618213653564453e+01,6.170000000000000000e+02
4.789168787002563477e+01,6.180000000000000000e+02
4.796718668937683105e+01,6.190000000000000000e+02
4.804246497154235840e+01,6.200000000000000000e+02
4.811869835853576660e+01,6.210000000000000000e+02
4.819408917427062988e+01,6.220000000000000000e+02
4.826945948600769043e+01,6.230000000000000000e+02
4.834479093551635742e+01,6.240000000000000000e+02
4.842011785507202148e+01,6.250000000000000000e+02
4.849537897109985352e+01,6.260000000000000000e+02
4.857063341140747070e+01,6.270000000000000000e+02
4.864602589607238770e+01,6.280000000000000000e+02
4.872167372703552246e+01,6.290000000000000000e+02
4.887032747268676758e+01,6.300000000000000000e+02
4.894618654251098633e+01,6.310000000000000000e+02
4.902176260948181152e+01,6.320000000000000000e+02
4.909775924682617188e+01,6.330000000000000000e+02
4.917313599586486816e+01,6.340000000000000000e+02
4.924917054176330566e+01,6.350000000000000000e+02
4.932461977005004883e+01,6.360000000000000000e+02
4.939999866485595703e+01,6.370000000000000000e+02
4.948241806030273438e+01,6.380000000000000000e+02
4.955563235282897949e+01,6.390000000000000000e+02
4.955788207054138184e+01,6.400000000000000000e+02
4.963098073005676270e+01,6.410000000000000000e+02
4.963313555717468262e+01,6.420000000000000000e+02
4.970826482772827148e+01,6.430000000000000000e+02
4.978333616256713867e+01,6.440000000000000000e+02
4.985880684852600098e+01,6.450000000000000000e+02
4.993425703048706055e+01,6.460000000000000000e+02
5.000962638854980469e+01,6.470000000000000000e+02
5.008522033691406250e+01,6.480000000000000000e+02
5.016080737113952637e+01,6.490000000000000000e+02
5.023671078681945801e+01,6.500000000000000000e+02
5.031251740455627441e+01,6.510000000000000000e+02
5.038830924034118652e+01,6.520000000000000000e+02
5.046410465240478516e+01,6.530000000000000000e+02
5.054003572463989258e+01,6.540000000000000000e+02
5.061584234237670898e+01,6.550000000000000000e+02
5.069148087501525879e+01,6.560000000000000000e+02
5.076732778549194336e+01,6.570000000000000000e+02
5.084302520751953125e+01,6.580000000000000000e+02
5.091879963874816895e+01,6.590000000000000000e+02
5.099473381042480469e+01,6.600000000000000000e+02
5.107075858116149902e+01,6.610000000000000000e+02
5.114626455307006836e+01,6.620000000000000000e+02
5.122157073020935059e+01,6.630000000000000000e+02
5.129685163497924805e+01,6.640000000000000000e+02
5.138792943954467773e+01,6.650000000000000000e+02
5.146784782409667969e+01,6.660000000000000000e+02
5.154110145568847656e+01,6.670000000000000000e+02
5.161433458328247070e+01,6.680000000000000000e+02
5.161652135848999023e+01,6.690000000000000000e+02
5.176724672317504883e+01,6.700000000000000000e+02
5.184255290031433105e+01,6.710000000000000000e+02
5.191831779479980469e+01,6.720000000000000000e+02
5.199388098716735840e+01,6.730000000000000000e+02
5.206965422630310059e+01,6.740000000000000000e+02
5.214535069465637207e+01,6.750000000000000000e+02
5.222107791900634766e+01,6.760000000000000000e+02
5.229701781272888184e+01,6.770000000000000000e+02
5.237261676788330078e+01,6.780000000000000000e+02
5.244823312759399414e+01,6.790000000000000000e+02
5.252385663986206055e+01,6.800000000000000000e+02
5.259982562065124512e+01,6.810000000000000000e+02
5.267314434051513672e+01,6.820000000000000000e+02
5.267561078071594238e+01,6.830000000000000000e+02
5.274933242797851562e+01,6.840000000000000000e+02
5.275365924835205078e+01,6.850000000000000000e+02
5.297694730758666992e+01,6.860000000000000000e+02
5.297923040390014648e+01,6.870000000000000000e+02
5.305260109901428223e+01,6.880000000000000000e+02
5.305485224723815918e+01,6.890000000000000000e+02
5.320401978492736816e+01,6.900000000000000000e+02
5.320629096031188965e+01,6.910000000000000000e+02
5.350565552711486816e+01,6.920000000000000000e+02
5.350792312622070312e+01,6.930000000000000000e+02
5.358366608619689941e+01,6.940000000000000000e+02
5.365945529937744141e+01,6.950000000000000000e+02
5.373485231399536133e+01,6.960000000000000000e+02
5.381015300750732422e+01,6.970000000000000000e+02
5.388574433326721191e+01,6.980000000000000000e+02
5.396162462234497070e+01,6.990000000000000000e+02
5.403740453720092773e+01,7.000000000000000000e+02
5.411376547813415527e+01,7.010000000000000000e+02
5.418911695480346680e+01,7.020000000000000000e+02
5.426438283920288086e+01,7.030000000000000000e+02
5.433984279632568359e+01,7.040000000000000000e+02
5.441514801979064941e+01,7.050000000000000000e+02
5.449050664901733398e+01,7.060000000000000000e+02
5.456588411331176758e+01,7.070000000000000000e+02
5.464133429527282715e+01,7.080000000000000000e+02
5.471708798408508301e+01,7.090000000000000000e+02
5.479298496246337891e+01,7.100000000000000000e+02
5.486826634407043457e+01,7.110000000000000000e+02
5.494541311264038086e+01,7.120000000000000000e+02
5.502106928825378418e+01,7.130000000000000000e+02
5.509694838523864746e+01,7.140000000000000000e+02
5.517231488227844238e+01,7.150000000000000000e+02
5.524890136718750000e+01,7.160000000000000000e+02
5.532232332229614258e+01,7.170000000000000000e+02
5.532470059394836426e+01,7.180000000000000000e+02
5.539809060096740723e+01,7.190000000000000000e+02
5.540048217773437500e+01,7.200000000000000000e+02
5.547580480575561523e+01,7.210000000000000000e+02
5.555089259147644043e+01,7.220000000000000000e+02
5.562627744674682617e+01,7.230000000000000000e+02
5.570156407356262207e+01,7.240000000000000000e+02
5.577812933921813965e+01,7.250000000000000000e+02
5.585350918769836426e+01,7.260000000000000000e+02
5.592885327339172363e+01,7.270000000000000000e+02
5.600417566299438477e+01,7.280000000000000000e+02
5.607953238487243652e+01,7.290000000000000000e+02
5.615499162673950195e+01,7.300000000000000000e+02
5.623033738136291504e+01,7.310000000000000000e+02
5.630566310882568359e+01,7.320000000000000000e+02
5.638097214698791504e+01,7.330000000000000000e+02
5.645651602745056152e+01,7.340000000000000000e+02
5.653191804885864258e+01,7.350000000000000000e+02
5.660720133781433105e+01,7.360000000000000000e+02
5.668349885940551758e+01,7.370000000000000000e+02
5.676010966300964355e+01,7.380000000000000000e+02
5.683551383018493652e+01,7.390000000000000000e+02
5.691087079048156738e+01,7.400000000000000000e+02
5.698634910583496094e+01,7.410000000000000000e+02
5.706179046630859375e+01,7.420000000000000000e+02
5.713724493980407715e+01,7.430000000000000000e+02
5.721267700195312500e+01,7.440000000000000000e+02
5.729467415809631348e+01,7.450000000000000000e+02
5.737235856056213379e+01,7.460000000000000000e+02
5.737739872932434082e+01,7.470000000000000000e+02
5.745342493057250977e+01,7.480000000000000000e+02
5.752938604354858398e+01,7.490000000000000000e+02
5.760569834709167480e+01,7.500000000000000000e+02
5.768189692497253418e+01,7.510000000000000000e+02
5.775955748558044434e+01,7.520000000000000000e+02
5.783556914329528809e+01,7.530000000000000000e+02
5.791103005409240723e+01,7.540000000000000000e+02
5.798649930953979492e+01,7.550000000000000000e+02
5.806195211410522461e+01,7.560000000000000000e+02
5.813739895820617676e+01,7.570000000000000000e+02
5.821390700340270996e+01,7.580000000000000000e+02
5.828947067260742188e+01,7.590000000000000000e+02
5.836511230468750000e+01,7.600000000000000000e+02
5.844067788124084473e+01,7.610000000000000000e+02
5.851622581481933594e+01,7.620000000000000000e+02
5.866518902778625488e+01,7.630000000000000000e+02
5.874081945419311523e+01,7.640000000000000000e+02
5.881644964218139648e+01,7.650000000000000000e+02
5.889216876029968262e+01,7.660000000000000000e+02
5.896795678138732910e+01,7.670000000000000000e+02
5.904344463348388672e+01,7.680000000000000000e+02
5.911989688873291016e+01,7.690000000000000000e+02
5.919546437263488770e+01,7.700000000000000000e+02
5.927130460739135742e+01,7.710000000000000000e+02
5.934688782691955566e+01,7.720000000000000000e+02
5.942235326766967773e+01,7.730000000000000000e+02
5.949783420562744141e+01,7.740000000000000000e+02
5.957322716712951660e+01,7.750000000000000000e+02
5.964863228797912598e+01,7.760000000000000000e+02
5.974437451362609863e+01,7.770000000000000000e+02
5.981992316246032715e+01,7.780000000000000000e+02
5.989524126052856445e+01,7.790000000000000000e+02
5.997050118446350098e+01,7.800000000000000000e+02
6.004537796974182129e+01,7.810000000000000000e+02
