time,packet_count
1.607682704925537109e-01,1.000000000000000000e+00
2.362427711486816406e-01,2.000000000000000000e+00
3.119177818298339844e-01,3.000000000000000000e+00
4.792213439941406250e-01,4.000000000000000000e+00
4.815042018890380859e-01,5.000000000000000000e+00
5.546844005584716797e-01,6.000000000000000000e+00
5.569880008697509766e-01,7.000000000000000000e+00
6.301765441894531250e-01,8.000000000000000000e+00
6.325235366821289062e-01,9.000000000000000000e+00
7.058289051055908203e-01,1.000000000000000000e+01
7.082915306091308594e-01,1.100000000000000000e+01
7.817173004150390625e-01,1.200000000000000000e+01
7.841897010803222656e-01,1.300000000000000000e+01
8.574202060699462891e-01,1.400000000000000000e+01
8.597612380981445312e-01,1.500000000000000000e+01
9.330384731292724609e-01,1.600000000000000000e+01
9.354174137115478516e-01,1.700000000000000000e+01
5.993186235427856445e+00,1.800000000000000000e+01
6.066455364227294922e+00,1.900000000000000000e+01
6.139799356460571289e+00,2.000000000000000000e+01
6.142126560211181641e+00,2.100000000000000000e+01
6.215452671051025391e+00,2.200000000000000000e+01
6.217751979827880859e+00,2.300000000000000000e+01
6.290909767150878906e+00,2.400000000000000000e+01
6.293390989303588867e+00,2.500000000000000000e+01
6.366655349731445312e+00,2.600000000000000000e+01
6.368967056274414062e+00,2.700000000000000000e+01
6.442314386367797852e+00,2.800000000000000000e+01
6.444654941558837891e+00,2.900000000000000000e+01
6.518048286437988281e+00,3.000000000000000000e+01
6.520301342010498047e+00,3.100000000000000000e+01
6.669234752655029297e+00,3.200000000000000000e+01
6.671416282653808594e+00,3.300000000000000000e+01
6.744729757308959961e+00,3.400000000000000000e+01
6.747023105621337891e+00,3.500000000000000000e+01
6.820292711257934570e+00,3.600000000000000000e+01
6.822563409805297852e+00,3.700000000000000000e+01
6.895894050598144531e+00,3.800000000000000000e+01
6.898205280303955078e+00,3.900000000000000000e+01
7.046705722808837891e+00,4.000000000000000000e+01
7.048993349075317383e+00,4.100000000000000000e+01
7.291368246078491211e+00,4.200000000000000000e+01
7.458307981491088867e+00,4.300000000000000000e+01
7.531832456588745117e+00,4.400000000000000000e+01
7.534140825271606445e+00,4.500000000000000000e+01
7.607490301132202148e+00,4.600000000000000000e+01
7.609809160232543945e+00,4.700000000000000000e+01
7.758192777633666992e+00,4.800000000000000000e+01
7.760463953018188477e+00,4.900000000000000000e+01
7.833928108215332031e+00,5.000000000000000000e+01
7.836226463317871094e+00,5.100000000000000000e+01
7.909613370895385742e+00,5.200000000000000000e+01
7.911980867385864258e+00,5.300000000000000000e+01
7.985909700393676758e+00,5.400000000000000000e+01
7.988572359085083008e+00,5.500000000000000000e+01
8.061714887619018555e+00,5.600000000000000000e+01
8.063870191574096680e+00,5.700000000000000000e+01
8.136890172958374023e+00,5.800000000000000000e+01
8.139067649841308594e+00,5.900000000000000000e+01
8.212188959121704102e+00,6.000000000000000000e+01
8.214362144470214844e+00,6.100000000000000000e+01
8.291269779205322266e+00,6.200000000000000000e+01
8.364413261413574219e+00,6.300000000000000000e+01
8.366586208343505859e+00,6.400000000000000000e+01
8.439721107482910156e+00,6.500000000000000000e+01
8.441983461380004883e+00,6.600000000000000000e+01
8.517135143280029297e+00,6.700000000000000000e+01
8.589944839477539062e+00,6.800000000000000000e+01
8.592092514038085938e+00,6.900000000000000000e+01
8.668598413467407227e+00,7.000000000000000000e+01
8.741744041442871094e+00,7.100000000000000000e+01
8.743939161300659180e+00,7.200000000000000000e+01
8.819331407546997070e+00,7.300000000000000000e+01
8.894671916961669922e+00,7.400000000000000000e+01
8.970870971679687500e+00,7.500000000000000000e+01
9.046266555786132812e+00,7.600000000000000000e+01
9.121590375900268555e+00,7.700000000000000000e+01
9.196979045867919922e+00,7.800000000000000000e+01
9.272322893142700195e+00,7.900000000000000000e+01
9.347708225250244141e+00,8.000000000000000000e+01
9.423040151596069336e+00,8.100000000000000000e+01
9.498292446136474609e+00,8.200000000000000000e+01
9.573707580566406250e+00,8.300000000000000000e+01
9.649886369705200195e+00,8.400000000000000000e+01
9.725325822830200195e+00,8.500000000000000000e+01
9.800823211669921875e+00,8.600000000000000000e+01
9.876253128051757812e+00,8.700000000000000000e+01
9.951608896255493164e+00,8.800000000000000000e+01
1.002698421478271484e+01,8.900000000000000000e+01
1.010246729850769043e+01,9.000000000000000000e+01
1.017813706398010254e+01,9.100000000000000000e+01
1.025355434417724609e+01,9.200000000000000000e+01
1.032895255088806152e+01,9.300000000000000000e+01
1.040452289581298828e+01,9.400000000000000000e+01
1.048009705543518066e+01,9.500000000000000000e+01
1.062879157066345215e+01,9.600000000000000000e+01
1.084845089912414551e+01,9.700000000000000000e+01
1.092164611816406250e+01,9.800000000000000000e+01
1.092392015457153320e+01,9.900000000000000000e+01
1.099744391441345215e+01,1.000000000000000000e+02
1.100057768821716309e+01,1.010000000000000000e+02
1.107486605644226074e+01,1.020000000000000000e+02
1.107724523544311523e+01,1.030000000000000000e+02
1.115040111541748047e+01,1.040000000000000000e+02
1.115267372131347656e+01,1.050000000000000000e+02
1.122580885887145996e+01,1.060000000000000000e+02
1.122797036170959473e+01,1.070000000000000000e+02
1.130112290382385254e+01,1.080000000000000000e+02
1.130334186553955078e+01,1.090000000000000000e+02
1.137648010253906250e+01,1.100000000000000000e+02
1.137862157821655273e+01,1.110000000000000000e+02
1.145179605484008789e+01,1.120000000000000000e+02
1.145404267311096191e+01,1.130000000000000000e+02
1.152724194526672363e+01,1.140000000000000000e+02
1.152949714660644531e+01,1.150000000000000000e+02
1.160266017913818359e+01,1.160000000000000000e+02
1.160490989685058594e+01,1.170000000000000000e+02
1.168013381958007812e+01,1.180000000000000000e+02
1.175514698028564453e+01,1.190000000000000000e+02
1.183050084114074707e+01,1.200000000000000000e+02
1.190588712692260742e+01,1.210000000000000000e+02
1.198231363296508789e+01,1.220000000000000000e+02
1.205766987800598145e+01,1.230000000000000000e+02
1.213302040100097656e+01,1.240000000000000000e+02
1.220837950706481934e+01,1.250000000000000000e+02
1.228379750251770020e+01,1.260000000000000000e+02
1.235920953750610352e+01,1.270000000000000000e+02
1.243468308448791504e+01,1.280000000000000000e+02
1.251012682914733887e+01,1.290000000000000000e+02
1.258552598953247070e+01,1.300000000000000000e+02
1.266096162796020508e+01,1.310000000000000000e+02
1.273640894889831543e+01,1.320000000000000000e+02
1.281181979179382324e+01,1.330000000000000000e+02
1.288721752166748047e+01,1.340000000000000000e+02
1.303634333610534668e+01,1.350000000000000000e+02
1.311168813705444336e+01,1.360000000000000000e+02
1.318777942657470703e+01,1.370000000000000000e+02
1.326325583457946777e+01,1.380000000000000000e+02
1.333868646621704102e+01,1.390000000000000000e+02
1.341399168968200684e+01,1.400000000000000000e+02
1.349014401435852051e+01,1.410000000000000000e+02
1.358352565765380859e+01,1.420000000000000000e+02
1.358571028709411621e+01,1.430000000000000000e+02
1.366102075576782227e+01,1.440000000000000000e+02
1.373644113540649414e+01,1.450000000000000000e+02
1.381178855895996094e+01,1.460000000000000000e+02
1.388703083992004395e+01,1.470000000000000000e+02
1.411060094833374023e+01,1.480000000000000000e+02
1.418629479408264160e+01,1.490000000000000000e+02
1.426203441619873047e+01,1.500000000000000000e+02
1.435822844505310059e+01,1.510000000000000000e+02
1.443402552604675293e+01,1.520000000000000000e+02
1.450974869728088379e+01,1.530000000000000000e+02
1.458541345596313477e+01,1.540000000000000000e+02
1.466112661361694336e+01,1.550000000000000000e+02
1.473683977127075195e+01,1.560000000000000000e+02
1.481266283988952637e+01,1.570000000000000000e+02
1.488839602470397949e+01,1.580000000000000000e+02
1.496433281898498535e+01,1.590000000000000000e+02
1.503995299339294434e+01,1.600000000000000000e+02
1.511539506912231445e+01,1.610000000000000000e+02
1.519086122512817383e+01,1.620000000000000000e+02
1.526634383201599121e+01,1.630000000000000000e+02
1.534173226356506348e+01,1.640000000000000000e+02
1.541715121269226074e+01,1.650000000000000000e+02
1.549359130859375000e+01,1.660000000000000000e+02
1.556904864311218262e+01,1.670000000000000000e+02
1.573618769645690918e+01,1.680000000000000000e+02
1.573902964591979980e+01,1.690000000000000000e+02
1.581221771240234375e+01,1.700000000000000000e+02
1.581446146965026855e+01,1.710000000000000000e+02
1.603852844238281250e+01,1.720000000000000000e+02
1.604072499275207520e+01,1.730000000000000000e+02
1.611389851570129395e+01,1.740000000000000000e+02
1.611614227294921875e+01,1.750000000000000000e+02
1.628322315216064453e+01,1.760000000000000000e+02
1.635637092590332031e+01,1.770000000000000000e+02
1.635859894752502441e+01,1.780000000000000000e+02
1.643176293373107910e+01,1.790000000000000000e+02
1.643400120735168457e+01,1.800000000000000000e+02
1.650708580017089844e+01,1.810000000000000000e+02
1.650931119918823242e+01,1.820000000000000000e+02
1.658244895935058594e+01,1.830000000000000000e+02
1.658466005325317383e+01,1.840000000000000000e+02
1.665781044960021973e+01,1.850000000000000000e+02
1.665997338294982910e+01,1.860000000000000000e+02
1.673542499542236328e+01,1.870000000000000000e+02
1.681080412864685059e+01,1.880000000000000000e+02
1.688620543479919434e+01,1.890000000000000000e+02
1.696292233467102051e+01,1.900000000000000000e+02
1.703839564323425293e+01,1.910000000000000000e+02
1.711375141143798828e+01,1.920000000000000000e+02
1.718914198875427246e+01,1.930000000000000000e+02
1.726450657844543457e+01,1.940000000000000000e+02
1.733990907669067383e+01,1.950000000000000000e+02
1.741532230377197266e+01,1.960000000000000000e+02
1.749192309379577637e+01,1.970000000000000000e+02
1.756742167472839355e+01,1.980000000000000000e+02
1.768134927749633789e+01,1.990000000000000000e+02
1.768404698371887207e+01,2.000000000000000000e+02
1.775946235656738281e+01,2.010000000000000000e+02
1.783490395545959473e+01,2.020000000000000000e+02
1.791025233268737793e+01,2.030000000000000000e+02
1.798641204833984375e+01,2.040000000000000000e+02
1.806177353858947754e+01,2.050000000000000000e+02
1.813715243339538574e+01,2.060000000000000000e+02
1.821245336532592773e+01,2.070000000000000000e+02
1.828769230842590332e+01,2.080000000000000000e+02
1.843392992019653320e+01,2.090000000000000000e+02
1.850711917877197266e+01,2.100000000000000000e+02
1.858024930953979492e+01,2.110000000000000000e+02
1.858240199089050293e+01,2.120000000000000000e+02
1.865766119956970215e+01,2.130000000000000000e+02
1.873297381401062012e+01,2.140000000000000000e+02
1.880821704864501953e+01,2.150000000000000000e+02
1.888344240188598633e+01,2.160000000000000000e+02
1.896485590934753418e+01,2.170000000000000000e+02
1.903811979293823242e+01,2.180000000000000000e+02
1.911138510704040527e+01,2.190000000000000000e+02
1.911363458633422852e+01,2.200000000000000000e+02
1.918711495399475098e+01,2.210000000000000000e+02
1.918991231918334961e+01,2.220000000000000000e+02
1.933800125122070312e+01,2.230000000000000000e+02
1.934016609191894531e+01,2.240000000000000000e+02
1.941331195831298828e+01,2.250000000000000000e+02
1.941542506217956543e+01,2.260000000000000000e+02
1.952911877632141113e+01,2.270000000000000000e+02
1.953129816055297852e+01,2.280000000000000000e+02
1.975083231925964355e+01,2.290000000000000000e+02
1.991736531257629395e+01,2.300000000000000000e+02
2.006645417213439941e+01,2.310000000000000000e+02
2.013985466957092285e+01,2.320000000000000000e+02
2.014213442802429199e+01,2.330000000000000000e+02
2.021560907363891602e+01,2.340000000000000000e+02
2.021816182136535645e+01,2.350000000000000000e+02
2.029147076606750488e+01,2.360000000000000000e+02
2.029402136802673340e+01,2.370000000000000000e+02
2.036745762825012207e+01,2.380000000000000000e+02
2.036980271339416504e+01,2.390000000000000000e+02
2.044292831420898438e+01,2.400000000000000000e+02
2.044505357742309570e+01,2.410000000000000000e+02
2.051819849014282227e+01,2.420000000000000000e+02
2.052033948898315430e+01,2.430000000000000000e+02
2.059353303909301758e+01,2.440000000000000000e+02
2.059565949440002441e+01,2.450000000000000000e+02
2.067202973365783691e+01,2.460000000000000000e+02
2.074535536766052246e+01,2.470000000000000000e+02
2.074774909019470215e+01,2.480000000000000000e+02
2.089577698707580566e+01,2.490000000000000000e+02
2.089798283576965332e+01,2.500000000000000000e+02
2.097354435920715332e+01,2.510000000000000000e+02
2.104877829551696777e+01,2.520000000000000000e+02
2.112404036521911621e+01,2.530000000000000000e+02
2.119934940338134766e+01,2.540000000000000000e+02
2.127469801902770996e+01,2.550000000000000000e+02
2.141112446784973145e+01,2.560000000000000000e+02
2.148751354217529297e+01,2.570000000000000000e+02
2.156289124488830566e+01,2.580000000000000000e+02
2.163875603675842285e+01,2.590000000000000000e+02
2.171411395072937012e+01,2.600000000000000000e+02
2.178943753242492676e+01,2.610000000000000000e+02
2.186477446556091309e+01,2.620000000000000000e+02
2.194015741348266602e+01,2.630000000000000000e+02
2.201546669006347656e+01,2.640000000000000000e+02
2.216468501091003418e+01,2.650000000000000000e+02
2.224001431465148926e+01,2.660000000000000000e+02
2.231530809402465820e+01,2.670000000000000000e+02
2.239065337181091309e+01,2.680000000000000000e+02
2.246793889999389648e+01,2.690000000000000000e+02
2.261659741401672363e+01,2.700000000000000000e+02
2.283619666099548340e+01,2.710000000000000000e+02
2.290944266319274902e+01,2.720000000000000000e+02
2.291159701347351074e+01,2.730000000000000000e+02
2.298502635955810547e+01,2.740000000000000000e+02
2.298783183097839355e+01,2.750000000000000000e+02
2.306100296974182129e+01,2.760000000000000000e+02
2.306319332122802734e+01,2.770000000000000000e+02
2.313631629943847656e+01,2.780000000000000000e+02
2.313846230506896973e+01,2.790000000000000000e+02
2.321374750137329102e+01,2.800000000000000000e+02
2.328902769088745117e+01,2.810000000000000000e+02
2.336431503295898438e+01,2.820000000000000000e+02
2.344363927841186523e+01,2.830000000000000000e+02
2.351683330535888672e+01,2.840000000000000000e+02
2.351897430419921875e+01,2.850000000000000000e+02
2.359210824966430664e+01,2.860000000000000000e+02
2.359426355361938477e+01,2.870000000000000000e+02
2.381776475906372070e+01,2.880000000000000000e+02
2.381995654106140137e+01,2.890000000000000000e+02
2.389311099052429199e+01,2.900000000000000000e+02
2.389526033401489258e+01,2.910000000000000000e+02
2.397304725646972656e+01,2.920000000000000000e+02
2.404619932174682617e+01,2.930000000000000000e+02
2.404830574989318848e+01,2.940000000000000000e+02
2.419794058799743652e+01,2.950000000000000000e+02
2.427330446243286133e+01,2.960000000000000000e+02
2.434864687919616699e+01,2.970000000000000000e+02
2.442392730712890625e+01,2.980000000000000000e+02
2.449924421310424805e+01,2.990000000000000000e+02
2.457451844215393066e+01,3.000000000000000000e+02
2.465068650245666504e+01,3.010000000000000000e+02
2.472590899467468262e+01,3.020000000000000000e+02
2.480126094818115234e+01,3.030000000000000000e+02
2.487653970718383789e+01,3.040000000000000000e+02
2.495191526412963867e+01,3.050000000000000000e+02
2.502731561660766602e+01,3.060000000000000000e+02
2.510262465476989746e+01,3.070000000000000000e+02
2.517795467376708984e+01,3.080000000000000000e+02
2.525328350067138672e+01,3.090000000000000000e+02
2.532875752449035645e+01,3.100000000000000000e+02
2.540413451194763184e+01,3.110000000000000000e+02
2.547981238365173340e+01,3.120000000000000000e+02
2.562853264808654785e+01,3.130000000000000000e+02
2.577491617202758789e+01,3.140000000000000000e+02
2.584812259674072266e+01,3.150000000000000000e+02
2.592133188247680664e+01,3.160000000000000000e+02
2.592348074913024902e+01,3.170000000000000000e+02
2.600016164779663086e+01,3.180000000000000000e+02
2.607328724861145020e+01,3.190000000000000000e+02
2.607544660568237305e+01,3.200000000000000000e+02
2.614852166175842285e+01,3.210000000000000000e+02
2.615077638626098633e+01,3.220000000000000000e+02
2.622391486167907715e+01,3.230000000000000000e+02
2.622604537010192871e+01,3.240000000000000000e+02
2.630141639709472656e+01,3.250000000000000000e+02
2.641522383689880371e+01,3.260000000000000000e+02
2.641738891601562500e+01,3.270000000000000000e+02
2.663739728927612305e+01,3.280000000000000000e+02
2.678543019294738770e+01,3.290000000000000000e+02
2.678766131401062012e+01,3.300000000000000000e+02
2.686084342002868652e+01,3.310000000000000000e+02
2.686303043365478516e+01,3.320000000000000000e+02
2.693620300292968750e+01,3.330000000000000000e+02
2.693845152854919434e+01,3.340000000000000000e+02
2.701161360740661621e+01,3.350000000000000000e+02
2.701379346847534180e+01,3.360000000000000000e+02
2.708889746665954590e+01,3.370000000000000000e+02
2.716387605667114258e+01,3.380000000000000000e+02
2.723919320106506348e+01,3.390000000000000000e+02
2.731453490257263184e+01,3.400000000000000000e+02
2.738989162445068359e+01,3.410000000000000000e+02
2.746752500534057617e+01,3.420000000000000000e+02
2.754068613052368164e+01,3.430000000000000000e+02
2.754347252845764160e+01,3.440000000000000000e+02
2.761665725708007812e+01,3.450000000000000000e+02
2.761881566047668457e+01,3.460000000000000000e+02
2.769193410873413086e+01,3.470000000000000000e+02
2.769417834281921387e+01,3.480000000000000000e+02
2.776946067810058594e+01,3.490000000000000000e+02
2.784475636482238770e+01,3.500000000000000000e+02
2.792002868652343750e+01,3.510000000000000000e+02
2.799613070487976074e+01,3.520000000000000000e+02
2.807150673866271973e+01,3.530000000000000000e+02
2.814731860160827637e+01,3.540000000000000000e+02
2.822266602516174316e+01,3.550000000000000000e+02
2.829873180389404297e+01,3.560000000000000000e+02
2.837413215637207031e+01,3.570000000000000000e+02
2.845005750656127930e+01,3.580000000000000000e+02
2.852587342262268066e+01,3.590000000000000000e+02
2.860151410102844238e+01,3.600000000000000000e+02
2.867706632614135742e+01,3.610000000000000000e+02
2.875272798538208008e+01,3.620000000000000000e+02
2.882810544967651367e+01,3.630000000000000000e+02
2.890347290039062500e+01,3.640000000000000000e+02
2.897908496856689453e+01,3.650000000000000000e+02
2.905446171760559082e+01,3.660000000000000000e+02
2.912980413436889648e+01,3.670000000000000000e+02
2.920515465736389160e+01,3.680000000000000000e+02
2.928053808212280273e+01,3.690000000000000000e+02
2.957503032684326172e+01,3.700000000000000000e+02
2.964828133583068848e+01,3.710000000000000000e+02
2.972163701057434082e+01,3.720000000000000000e+02
2.972385597229003906e+01,3.730000000000000000e+02
2.987261533737182617e+01,3.740000000000000000e+02
2.987479352951049805e+01,3.750000000000000000e+02
3.002289223670959473e+01,3.760000000000000000e+02
3.002508521080017090e+01,3.770000000000000000e+02
3.010196423530578613e+01,3.780000000000000000e+02
3.017507791519165039e+01,3.790000000000000000e+02
3.017732858657836914e+01,3.800000000000000000e+02
3.025057578086853027e+01,3.810000000000000000e+02
3.025278210639953613e+01,3.820000000000000000e+02
3.032921361923217773e+01,3.830000000000000000e+02
3.033319187164306641e+01,3.840000000000000000e+02
3.047990846633911133e+01,3.850000000000000000e+02
3.055321669578552246e+01,3.860000000000000000e+02
3.055546522140502930e+01,3.870000000000000000e+02
3.062862873077392578e+01,3.880000000000000000e+02
3.063073468208312988e+01,3.890000000000000000e+02
3.070610642433166504e+01,3.900000000000000000e+02
3.078143763542175293e+01,3.910000000000000000e+02
3.085678672790527344e+01,3.920000000000000000e+02
3.093215203285217285e+01,3.930000000000000000e+02
3.100749802589416504e+01,3.940000000000000000e+02
3.108270001411437988e+01,3.950000000000000000e+02
3.115809655189514160e+01,3.960000000000000000e+02
3.123340559005737305e+01,3.970000000000000000e+02
3.130869626998901367e+01,3.980000000000000000e+02
3.138391566276550293e+01,3.990000000000000000e+02
3.155436086654663086e+01,4.000000000000000000e+02
3.162762856483459473e+01,4.010000000000000000e+02
3.162995791435241699e+01,4.020000000000000000e+02
3.170326471328735352e+01,4.030000000000000000e+02
3.170559239387512207e+01,4.040000000000000000e+02
3.177914977073669434e+01,4.050000000000000000e+02
3.178141736984252930e+01,4.060000000000000000e+02
3.185456466674804688e+01,4.070000000000000000e+02
3.185689425468444824e+01,4.080000000000000000e+02
3.193022060394287109e+01,4.090000000000000000e+02
3.193263292312622070e+01,4.100000000000000000e+02
3.200778317451477051e+01,4.110000000000000000e+02
3.208288478851318359e+01,4.120000000000000000e+02
3.215821075439453125e+01,4.130000000000000000e+02
3.223353695869445801e+01,4.140000000000000000e+02
3.230890631675720215e+01,4.150000000000000000e+02
3.238446211814880371e+01,4.160000000000000000e+02
3.246224570274353027e+01,4.170000000000000000e+02
3.253777265548706055e+01,4.180000000000000000e+02
3.261319065093994141e+01,4.190000000000000000e+02
3.268954682350158691e+01,4.200000000000000000e+02
3.276265883445739746e+01,4.210000000000000000e+02
3.276492238044738770e+01,4.220000000000000000e+02
3.284037661552429199e+01,4.230000000000000000e+02
3.291580343246459961e+01,4.240000000000000000e+02
3.299258923530578613e+01,4.250000000000000000e+02
3.306578707695007324e+01,4.260000000000000000e+02
3.306799149513244629e+01,4.270000000000000000e+02
3.314113640785217285e+01,4.280000000000000000e+02
3.314338898658752441e+01,4.290000000000000000e+02
3.321889233589172363e+01,4.300000000000000000e+02
3.329431748390197754e+01,4.310000000000000000e+02
3.336974930763244629e+01,4.320000000000000000e+02
3.344520258903503418e+01,4.330000000000000000e+02
3.352065563201904297e+01,4.340000000000000000e+02
3.359613585472106934e+01,4.350000000000000000e+02
3.367157196998596191e+01,4.360000000000000000e+02
3.374704527854919434e+01,4.370000000000000000e+02
3.382252383232116699e+01,4.380000000000000000e+02
3.389798784255981445e+01,4.390000000000000000e+02
3.397349548339843750e+01,4.400000000000000000e+02
3.404891061782836914e+01,4.410000000000000000e+02
3.412430763244628906e+01,4.420000000000000000e+02
3.420065760612487793e+01,4.430000000000000000e+02
3.427666878700256348e+01,4.440000000000000000e+02
3.435211038589477539e+01,4.450000000000000000e+02
3.442743229866027832e+01,4.460000000000000000e+02
3.450352430343627930e+01,4.470000000000000000e+02
3.457890057563781738e+01,4.480000000000000000e+02
3.465501213073730469e+01,4.490000000000000000e+02
3.473039770126342773e+01,4.500000000000000000e+02
3.480593442916870117e+01,4.510000000000000000e+02
3.488144135475158691e+01,4.520000000000000000e+02
3.495751023292541504e+01,4.530000000000000000e+02
3.503300094604492188e+01,4.540000000000000000e+02
3.510840749740600586e+01,4.550000000000000000e+02
3.518381071090698242e+01,4.560000000000000000e+02
3.525912547111511230e+01,4.570000000000000000e+02
3.533445024490356445e+01,4.580000000000000000e+02
3.540983843803405762e+01,4.590000000000000000e+02
3.548631668090820312e+01,4.600000000000000000e+02
3.563478922843933105e+01,4.610000000000000000e+02
3.571019291877746582e+01,4.620000000000000000e+02
3.578611326217651367e+01,4.630000000000000000e+02
3.586145377159118652e+01,4.640000000000000000e+02
3.593682813644409180e+01,4.650000000000000000e+02
3.601225423812866211e+01,4.660000000000000000e+02
3.608761048316955566e+01,4.670000000000000000e+02
3.623391938209533691e+01,4.680000000000000000e+02
3.630712032318115234e+01,4.690000000000000000e+02
3.638027644157409668e+01,4.700000000000000000e+02
3.638254380226135254e+01,4.710000000000000000e+02
3.646100831031799316e+01,4.720000000000000000e+02
3.653468036651611328e+01,4.730000000000000000e+02
3.660780692100524902e+01,4.740000000000000000e+02
3.661004996299743652e+01,4.750000000000000000e+02
3.668313789367675781e+01,4.760000000000000000e+02
3.668532967567443848e+01,4.770000000000000000e+02
3.676065444946289062e+01,4.780000000000000000e+02
3.683599066734313965e+01,4.790000000000000000e+02
3.691136074066162109e+01,4.800000000000000000e+02
3.698789668083190918e+01,4.810000000000000000e+02
3.706333279609680176e+01,4.820000000000000000e+02
3.713866472244262695e+01,4.830000000000000000e+02
3.721390175819396973e+01,4.840000000000000000e+02
3.729006004333496094e+01,4.850000000000000000e+02
3.736552047729492188e+01,4.860000000000000000e+02
3.744084835052490234e+01,4.870000000000000000e+02
3.751617193222045898e+01,4.880000000000000000e+02
3.759181666374206543e+01,4.890000000000000000e+02
3.766743445396423340e+01,4.900000000000000000e+02
3.774304270744323730e+01,4.910000000000000000e+02
3.781873035430908203e+01,4.920000000000000000e+02
3.789440107345581055e+01,4.930000000000000000e+02
3.797771644592285156e+01,4.940000000000000000e+02
3.805186653137207031e+01,4.950000000000000000e+02
3.812531471252441406e+01,4.960000000000000000e+02
3.827371883392333984e+01,4.970000000000000000e+02
3.827595162391662598e+01,4.980000000000000000e+02
3.834930324554443359e+01,4.990000000000000000e+02
3.835161232948303223e+01,5.000000000000000000e+02
3.850029063224792480e+01,5.010000000000000000e+02
3.850261449813842773e+01,5.020000000000000000e+02
3.857596397399902344e+01,5.030000000000000000e+02
3.857824897766113281e+01,5.040000000000000000e+02
3.865199851989746094e+01,5.050000000000000000e+02
3.865513157844543457e+01,5.060000000000000000e+02
3.872856092453002930e+01,5.070000000000000000e+02
3.873087096214294434e+01,5.080000000000000000e+02
3.880418539047241211e+01,5.090000000000000000e+02
3.880715703964233398e+01,5.100000000000000000e+02
3.888044381141662598e+01,5.110000000000000000e+02
3.895384645462036133e+01,5.120000000000000000e+02
3.895714902877807617e+01,5.130000000000000000e+02
3.903051877021789551e+01,5.140000000000000000e+02
3.903279948234558105e+01,5.150000000000000000e+02
3.918146038055419922e+01,5.160000000000000000e+02
3.918369126319885254e+01,5.170000000000000000e+02
3.925704050064086914e+01,5.180000000000000000e+02
3.925930070877075195e+01,5.190000000000000000e+02
3.933250784873962402e+01,5.200000000000000000e+02
3.933484315872192383e+01,5.210000000000000000e+02
3.940822958946228027e+01,5.220000000000000000e+02
3.941054034233093262e+01,5.230000000000000000e+02
3.948394203186035156e+01,5.240000000000000000e+02
3.948709368705749512e+01,5.250000000000000000e+02
3.956046891212463379e+01,5.260000000000000000e+02
3.956291437149047852e+01,5.270000000000000000e+02
3.971215724945068359e+01,5.280000000000000000e+02
3.971445083618164062e+01,5.290000000000000000e+02
3.978782773017883301e+01,5.300000000000000000e+02
3.979012489318847656e+01,5.310000000000000000e+02
3.986346077919006348e+01,5.320000000000000000e+02
3.986576509475708008e+01,5.330000000000000000e+02
3.993908810615539551e+01,5.340000000000000000e+02
3.994138741493225098e+01,5.350000000000000000e+02
4.008953928947448730e+01,5.360000000000000000e+02
4.009165358543395996e+01,5.370000000000000000e+02
4.023996639251708984e+01,5.380000000000000000e+02
4.024204540252685547e+01,5.390000000000000000e+02
4.031722283363342285e+01,5.400000000000000000e+02
4.039247107505798340e+01,5.410000000000000000e+02
4.046891522407531738e+01,5.420000000000000000e+02
4.054436445236206055e+01,5.430000000000000000e+02
4.061965274810791016e+01,5.440000000000000000e+02
4.069489145278930664e+01,5.450000000000000000e+02
4.077031540870666504e+01,5.460000000000000000e+02
4.084565424919128418e+01,5.470000000000000000e+02
4.092102456092834473e+01,5.480000000000000000e+02
4.099736380577087402e+01,5.490000000000000000e+02
4.107267951965332031e+01,5.500000000000000000e+02
4.114816379547119141e+01,5.510000000000000000e+02
4.122361326217651367e+01,5.520000000000000000e+02
4.129902386665344238e+01,5.530000000000000000e+02
4.137429451942443848e+01,5.540000000000000000e+02
4.144950985908508301e+01,5.550000000000000000e+02
4.152480411529541016e+01,5.560000000000000000e+02
4.160009336471557617e+01,5.570000000000000000e+02
4.167536211013793945e+01,5.580000000000000000e+02
4.175064373016357422e+01,5.590000000000000000e+02
4.189685368537902832e+01,5.600000000000000000e+02
4.197072005271911621e+01,5.610000000000000000e+02
4.204398274421691895e+01,5.620000000000000000e+02
4.211715126037597656e+01,5.630000000000000000e+02
4.211934351921081543e+01,5.640000000000000000e+02
4.219241309165954590e+01,5.650000000000000000e+02
4.219454669952392578e+01,5.660000000000000000e+02
4.226984786987304688e+01,5.670000000000000000e+02
4.234505605697631836e+01,5.680000000000000000e+02
4.242033433914184570e+01,5.690000000000000000e+02
4.249639797210693359e+01,5.700000000000000000e+02
4.257175779342651367e+01,5.710000000000000000e+02
4.264778590202331543e+01,5.720000000000000000e+02
4.272307586669921875e+01,5.730000000000000000e+02
4.279841232299804688e+01,5.740000000000000000e+02
4.287376928329467773e+01,5.750000000000000000e+02
4.294898366928100586e+01,5.760000000000000000e+02
4.302438163757324219e+01,5.770000000000000000e+02
4.309962511062622070e+01,5.780000000000000000e+02
4.317489719390869141e+01,5.790000000000000000e+02
4.325021958351135254e+01,5.800000000000000000e+02
4.332542300224304199e+01,5.810000000000000000e+02
4.340073418617248535e+01,5.820000000000000000e+02
4.347614288330078125e+01,5.830000000000000000e+02
4.355151271820068359e+01,5.840000000000000000e+02
4.362775850296020508e+01,5.850000000000000000e+02
4.370306110382080078e+01,5.860000000000000000e+02
4.377843332290649414e+01,5.870000000000000000e+02
4.385378384590148926e+01,5.880000000000000000e+02
4.392897820472717285e+01,5.890000000000000000e+02
4.400491952896118164e+01,5.900000000000000000e+02
4.408012747764587402e+01,5.910000000000000000e+02
4.415535235404968262e+01,5.920000000000000000e+02
4.430167746543884277e+01,5.930000000000000000e+02
4.437488484382629395e+01,5.940000000000000000e+02
4.444808197021484375e+01,5.950000000000000000e+02
4.445020794868469238e+01,5.960000000000000000e+02
4.452328801155090332e+01,5.970000000000000000e+02
4.452541494369506836e+01,5.980000000000000000e+02
4.460073447227478027e+01,5.990000000000000000e+02
4.467599177360534668e+01,6.000000000000000000e+02
4.475120139122009277e+01,6.010000000000000000e+02
4.482642340660095215e+01,6.020000000000000000e+02
4.499341320991516113e+01,6.030000000000000000e+02
4.499559783935546875e+01,6.040000000000000000e+02
4.506871700286865234e+01,6.050000000000000000e+02
4.507087016105651855e+01,6.060000000000000000e+02
4.514399361610412598e+01,6.070000000000000000e+02
4.514617013931274414e+01,6.080000000000000000e+02
4.522146344184875488e+01,6.090000000000000000e+02
4.529682946205139160e+01,6.100000000000000000e+02
4.537208032608032227e+01,6.110000000000000000e+02
4.544731974601745605e+01,6.120000000000000000e+02
4.553150105476379395e+01,6.130000000000000000e+02
4.560472297668457031e+01,6.140000000000000000e+02
4.575113010406494141e+01,6.150000000000000000e+02
4.575326800346374512e+01,6.160000000000000000e+02
4.590129661560058594e+01,6.170000000000000000e+02
4.590351676940917969e+01,6.180000000000000000e+02
4.597900366783142090e+01,6.190000000000000000e+02
4.605180931091308594e+01,6.200000000000000000e+02
4.605395364761352539e+01,6.210000000000000000e+02
4.612928557395935059e+01,6.220000000000000000e+02
4.620460295677185059e+01,6.230000000000000000e+02
4.627994775772094727e+01,6.240000000000000000e+02
4.635527229309082031e+01,6.250000000000000000e+02
4.643049645423889160e+01,6.260000000000000000e+02
4.650593709945678711e+01,6.270000000000000000e+02
4.658127617835998535e+01,6.280000000000000000e+02
4.665775132179260254e+01,6.290000000000000000e+02
4.673311471939086914e+01,6.300000000000000000e+02
4.680836796760559082e+01,6.310000000000000000e+02
4.688370203971862793e+01,6.320000000000000000e+02
4.696397471427917480e+01,6.330000000000000000e+02
4.703766202926635742e+01,6.340000000000000000e+02
4.703992795944213867e+01,6.350000000000000000e+02
4.711310887336730957e+01,6.360000000000000000e+02
4.711535048484802246e+01,6.370000000000000000e+02
4.718848490715026855e+01,6.380000000000000000e+02
4.719077539443969727e+01,6.390000000000000000e+02
4.726393723487854004e+01,6.400000000000000000e+02
4.726610636711120605e+01,6.410000000000000000e+02
4.733927392959594727e+01,6.420000000000000000e+02
4.734152936935424805e+01,6.430000000000000000e+02
4.741472291946411133e+01,6.440000000000000000e+02
4.741691899299621582e+01,6.450000000000000000e+02
4.749027895927429199e+01,6.460000000000000000e+02
4.749348807334899902e+01,6.470000000000000000e+02
4.756672334671020508e+01,6.480000000000000000e+02
4.756904101371765137e+01,6.490000000000000000e+02
4.764255738258361816e+01,6.500000000000000000e+02
4.764532208442687988e+01,6.510000000000000000e+02
4.771846151351928711e+01,6.520000000000000000e+02
4.772072410583496094e+01,6.530000000000000000e+02
4.779405689239501953e+01,6.540000000000000000e+02
4.779688549041748047e+01,6.550000000000000000e+02
4.787006330490112305e+01,6.560000000000000000e+02
4.787231516838073730e+01,6.570000000000000000e+02
4.794551014900207520e+01,6.580000000000000000e+02
4.794782328605651855e+01,6.590000000000000000e+02
4.802096509933471680e+01,6.600000000000000000e+02
4.802320933341979980e+01,6.610000000000000000e+02
4.809639883041381836e+01,6.620000000000000000e+02
4.809867048263549805e+01,6.630000000000000000e+02
4.817181777954101562e+01,6.640000000000000000e+02
4.817408537864685059e+01,6.650000000000000000e+02
4.824923300743103027e+01,6.660000000000000000e+02
4.832422471046447754e+01,6.670000000000000000e+02
4.839965534210205078e+01,6.680000000000000000e+02
4.847546577453613281e+01,6.690000000000000000e+02
4.855120086669921875e+01,6.700000000000000000e+02
4.862699460983276367e+01,6.710000000000000000e+02
4.870236349105834961e+01,6.720000000000000000e+02
4.877772784233093262e+01,6.730000000000000000e+02
4.885319709777832031e+01,6.740000000000000000e+02
4.892891931533813477e+01,6.750000000000000000e+02
4.900681328773498535e+01,6.760000000000000000e+02
4.915520977973937988e+01,6.770000000000000000e+02
4.915753412246704102e+01,6.780000000000000000e+02
4.923090910911560059e+01,6.790000000000000000e+02
4.923350167274475098e+01,6.800000000000000000e+02
4.930700540542602539e+01,6.810000000000000000e+02
4.930934762954711914e+01,6.820000000000000000e+02
4.938268280029296875e+01,6.830000000000000000e+02
4.938497781753540039e+01,6.840000000000000000e+02
4.945855045318603516e+01,6.850000000000000000e+02
4.946183252334594727e+01,6.860000000000000000e+02
4.953529930114746094e+01,6.870000000000000000e+02
4.953793334960937500e+01,6.880000000000000000e+02
4.961136031150817871e+01,6.890000000000000000e+02
4.961391520500183105e+01,6.900000000000000000e+02
4.968735504150390625e+01,6.910000000000000000e+02
4.968975687026977539e+01,6.920000000000000000e+02
4.976343917846679688e+01,6.930000000000000000e+02
4.983699083328247070e+01,6.940000000000000000e+02
4.983945250511169434e+01,6.950000000000000000e+02
4.991280198097229004e+01,6.960000000000000000e+02
4.991526126861572266e+01,6.970000000000000000e+02
4.998905444145202637e+01,6.980000000000000000e+02
4.999208164215087891e+01,6.990000000000000000e+02
5.006543231010437012e+01,7.000000000000000000e+02
5.006774640083312988e+01,7.010000000000000000e+02
5.014118337631225586e+01,7.020000000000000000e+02
5.014347577095031738e+01,7.030000000000000000e+02
5.021684813499450684e+01,7.040000000000000000e+02
5.021915888786315918e+01,7.050000000000000000e+02
5.029248905181884766e+01,7.060000000000000000e+02
5.029482793807983398e+01,7.070000000000000000e+02
5.044328308105468750e+01,7.080000000000000000e+02
5.044557666778564453e+01,7.090000000000000000e+02
5.051895809173583984e+01,7.100000000000000000e+02
5.052127265930175781e+01,7.110000000000000000e+02
5.059448337554931641e+01,7.120000000000000000e+02
5.059670019149780273e+01,7.130000000000000000e+02
5.067039823532104492e+01,7.140000000000000000e+02
5.067312407493591309e+01,7.150000000000000000e+02
5.082117867469787598e+01,7.160000000000000000e+02
5.082335948944091797e+01,7.170000000000000000e+02
5.089648342132568359e+01,7.180000000000000000e+02
5.089869737625122070e+01,7.190000000000000000e+02
5.097190356254577637e+01,7.200000000000000000e+02
5.097420763969421387e+01,7.210000000000000000e+02
5.104734444618225098e+01,7.220000000000000000e+02
5.104945921897888184e+01,7.230000000000000000e+02
5.112480521202087402e+01,7.240000000000000000e+02
5.120015454292297363e+01,7.250000000000000000e+02
5.127540993690490723e+01,7.260000000000000000e+02
5.135074925422668457e+01,7.270000000000000000e+02
5.151737022399902344e+01,7.280000000000000000e+02
5.151973724365234375e+01,7.290000000000000000e+02
5.159286141395568848e+01,7.300000000000000000e+02
5.159505081176757812e+01,7.310000000000000000e+02
5.166819000244140625e+01,7.320000000000000000e+02
5.167042851448059082e+01,7.330000000000000000e+02
5.174361181259155273e+01,7.340000000000000000e+02
5.174581789970397949e+01,7.350000000000000000e+02
5.181891322135925293e+01,7.360000000000000000e+02
5.182115316390991211e+01,7.370000000000000000e+02
5.189650607109069824e+01,7.380000000000000000e+02
5.197231268882751465e+01,7.390000000000000000e+02
5.204795312881469727e+01,7.400000000000000000e+02
5.212361693382263184e+01,7.410000000000000000e+02
5.220087409019470215e+01,7.420000000000000000e+02
5.242524480819702148e+01,7.430000000000000000e+02
5.242763495445251465e+01,7.440000000000000000e+02
5.250129652023315430e+01,7.450000000000000000e+02
5.250441527366638184e+01,7.460000000000000000e+02
5.257778191566467285e+01,7.470000000000000000e+02
5.258022022247314453e+01,7.480000000000000000e+02
5.265419745445251465e+01,7.490000000000000000e+02
5.265700030326843262e+01,7.500000000000000000e+02
5.280558228492736816e+01,7.510000000000000000e+02
5.287895679473876953e+01,7.520000000000000000e+02
5.288131880760192871e+01,7.530000000000000000e+02
5.295465207099914551e+01,7.540000000000000000e+02
5.295734429359436035e+01,7.550000000000000000e+02
5.303142213821411133e+01,7.560000000000000000e+02
5.303474020957946777e+01,7.570000000000000000e+02
5.311049747467041016e+01,7.580000000000000000e+02
5.318364572525024414e+01,7.590000000000000000e+02
5.318606472015380859e+01,7.600000000000000000e+02
5.325944900512695312e+01,7.610000000000000000e+02
5.326181173324584961e+01,7.620000000000000000e+02
5.333520603179931641e+01,7.630000000000000000e+02
5.333757638931274414e+01,7.640000000000000000e+02
5.348578715324401855e+01,7.650000000000000000e+02
5.348870897293090820e+01,7.660000000000000000e+02
5.356230425834655762e+01,7.670000000000000000e+02
5.356472063064575195e+01,7.680000000000000000e+02
5.363877177238464355e+01,7.690000000000000000e+02
5.371239209175109863e+01,7.700000000000000000e+02
5.371504116058349609e+01,7.710000000000000000e+02
5.386416506767272949e+01,7.720000000000000000e+02
5.386648845672607422e+01,7.730000000000000000e+02
5.393986415863037109e+01,7.740000000000000000e+02
5.394225239753723145e+01,7.750000000000000000e+02
5.401598811149597168e+01,7.760000000000000000e+02
5.401847124099731445e+01,7.770000000000000000e+02
5.409180331230163574e+01,7.780000000000000000e+02
5.409420156478881836e+01,7.790000000000000000e+02
5.424599838256835938e+01,7.800000000000000000e+02
5.431918978691101074e+01,7.810000000000000000e+02
5.439236950874328613e+01,7.820000000000000000e+02
5.439462351799011230e+01,7.830000000000000000e+02
5.454470396041870117e+01,7.840000000000000000e+02
5.454714512825012207e+01,7.850000000000000000e+02
5.462048721313476562e+01,7.860000000000000000e+02
5.462427663803100586e+01,7.870000000000000000e+02
5.481378459930419922e+01,7.880000000000000000e+02
5.481612706184387207e+01,7.890000000000000000e+02
5.489179325103759766e+01,7.900000000000000000e+02
5.496885895729064941e+01,7.910000000000000000e+02
5.504453349113464355e+01,7.920000000000000000e+02
5.512013149261474609e+01,7.930000000000000000e+02
5.519691205024719238e+01,7.940000000000000000e+02
5.527011179924011230e+01,7.950000000000000000e+02
5.527360796928405762e+01,7.960000000000000000e+02
5.534680914878845215e+01,7.970000000000000000e+02
5.534909009933471680e+01,7.980000000000000000e+02
5.542222189903259277e+01,7.990000000000000000e+02
5.542443346977233887e+01,8.000000000000000000e+02
5.549761915206909180e+01,8.010000000000000000e+02
5.549989342689514160e+01,8.020000000000000000e+02
5.557306933403015137e+01,8.030000000000000000e+02
5.557535243034362793e+01,8.040000000000000000e+02
5.564886093139648438e+01,8.050000000000000000e+02
5.565157580375671387e+01,8.060000000000000000e+02
5.572474503517150879e+01,8.070000000000000000e+02
5.572701621055603027e+01,8.080000000000000000e+02
5.580011320114135742e+01,8.090000000000000000e+02
5.580237483978271484e+01,8.100000000000000000e+02
5.587550473213195801e+01,8.110000000000000000e+02
5.587775468826293945e+01,8.120000000000000000e+02
5.595317268371582031e+01,8.130000000000000000e+02
5.602923178672790527e+01,8.140000000000000000e+02
5.610463857650756836e+01,8.150000000000000000e+02
5.618004035949707031e+01,8.160000000000000000e+02
5.625547933578491211e+01,8.170000000000000000e+02
5.633086347579956055e+01,8.180000000000000000e+02
5.640618920326232910e+01,8.190000000000000000e+02
5.648201966285705566e+01,8.200000000000000000e+02
5.655777478218078613e+01,8.210000000000000000e+02
5.663343429565429688e+01,8.220000000000000000e+02
5.670887708663940430e+01,8.230000000000000000e+02
5.678459930419921875e+01,8.240000000000000000e+02
5.686016488075256348e+01,8.250000000000000000e+02
5.693580079078674316e+01,8.260000000000000000e+02
5.701146602630615234e+01,8.270000000000000000e+02
5.708713698387145996e+01,8.280000000000000000e+02
5.716265797615051270e+01,8.290000000000000000e+02
5.723829960823059082e+01,8.300000000000000000e+02
5.731395268440246582e+01,8.310000000000000000e+02
5.738964033126831055e+01,8.320000000000000000e+02
5.746649742126464844e+01,8.330000000000000000e+02
5.754203152656555176e+01,8.340000000000000000e+02
5.761749553680419922e+01,8.350000000000000000e+02
5.769284963607788086e+01,8.360000000000000000e+02
5.776816034317016602e+01,8.370000000000000000e+02
5.784334087371826172e+01,8.380000000000000000e+02
5.791835522651672363e+01,8.390000000000000000e+02
5.799527049064636230e+01,8.400000000000000000e+02
5.807068014144897461e+01,8.410000000000000000e+02
5.814698553085327148e+01,8.420000000000000000e+02
5.822276425361633301e+01,8.430000000000000000e+02
5.829938268661499023e+01,8.440000000000000000e+02
5.837462711334228516e+01,8.450000000000000000e+02
5.844988536834716797e+01,8.460000000000000000e+02
5.852527570724487305e+01,8.470000000000000000e+02
5.860078072547912598e+01,8.480000000000000000e+02
5.867609739303588867e+01,8.490000000000000000e+02
5.875154852867126465e+01,8.500000000000000000e+02
5.882689809799194336e+01,8.510000000000000000e+02
5.890226268768310547e+01,8.520000000000000000e+02
5.897775435447692871e+01,8.530000000000000000e+02
5.905318665504455566e+01,8.540000000000000000e+02
5.912849664688110352e+01,8.550000000000000000e+02
5.927718186378479004e+01,8.560000000000000000e+02
5.935294485092163086e+01,8.570000000000000000e+02
5.942860341072082520e+01,8.580000000000000000e+02
5.950422811508178711e+01,8.590000000000000000e+02
5.957970786094665527e+01,8.600000000000000000e+02
5.965583610534667969e+01,8.610000000000000000e+02
5.973121428489685059e+01,8.620000000000000000e+02
5.980740261077880859e+01,8.630000000000000000e+02
5.988280010223388672e+01,8.640000000000000000e+02
5.995854377746582031e+01,8.650000000000000000e+02
6.003408670425415039e+01,8.660000000000000000e+02
6.010952162742614746e+01,8.670000000000000000e+02
6.018492937088012695e+01,8.680000000000000000e+02
6.026829004287719727e+01,8.690000000000000000e+02
6.043544316291809082e+01,8.700000000000000000e+02
6.050964546203613281e+01,8.710000000000000000e+02
6.051262402534484863e+01,8.720000000000000000e+02
6.058655118942260742e+01,8.730000000000000000e+02
6.065971589088439941e+01,8.740000000000000000e+02
6.066195797920227051e+01,8.750000000000000000e+02
6.073508787155151367e+01,8.760000000000000000e+02
6.073735523223876953e+01,8.770000000000000000e+02
6.081052136421203613e+01,8.780000000000000000e+02
6.081267976760864258e+01,8.790000000000000000e+02
6.088586258888244629e+01,8.800000000000000000e+02
6.088806533813476562e+01,8.810000000000000000e+02
6.096365666389465332e+01,8.820000000000000000e+02
6.096682024002075195e+01,8.830000000000000000e+02
6.103999161720275879e+01,8.840000000000000000e+02
6.111326336860656738e+01,8.850000000000000000e+02
6.111546254158020020e+01,8.860000000000000000e+02
6.118905925750732422e+01,8.870000000000000000e+02
6.119202995300292969e+01,8.880000000000000000e+02
6.126519656181335449e+01,8.890000000000000000e+02
6.126732611656188965e+01,8.900000000000000000e+02
6.134046983718872070e+01,8.910000000000000000e+02
6.134268975257873535e+01,8.920000000000000000e+02
6.141571664810180664e+01,8.930000000000000000e+02
6.141788744926452637e+01,8.940000000000000000e+02
6.149119114875793457e+01,8.950000000000000000e+02
6.149396061897277832e+01,8.960000000000000000e+02
6.156710004806518555e+01,8.970000000000000000e+02
6.156932067871093750e+01,8.980000000000000000e+02
6.164277458190917969e+01,8.990000000000000000e+02
6.164552044868469238e+01,9.000000000000000000e+02
6.181204080581665039e+01,9.010000000000000000e+02
6.188525652885437012e+01,9.020000000000000000e+02
6.188752174377441406e+01,9.030000000000000000e+02
6.196220350265502930e+01,9.040000000000000000e+02
6.196555447578430176e+01,9.050000000000000000e+02
6.203871870040893555e+01,9.060000000000000000e+02
6.211191415786743164e+01,9.070000000000000000e+02
6.211420297622680664e+01,9.080000000000000000e+02
6.218731212615966797e+01,9.090000000000000000e+02
6.218958377838134766e+01,9.100000000000000000e+02
6.226492762565612793e+01,9.110000000000000000e+02
6.234033560752868652e+01,9.120000000000000000e+02
6.241573953628540039e+01,9.130000000000000000e+02
6.249229598045349121e+01,9.140000000000000000e+02
6.256773948669433594e+01,9.150000000000000000e+02
6.264396214485168457e+01,9.160000000000000000e+02
6.271714639663696289e+01,9.170000000000000000e+02
6.271939039230346680e+01,9.180000000000000000e+02
6.279584455490112305e+01,9.190000000000000000e+02
6.286891913414001465e+01,9.200000000000000000e+02
6.287116742134094238e+01,9.210000000000000000e+02
6.294488191604614258e+01,9.220000000000000000e+02
6.294728326797485352e+01,9.230000000000000000e+02
6.302034449577331543e+01,9.240000000000000000e+02
6.302255797386169434e+01,9.250000000000000000e+02
6.309571838378906250e+01,9.260000000000000000e+02
6.309792351722717285e+01,9.270000000000000000e+02
6.317099595069885254e+01,9.280000000000000000e+02
6.317321133613586426e+01,9.290000000000000000e+02
6.324861001968383789e+01,9.300000000000000000e+02
6.332400536537170410e+01,9.310000000000000000e+02
6.339951777458190918e+01,9.320000000000000000e+02
6.347520589828491211e+01,9.330000000000000000e+02
6.355094432830810547e+01,9.340000000000000000e+02
6.362700390815734863e+01,9.350000000000000000e+02
6.370262026786804199e+01,9.360000000000000000e+02
6.377826571464538574e+01,9.370000000000000000e+02
6.385401415824890137e+01,9.380000000000000000e+02
6.392971539497375488e+01,9.390000000000000000e+02
6.400827217102050781e+01,9.400000000000000000e+02
6.408162927627563477e+01,9.410000000000000000e+02
6.408404469490051270e+01,9.420000000000000000e+02
6.415743970870971680e+01,9.430000000000000000e+02
6.415986919403076172e+01,9.440000000000000000e+02
6.438323450088500977e+01,9.450000000000000000e+02
6.438562345504760742e+01,9.460000000000000000e+02
6.445952129364013672e+01,9.470000000000000000e+02
6.446307611465454102e+01,9.480000000000000000e+02
6.453646588325500488e+01,9.490000000000000000e+02
6.460985136032104492e+01,9.500000000000000000e+02
6.461219859123229980e+01,9.510000000000000000e+02
6.468554258346557617e+01,9.520000000000000000e+02
6.468791246414184570e+01,9.530000000000000000e+02
6.476140642166137695e+01,9.540000000000000000e+02
6.476379847526550293e+01,9.550000000000000000e+02
6.491230034828186035e+01,9.560000000000000000e+02
6.491460347175598145e+01,9.570000000000000000e+02
6.498881077766418457e+01,9.580000000000000000e+02
6.499154257774353027e+01,9.590000000000000000e+02
6.506492996215820312e+01,9.600000000000000000e+02
6.506726908683776855e+01,9.610000000000000000e+02
6.521554446220397949e+01,9.620000000000000000e+02
6.521787977218627930e+01,9.630000000000000000e+02
6.533186268806457520e+01,9.640000000000000000e+02
6.533425426483154297e+01,9.650000000000000000e+02
6.548341584205627441e+01,9.660000000000000000e+02
6.555912494659423828e+01,9.670000000000000000e+02
6.563492512702941895e+01,9.680000000000000000e+02
6.571055221557617188e+01,9.690000000000000000e+02
6.578624057769775391e+01,9.700000000000000000e+02
6.586186122894287109e+01,9.710000000000000000e+02
6.593743181228637695e+01,9.720000000000000000e+02
6.601307535171508789e+01,9.730000000000000000e+02
6.608869266510009766e+01,9.740000000000000000e+02
6.616435718536376953e+01,9.750000000000000000e+02
6.624026489257812500e+01,9.760000000000000000e+02
6.631593036651611328e+01,9.770000000000000000e+02
6.639163398742675781e+01,9.780000000000000000e+02
6.646874809265136719e+01,9.790000000000000000e+02
6.654467892646789551e+01,9.800000000000000000e+02
6.662037634849548340e+01,9.810000000000000000e+02
6.676950883865356445e+01,9.820000000000000000e+02
6.684538912773132324e+01,9.830000000000000000e+02
6.692115306854248047e+01,9.840000000000000000e+02
6.699795246124267578e+01,9.850000000000000000e+02
6.707370591163635254e+01,9.860000000000000000e+02
6.714951801300048828e+01,9.870000000000000000e+02
6.729938769340515137e+01,9.880000000000000000e+02
6.737506818771362305e+01,9.890000000000000000e+02
6.745030689239501953e+01,9.900000000000000000e+02
6.752568626403808594e+01,9.910000000000000000e+02
6.760107445716857910e+01,9.920000000000000000e+02
6.774744224548339844e+01,9.930000000000000000e+02
6.789554095268249512e+01,9.940000000000000000e+02
6.789771342277526855e+01,9.950000000000000000e+02
6.797258710861206055e+01,9.960000000000000000e+02
6.797595119476318359e+01,9.970000000000000000e+02
6.804930281639099121e+01,9.980000000000000000e+02
6.812261247634887695e+01,9.990000000000000000e+02
6.812491488456726074e+01,1.000000000000000000e+03
6.819820165634155273e+01,1.001000000000000000e+03
6.820050311088562012e+01,1.002000000000000000e+03
6.827360701560974121e+01,1.003000000000000000e+03
6.827597522735595703e+01,1.004000000000000000e+03
6.842411804199218750e+01,1.005000000000000000e+03
6.842636203765869141e+01,1.006000000000000000e+03
6.849956107139587402e+01,1.007000000000000000e+03
6.850190305709838867e+01,1.008000000000000000e+03
6.857500720024108887e+01,1.009000000000000000e+03
6.857729268074035645e+01,1.010000000000000000e+03
6.865067028999328613e+01,1.011000000000000000e+03
6.865337848663330078e+01,1.012000000000000000e+03
6.872658658027648926e+01,1.013000000000000000e+03
6.872881770133972168e+01,1.014000000000000000e+03
6.880216908454895020e+01,1.015000000000000000e+03
6.880489706993103027e+01,1.016000000000000000e+03
6.895297145843505859e+01,1.017000000000000000e+03
6.895534133911132812e+01,1.018000000000000000e+03
6.903091883659362793e+01,1.019000000000000000e+03
6.910632824897766113e+01,1.020000000000000000e+03
6.918167209625244141e+01,1.021000000000000000e+03
6.925712919235229492e+01,1.022000000000000000e+03
6.933253645896911621e+01,1.023000000000000000e+03
6.940824937820434570e+01,1.024000000000000000e+03
6.948382496833801270e+01,1.025000000000000000e+03
6.955975747108459473e+01,1.026000000000000000e+03
6.963509869575500488e+01,1.027000000000000000e+03
6.971043729782104492e+01,1.028000000000000000e+03
6.978572130203247070e+01,1.029000000000000000e+03
6.986101937294006348e+01,1.030000000000000000e+03
6.993631553649902344e+01,1.031000000000000000e+03
7.001250743865966797e+01,1.032000000000000000e+03
7.008791899681091309e+01,1.033000000000000000e+03
7.016357731819152832e+01,1.034000000000000000e+03
7.023888778686523438e+01,1.035000000000000000e+03
7.031427502632141113e+01,1.036000000000000000e+03
7.038973236083984375e+01,1.037000000000000000e+03
7.046742701530456543e+01,1.038000000000000000e+03
7.054322504997253418e+01,1.039000000000000000e+03
7.061853337287902832e+01,1.040000000000000000e+03
7.069383955001831055e+01,1.041000000000000000e+03
7.076917243003845215e+01,1.042000000000000000e+03
7.084451866149902344e+01,1.043000000000000000e+03
7.091988229751586914e+01,1.044000000000000000e+03
7.099600768089294434e+01,1.045000000000000000e+03
7.107145500183105469e+01,1.046000000000000000e+03
7.114681696891784668e+01,1.047000000000000000e+03
7.129538488388061523e+01,1.048000000000000000e+03
7.137076973915100098e+01,1.049000000000000000e+03
7.146807765960693359e+01,1.050000000000000000e+03
7.154340529441833496e+01,1.051000000000000000e+03
7.161866068840026855e+01,1.052000000000000000e+03
7.169459342956542969e+01,1.053000000000000000e+03
7.176987671852111816e+01,1.054000000000000000e+03
7.184518837928771973e+01,1.055000000000000000e+03
7.192055678367614746e+01,1.056000000000000000e+03
7.199604606628417969e+01,1.057000000000000000e+03
7.207145285606384277e+01,1.058000000000000000e+03
7.214679551124572754e+01,1.059000000000000000e+03
7.222220230102539062e+01,1.060000000000000000e+03
7.229753684997558594e+01,1.061000000000000000e+03
7.237297272682189941e+01,1.062000000000000000e+03
7.252161169052124023e+01,1.063000000000000000e+03
7.261502408981323242e+01,1.064000000000000000e+03
7.261738681793212891e+01,1.065000000000000000e+03
7.269285464286804199e+01,1.066000000000000000e+03
7.276826429367065430e+01,1.067000000000000000e+03
7.284367084503173828e+01,1.068000000000000000e+03
7.291903471946716309e+01,1.069000000000000000e+03
7.299524307250976562e+01,1.070000000000000000e+03
7.307068228721618652e+01,1.071000000000000000e+03
7.314624834060668945e+01,1.072000000000000000e+03
7.322156763076782227e+01,1.073000000000000000e+03
7.329799127578735352e+01,1.074000000000000000e+03
7.337338829040527344e+01,1.075000000000000000e+03
7.344874954223632812e+01,1.076000000000000000e+03
7.352427482604980469e+01,1.077000000000000000e+03
7.359967565536499023e+01,1.078000000000000000e+03
7.367507362365722656e+01,1.079000000000000000e+03
7.375051665306091309e+01,1.080000000000000000e+03
7.389910626411437988e+01,1.081000000000000000e+03
7.397468757629394531e+01,1.082000000000000000e+03
7.405028152465820312e+01,1.083000000000000000e+03
7.414589023590087891e+01,1.084000000000000000e+03
7.422130155563354492e+01,1.085000000000000000e+03
7.429674839973449707e+01,1.086000000000000000e+03
7.437216949462890625e+01,1.087000000000000000e+03
7.444754099845886230e+01,1.088000000000000000e+03
7.452296137809753418e+01,1.089000000000000000e+03
7.459837079048156738e+01,1.090000000000000000e+03
7.467495656013488770e+01,1.091000000000000000e+03
7.475040364265441895e+01,1.092000000000000000e+03
7.482582426071166992e+01,1.093000000000000000e+03
7.490128302574157715e+01,1.094000000000000000e+03
7.497672581672668457e+01,1.095000000000000000e+03
7.505212688446044922e+01,1.096000000000000000e+03
7.520074033737182617e+01,1.097000000000000000e+03
7.527607321739196777e+01,1.098000000000000000e+03
7.535142421722412109e+01,1.099000000000000000e+03
7.542673945426940918e+01,1.100000000000000000e+03
7.550513792037963867e+01,1.101000000000000000e+03
7.558052277565002441e+01,1.102000000000000000e+03
7.572910475730895996e+01,1.103000000000000000e+03
7.594863605499267578e+01,1.104000000000000000e+03
7.602188563346862793e+01,1.105000000000000000e+03
7.602401828765869141e+01,1.106000000000000000e+03
7.609925818443298340e+01,1.107000000000000000e+03
7.617549371719360352e+01,1.108000000000000000e+03
7.625080442428588867e+01,1.109000000000000000e+03
7.632599449157714844e+01,1.110000000000000000e+03
7.640130019187927246e+01,1.111000000000000000e+03
7.647673416137695312e+01,1.112000000000000000e+03
7.655229187011718750e+01,1.113000000000000000e+03
7.662798905372619629e+01,1.114000000000000000e+03
7.670333456993103027e+01,1.115000000000000000e+03
7.677888584136962891e+01,1.116000000000000000e+03
7.685428571701049805e+01,1.117000000000000000e+03
7.692965960502624512e+01,1.118000000000000000e+03
7.700499129295349121e+01,1.119000000000000000e+03
7.708074116706848145e+01,1.120000000000000000e+03
7.715677237510681152e+01,1.121000000000000000e+03
7.723270368576049805e+01,1.122000000000000000e+03
7.730854010581970215e+01,1.123000000000000000e+03
7.738443398475646973e+01,1.124000000000000000e+03
7.746071243286132812e+01,1.125000000000000000e+03
7.753639698028564453e+01,1.126000000000000000e+03
7.761214637756347656e+01,1.127000000000000000e+03
7.768823361396789551e+01,1.128000000000000000e+03
7.776400041580200195e+01,1.129000000000000000e+03
7.783976340293884277e+01,1.130000000000000000e+03
7.791550970077514648e+01,1.131000000000000000e+03
7.799244952201843262e+01,1.132000000000000000e+03
7.806583189964294434e+01,1.133000000000000000e+03
7.806833219528198242e+01,1.134000000000000000e+03
7.814174556732177734e+01,1.135000000000000000e+03
7.814403963088989258e+01,1.136000000000000000e+03
7.821736454963684082e+01,1.137000000000000000e+03
7.821973180770874023e+01,1.138000000000000000e+03
7.836812567710876465e+01,1.139000000000000000e+03
7.837048053741455078e+01,1.140000000000000000e+03
7.844378042221069336e+01,1.141000000000000000e+03
7.844611144065856934e+01,1.142000000000000000e+03
7.851951646804809570e+01,1.143000000000000000e+03
7.852195453643798828e+01,1.144000000000000000e+03
7.868943238258361816e+01,1.145000000000000000e+03
7.876283264160156250e+01,1.146000000000000000e+03
7.876514816284179688e+01,1.147000000000000000e+03
7.891348099708557129e+01,1.148000000000000000e+03
7.891581153869628906e+01,1.149000000000000000e+03
7.899301528930664062e+01,1.150000000000000000e+03
7.899683046340942383e+01,1.151000000000000000e+03
7.907031512260437012e+01,1.152000000000000000e+03
7.914378786087036133e+01,1.153000000000000000e+03
7.921716880798339844e+01,1.154000000000000000e+03
7.921935439109802246e+01,1.155000000000000000e+03
7.929277038574218750e+01,1.156000000000000000e+03
7.929560160636901855e+01,1.157000000000000000e+03
7.936870908737182617e+01,1.158000000000000000e+03
7.937090635299682617e+01,1.159000000000000000e+03
7.944399237632751465e+01,1.160000000000000000e+03
7.944616937637329102e+01,1.161000000000000000e+03
7.951930689811706543e+01,1.162000000000000000e+03
7.952157425880432129e+01,1.163000000000000000e+03
7.959469366073608398e+01,1.164000000000000000e+03
7.959691381454467773e+01,1.165000000000000000e+03
7.967004895210266113e+01,1.166000000000000000e+03
7.967224335670471191e+01,1.167000000000000000e+03
7.974539399147033691e+01,1.168000000000000000e+03
7.974764370918273926e+01,1.169000000000000000e+03
7.982300662994384766e+01,1.170000000000000000e+03
7.989833855628967285e+01,1.171000000000000000e+03
7.997443628311157227e+01,1.172000000000000000e+03
8.005031013488769531e+01,1.173000000000000000e+03
8.012566280364990234e+01,1.174000000000000000e+03
8.020095562934875488e+01,1.175000000000000000e+03
8.027629041671752930e+01,1.176000000000000000e+03
8.044289135932922363e+01,1.177000000000000000e+03
8.044506692886352539e+01,1.178000000000000000e+03
8.051824283599853516e+01,1.179000000000000000e+03
8.052040934562683105e+01,1.180000000000000000e+03
8.059353446960449219e+01,1.181000000000000000e+03
8.059575009346008301e+01,1.182000000000000000e+03
8.066886019706726074e+01,1.183000000000000000e+03
8.067191243171691895e+01,1.184000000000000000e+03
8.074507164955139160e+01,1.185000000000000000e+03
8.074723982810974121e+01,1.186000000000000000e+03
8.082029676437377930e+01,1.187000000000000000e+03
8.082245230674743652e+01,1.188000000000000000e+03
8.089567303657531738e+01,1.189000000000000000e+03
8.089798760414123535e+01,1.190000000000000000e+03
8.097351598739624023e+01,1.191000000000000000e+03
8.104869151115417480e+01,1.192000000000000000e+03
8.112374758720397949e+01,1.193000000000000000e+03
8.119908523559570312e+01,1.194000000000000000e+03
8.127448701858520508e+01,1.195000000000000000e+03
8.134982967376708984e+01,1.196000000000000000e+03
8.142515063285827637e+01,1.197000000000000000e+03
8.150051951408386230e+01,1.198000000000000000e+03
8.157593011856079102e+01,1.199000000000000000e+03
8.165212678909301758e+01,1.200000000000000000e+03
8.172747540473937988e+01,1.201000000000000000e+03
8.180281662940979004e+01,1.202000000000000000e+03
8.187810707092285156e+01,1.203000000000000000e+03
8.195345091819763184e+01,1.204000000000000000e+03
8.210198712348937988e+01,1.205000000000000000e+03
8.217890095710754395e+01,1.206000000000000000e+03
8.225423741340637207e+01,1.207000000000000000e+03
8.232957434654235840e+01,1.208000000000000000e+03
8.240486836433410645e+01,1.209000000000000000e+03
8.248048090934753418e+01,1.210000000000000000e+03
8.255593872070312500e+01,1.211000000000000000e+03
8.263136315345764160e+01,1.212000000000000000e+03
8.277777218818664551e+01,1.213000000000000000e+03
8.285098290443420410e+01,1.214000000000000000e+03
8.292415785789489746e+01,1.215000000000000000e+03
8.292631912231445312e+01,1.216000000000000000e+03
8.299977850914001465e+01,1.217000000000000000e+03
8.300262951850891113e+01,1.218000000000000000e+03
8.307577633857727051e+01,1.219000000000000000e+03
8.307792973518371582e+01,1.220000000000000000e+03
8.315099406242370605e+01,1.221000000000000000e+03
8.315312480926513672e+01,1.222000000000000000e+03
8.322838473320007324e+01,1.223000000000000000e+03
8.330367088317871094e+01,1.224000000000000000e+03
8.337895202636718750e+01,1.225000000000000000e+03
8.363165545463562012e+01,1.226000000000000000e+03
8.370697283744812012e+01,1.227000000000000000e+03
8.378278827667236328e+01,1.228000000000000000e+03
8.385801362991333008e+01,1.229000000000000000e+03
8.393326544761657715e+01,1.230000000000000000e+03
8.400995111465454102e+01,1.231000000000000000e+03
8.408523416519165039e+01,1.232000000000000000e+03
8.416057038307189941e+01,1.233000000000000000e+03
8.423733043670654297e+01,1.234000000000000000e+03
8.431269836425781250e+01,1.235000000000000000e+03
8.438798356056213379e+01,1.236000000000000000e+03
8.446536636352539062e+01,1.237000000000000000e+03
8.454082679748535156e+01,1.238000000000000000e+03
8.461681866645812988e+01,1.239000000000000000e+03
8.469224214553833008e+01,1.240000000000000000e+03
8.476755762100219727e+01,1.241000000000000000e+03
8.484290051460266113e+01,1.242000000000000000e+03
8.491816067695617676e+01,1.243000000000000000e+03
8.499436426162719727e+01,1.244000000000000000e+03
8.506966400146484375e+01,1.245000000000000000e+03
8.514520597457885742e+01,1.246000000000000000e+03
8.522057628631591797e+01,1.247000000000000000e+03
8.529691457748413086e+01,1.248000000000000000e+03
8.539256596565246582e+01,1.249000000000000000e+03
8.546930813789367676e+01,1.250000000000000000e+03
8.554282951354980469e+01,1.251000000000000000e+03
8.554515528678894043e+01,1.252000000000000000e+03
8.561826324462890625e+01,1.253000000000000000e+03
8.562046289443969727e+01,1.254000000000000000e+03
8.569585442543029785e+01,1.255000000000000000e+03
8.577137494087219238e+01,1.256000000000000000e+03
8.584664988517761230e+01,1.257000000000000000e+03
8.592189717292785645e+01,1.258000000000000000e+03
8.599809193611145020e+01,1.259000000000000000e+03
8.607342600822448730e+01,1.260000000000000000e+03
8.614874172210693359e+01,1.261000000000000000e+03
8.622402429580688477e+01,1.262000000000000000e+03
8.629935789108276367e+01,1.263000000000000000e+03
8.637470340728759766e+01,1.264000000000000000e+03
8.645007848739624023e+01,1.265000000000000000e+03
8.652536201477050781e+01,1.266000000000000000e+03
8.660062980651855469e+01,1.267000000000000000e+03
8.667710542678833008e+01,1.268000000000000000e+03
8.675241065025329590e+01,1.269000000000000000e+03
8.682769751548767090e+01,1.270000000000000000e+03
8.697612810134887695e+01,1.271000000000000000e+03
8.705145645141601562e+01,1.272000000000000000e+03
8.712676572799682617e+01,1.273000000000000000e+03
8.727305841445922852e+01,1.274000000000000000e+03
8.734631586074829102e+01,1.275000000000000000e+03
8.741950821876525879e+01,1.276000000000000000e+03
8.742168331146240234e+01,1.277000000000000000e+03
8.758836555480957031e+01,1.278000000000000000e+03
8.766158580780029297e+01,1.279000000000000000e+03
8.766373991966247559e+01,1.280000000000000000e+03
8.773902964591979980e+01,1.281000000000000000e+03
8.781437039375305176e+01,1.282000000000000000e+03
8.788965868949890137e+01,1.283000000000000000e+03
8.796719026565551758e+01,1.284000000000000000e+03
8.811511588096618652e+01,1.285000000000000000e+03
8.811729121208190918e+01,1.286000000000000000e+03
8.819345688819885254e+01,1.287000000000000000e+03
8.826872491836547852e+01,1.288000000000000000e+03
8.834407520294189453e+01,1.289000000000000000e+03
8.841940498352050781e+01,1.290000000000000000e+03
8.849556136131286621e+01,1.291000000000000000e+03
8.857091379165649414e+01,1.292000000000000000e+03
8.864707803726196289e+01,1.293000000000000000e+03
8.872243022918701172e+01,1.294000000000000000e+03
8.879790019989013672e+01,1.295000000000000000e+03
8.887317776679992676e+01,1.296000000000000000e+03
8.894841790199279785e+01,1.297000000000000000e+03
8.902386212348937988e+01,1.298000000000000000e+03
8.909919619560241699e+01,1.299000000000000000e+03
8.917448663711547852e+01,1.300000000000000000e+03
8.924981737136840820e+01,1.301000000000000000e+03
8.940349817276000977e+01,1.302000000000000000e+03
8.947889590263366699e+01,1.303000000000000000e+03
8.955426144599914551e+01,1.304000000000000000e+03
8.962962985038757324e+01,1.305000000000000000e+03
8.970614480972290039e+01,1.306000000000000000e+03
8.978264236450195312e+01,1.307000000000000000e+03
8.985796952247619629e+01,1.308000000000000000e+03
8.993331456184387207e+01,1.309000000000000000e+03
9.000869655609130859e+01,1.310000000000000000e+03
9.008407354354858398e+01,1.311000000000000000e+03
9.015937542915344238e+01,1.312000000000000000e+03
9.023474001884460449e+01,1.313000000000000000e+03
9.031003141403198242e+01,1.314000000000000000e+03
9.038528966903686523e+01,1.315000000000000000e+03
9.053410625457763672e+01,1.316000000000000000e+03
9.060939693450927734e+01,1.317000000000000000e+03
9.068467950820922852e+01,1.318000000000000000e+03
9.075998353958129883e+01,1.319000000000000000e+03
9.083526802062988281e+01,1.320000000000000000e+03
9.098526763916015625e+01,1.321000000000000000e+03
9.106570029258728027e+01,1.322000000000000000e+03
9.121453833580017090e+01,1.323000000000000000e+03
9.129000759124755859e+01,1.324000000000000000e+03
9.136533188819885254e+01,1.325000000000000000e+03
9.144052147865295410e+01,1.326000000000000000e+03
9.173491644859313965e+01,1.327000000000000000e+03
9.173706555366516113e+01,1.328000000000000000e+03
9.181019878387451172e+01,1.329000000000000000e+03
9.181237006187438965e+01,1.330000000000000000e+03
9.188549089431762695e+01,1.331000000000000000e+03
9.188761281967163086e+01,1.332000000000000000e+03
9.196146225929260254e+01,1.333000000000000000e+03
9.196514177322387695e+01,1.334000000000000000e+03
9.203845906257629395e+01,1.335000000000000000e+03
9.204091358184814453e+01,1.336000000000000000e+03
9.211435961723327637e+01,1.337000000000000000e+03
9.218768453598022461e+01,1.338000000000000000e+03
9.219007086753845215e+01,1.339000000000000000e+03
9.226548171043395996e+01,1.340000000000000000e+03
9.234044289588928223e+01,1.341000000000000000e+03
9.241547894477844238e+01,1.342000000000000000e+03
9.249082112312316895e+01,1.343000000000000000e+03
9.256609940528869629e+01,1.344000000000000000e+03
9.264221572875976562e+01,1.345000000000000000e+03
9.271748161315917969e+01,1.346000000000000000e+03
9.279281306266784668e+01,1.347000000000000000e+03
9.286811494827270508e+01,1.348000000000000000e+03
9.294368839263916016e+01,1.349000000000000000e+03
9.301920771598815918e+01,1.350000000000000000e+03
9.309458136558532715e+01,1.351000000000000000e+03
9.316997551918029785e+01,1.352000000000000000e+03
9.324526548385620117e+01,1.353000000000000000e+03
9.332051849365234375e+01,1.354000000000000000e+03
9.339570951461791992e+01,1.355000000000000000e+03
9.347148394584655762e+01,1.356000000000000000e+03
9.362013220787048340e+01,1.357000000000000000e+03
9.376648545265197754e+01,1.358000000000000000e+03
9.383969950675964355e+01,1.359000000000000000e+03
9.391497111320495605e+01,1.360000000000000000e+03
9.399333691596984863e+01,1.361000000000000000e+03
9.406659913063049316e+01,1.362000000000000000e+03
9.406902599334716797e+01,1.363000000000000000e+03
9.421796488761901855e+01,1.364000000000000000e+03
9.429131889343261719e+01,1.365000000000000000e+03
9.429460906982421875e+01,1.366000000000000000e+03
9.436795163154602051e+01,1.367000000000000000e+03
9.437035965919494629e+01,1.368000000000000000e+03
9.444348406791687012e+01,1.369000000000000000e+03
9.444568967819213867e+01,1.370000000000000000e+03
9.451880097389221191e+01,1.371000000000000000e+03
9.452098917961120605e+01,1.372000000000000000e+03
9.459405279159545898e+01,1.373000000000000000e+03
9.459626603126525879e+01,1.374000000000000000e+03
9.467164468765258789e+01,1.375000000000000000e+03
9.474717307090759277e+01,1.376000000000000000e+03
9.482248187065124512e+01,1.377000000000000000e+03
9.489770913124084473e+01,1.378000000000000000e+03
9.497304916381835938e+01,1.379000000000000000e+03
9.504833817481994629e+01,1.380000000000000000e+03
9.512354493141174316e+01,1.381000000000000000e+03
9.519885373115539551e+01,1.382000000000000000e+03
9.527413725852966309e+01,1.383000000000000000e+03
9.542260479927062988e+01,1.384000000000000000e+03
9.549905657768249512e+01,1.385000000000000000e+03
9.557436823844909668e+01,1.386000000000000000e+03
9.565047526359558105e+01,1.387000000000000000e+03
9.572575068473815918e+01,1.388000000000000000e+03
9.580188822746276855e+01,1.389000000000000000e+03
9.587719607353210449e+01,1.390000000000000000e+03
9.595249390602111816e+01,1.391000000000000000e+03
9.602804350852966309e+01,1.392000000000000000e+03
9.610345888137817383e+01,1.393000000000000000e+03
9.617909979820251465e+01,1.394000000000000000e+03
9.625467705726623535e+01,1.395000000000000000e+03
9.633017730712890625e+01,1.396000000000000000e+03
9.640574240684509277e+01,1.397000000000000000e+03
9.648126411437988281e+01,1.398000000000000000e+03
9.655658626556396484e+01,1.399000000000000000e+03
9.677618193626403809e+01,1.400000000000000000e+03
9.684937644004821777e+01,1.401000000000000000e+03
9.685158109664916992e+01,1.402000000000000000e+03
9.692699241638183594e+01,1.403000000000000000e+03
9.700227379798889160e+01,1.404000000000000000e+03
9.707767200469970703e+01,1.405000000000000000e+03
9.715314149856567383e+01,1.406000000000000000e+03
9.722840905189514160e+01,1.407000000000000000e+03
9.730478167533874512e+01,1.408000000000000000e+03
9.738007545471191406e+01,1.409000000000000000e+03
9.745571517944335938e+01,1.410000000000000000e+03
9.753131794929504395e+01,1.411000000000000000e+03
9.760695552825927734e+01,1.412000000000000000e+03
9.768265223503112793e+01,1.413000000000000000e+03
9.775831031799316406e+01,1.414000000000000000e+03
9.783404135704040527e+01,1.415000000000000000e+03
9.790950417518615723e+01,1.416000000000000000e+03
9.798587965965270996e+01,1.417000000000000000e+03
9.806119441986083984e+01,1.418000000000000000e+03
9.813645482063293457e+01,1.419000000000000000e+03
9.821168375015258789e+01,1.420000000000000000e+03
9.828696799278259277e+01,1.421000000000000000e+03
9.836223959922790527e+01,1.422000000000000000e+03
9.843757343292236328e+01,1.423000000000000000e+03
9.851798653602600098e+01,1.424000000000000000e+03
9.859167647361755371e+01,1.425000000000000000e+03
9.859404015541076660e+01,1.426000000000000000e+03
9.866748046875000000e+01,1.427000000000000000e+03
9.866980719566345215e+01,1.428000000000000000e+03
9.874314379692077637e+01,1.429000000000000000e+03
9.874546599388122559e+01,1.430000000000000000e+03
9.881882977485656738e+01,1.431000000000000000e+03
9.882116842269897461e+01,1.432000000000000000e+03
9.889451003074645996e+01,1.433000000000000000e+03
9.889682149887084961e+01,1.434000000000000000e+03
9.897032403945922852e+01,1.435000000000000000e+03
9.897292733192443848e+01,1.436000000000000000e+03
9.904615712165832520e+01,1.437000000000000000e+03
9.904867863655090332e+01,1.438000000000000000e+03
9.912211155891418457e+01,1.439000000000000000e+03
9.912445926666259766e+01,1.440000000000000000e+03
9.919775557518005371e+01,1.441000000000000000e+03
9.920010232925415039e+01,1.442000000000000000e+03
9.927349781990051270e+01,1.443000000000000000e+03
9.927583527565002441e+01,1.444000000000000000e+03
9.934924077987670898e+01,1.445000000000000000e+03
9.942244148254394531e+01,1.446000000000000000e+03
9.942500448226928711e+01,1.447000000000000000e+03
9.949825024604797363e+01,1.448000000000000000e+03
9.950053715705871582e+01,1.449000000000000000e+03
9.957370829582214355e+01,1.450000000000000000e+03
9.957596445083618164e+01,1.451000000000000000e+03
9.965200710296630859e+01,1.452000000000000000e+03
9.972715783119201660e+01,1.453000000000000000e+03
9.980219078063964844e+01,1.454000000000000000e+03
9.987767124176025391e+01,1.455000000000000000e+03
9.995300197601318359e+01,1.456000000000000000e+03
1.000283789634704590e+02,1.457000000000000000e+03
1.001037445068359375e+02,1.458000000000000000e+03
1.001800312995910645e+02,1.459000000000000000e+03
1.002553000450134277e+02,1.460000000000000000e+03
1.003308820724487305e+02,1.461000000000000000e+03
1.004062185287475586e+02,1.462000000000000000e+03
1.004826352596282959e+02,1.463000000000000000e+03
1.005583472251892090e+02,1.464000000000000000e+03
1.006337528228759766e+02,1.465000000000000000e+03
1.007091648578643799e+02,1.466000000000000000e+03
1.007846245765686035e+02,1.467000000000000000e+03
1.008599143028259277e+02,1.468000000000000000e+03
1.009351816177368164e+02,1.469000000000000000e+03
1.010105178356170654e+02,1.470000000000000000e+03
1.010858612060546875e+02,1.471000000000000000e+03
1.012344017028808594e+02,1.472000000000000000e+03
1.013097136020660400e+02,1.473000000000000000e+03
1.013850624561309814e+02,1.474000000000000000e+03
1.015318002700805664e+02,1.475000000000000000e+03
1.016797206401824951e+02,1.476000000000000000e+03
1.016818542480468750e+02,1.477000000000000000e+03
1.017550082206726074e+02,1.478000000000000000e+03
1.017571814060211182e+02,1.479000000000000000e+03
1.018303127288818359e+02,1.480000000000000000e+03
1.018324465751647949e+02,1.481000000000000000e+03
1.019055769443511963e+02,1.482000000000000000e+03
1.019077463150024414e+02,1.483000000000000000e+03
1.020214970111846924e+02,1.484000000000000000e+03
1.021148259639739990e+02,1.485000000000000000e+03
1.021169879436492920e+02,1.486000000000000000e+03
1.021922926902770996e+02,1.487000000000000000e+03
1.022676587104797363e+02,1.488000000000000000e+03
1.023429327011108398e+02,1.489000000000000000e+03
1.024182252883911133e+02,1.490000000000000000e+03
1.024943270683288574e+02,1.491000000000000000e+03
1.025696959495544434e+02,1.492000000000000000e+03
1.027185442447662354e+02,1.493000000000000000e+03
1.027939984798431396e+02,1.494000000000000000e+03
1.028693091869354248e+02,1.495000000000000000e+03
1.029446599483489990e+02,1.496000000000000000e+03
1.030200212001800537e+02,1.497000000000000000e+03
1.030953586101531982e+02,1.498000000000000000e+03
1.033781020641326904e+02,1.499000000000000000e+03
1.034512312412261963e+02,1.500000000000000000e+03
1.035244405269622803e+02,1.501000000000000000e+03
1.035266451835632324e+02,1.502000000000000000e+03
1.036020197868347168e+02,1.503000000000000000e+03
1.036772801876068115e+02,1.504000000000000000e+03
1.037527225017547607e+02,1.505000000000000000e+03
1.038281610012054443e+02,1.506000000000000000e+03
1.039036321640014648e+02,1.507000000000000000e+03
1.039791924953460693e+02,1.508000000000000000e+03
1.040546708106994629e+02,1.509000000000000000e+03
1.041300883293151855e+02,1.510000000000000000e+03
1.042055041790008545e+02,1.511000000000000000e+03
1.042807965278625488e+02,1.512000000000000000e+03
1.043562293052673340e+02,1.513000000000000000e+03
1.044315767288208008e+02,1.514000000000000000e+03
1.045069365501403809e+02,1.515000000000000000e+03
1.046557450294494629e+02,1.516000000000000000e+03
1.047310664653778076e+02,1.517000000000000000e+03
1.048069849014282227e+02,1.518000000000000000e+03
1.048823320865631104e+02,1.519000000000000000e+03
1.049581665992736816e+02,1.520000000000000000e+03
1.050335524082183838e+02,1.521000000000000000e+03
1.051088776588439941e+02,1.522000000000000000e+03
1.051841318607330322e+02,1.523000000000000000e+03
1.053304924964904785e+02,1.524000000000000000e+03
1.054037013053894043e+02,1.525000000000000000e+03
1.054790105819702148e+02,1.526000000000000000e+03
1.055540504455566406e+02,1.527000000000000000e+03
1.056294860839843750e+02,1.528000000000000000e+03
1.057047936916351318e+02,1.529000000000000000e+03
1.057800788879394531e+02,1.530000000000000000e+03
1.058553984165191650e+02,1.531000000000000000e+03
1.059306733608245850e+02,1.532000000000000000e+03
1.060059700012207031e+02,1.533000000000000000e+03
1.060813732147216797e+02,1.534000000000000000e+03
1.061567559242248535e+02,1.535000000000000000e+03
1.063056786060333252e+02,1.536000000000000000e+03
1.063810911178588867e+02,1.537000000000000000e+03
1.064577503204345703e+02,1.538000000000000000e+03
1.065332133769989014e+02,1.539000000000000000e+03
1.066085364818572998e+02,1.540000000000000000e+03
1.066838591098785400e+02,1.541000000000000000e+03
1.067592771053314209e+02,1.542000000000000000e+03
1.068345766067504883e+02,1.543000000000000000e+03
1.069098303318023682e+02,1.544000000000000000e+03
1.070567419528961182e+02,1.545000000000000000e+03
1.071299095153808594e+02,1.546000000000000000e+03
1.072030656337738037e+02,1.547000000000000000e+03
1.072052507400512695e+02,1.548000000000000000e+03
1.072783575057983398e+02,1.549000000000000000e+03
1.072805380821228027e+02,1.550000000000000000e+03
1.073537769317626953e+02,1.551000000000000000e+03
1.073559796810150146e+02,1.552000000000000000e+03
1.074312400817871094e+02,1.553000000000000000e+03
1.075066161155700684e+02,1.554000000000000000e+03
1.075819606781005859e+02,1.555000000000000000e+03
1.076585881710052490e+02,1.556000000000000000e+03
1.077343409061431885e+02,1.557000000000000000e+03
1.078111784458160400e+02,1.558000000000000000e+03
1.078843972682952881e+02,1.559000000000000000e+03
1.078865900039672852e+02,1.560000000000000000e+03
1.079597117900848389e+02,1.561000000000000000e+03
1.079622457027435303e+02,1.562000000000000000e+03
1.080355799198150635e+02,1.563000000000000000e+03
1.080379743576049805e+02,1.564000000000000000e+03
1.081123261451721191e+02,1.565000000000000000e+03
1.081148536205291748e+02,1.566000000000000000e+03
1.081883225440979004e+02,1.567000000000000000e+03
1.081906080245971680e+02,1.568000000000000000e+03
1.082640411853790283e+02,1.569000000000000000e+03
1.082663888931274414e+02,1.570000000000000000e+03
1.083397839069366455e+02,1.571000000000000000e+03
1.083420734405517578e+02,1.572000000000000000e+03
1.084152636528015137e+02,1.573000000000000000e+03
1.084174156188964844e+02,1.574000000000000000e+03
1.084909627437591553e+02,1.575000000000000000e+03
1.084937396049499512e+02,1.576000000000000000e+03
1.085670742988586426e+02,1.577000000000000000e+03
1.085692322254180908e+02,1.578000000000000000e+03
1.086427512168884277e+02,1.579000000000000000e+03
1.086453649997711182e+02,1.580000000000000000e+03
1.087185463905334473e+02,1.581000000000000000e+03
1.087917993068695068e+02,1.582000000000000000e+03
1.087939445972442627e+02,1.583000000000000000e+03
1.088692092895507812e+02,1.584000000000000000e+03
1.089444699287414551e+02,1.585000000000000000e+03
1.090199408531188965e+02,1.586000000000000000e+03
1.090953757762908936e+02,1.587000000000000000e+03
1.091707277297973633e+02,1.588000000000000000e+03
1.092461135387420654e+02,1.589000000000000000e+03
1.093214559555053711e+02,1.590000000000000000e+03
1.093969330787658691e+02,1.591000000000000000e+03
1.094726042747497559e+02,1.592000000000000000e+03
1.095481228828430176e+02,1.593000000000000000e+03
1.096242768764495850e+02,1.594000000000000000e+03
1.096997170448303223e+02,1.595000000000000000e+03
1.097751634120941162e+02,1.596000000000000000e+03
1.098505954742431641e+02,1.597000000000000000e+03
1.099259436130523682e+02,1.598000000000000000e+03
1.100013909339904785e+02,1.599000000000000000e+03
1.100767674446105957e+02,1.600000000000000000e+03
1.101522142887115479e+02,1.601000000000000000e+03
1.102280211448669434e+02,1.602000000000000000e+03
1.103038818836212158e+02,1.603000000000000000e+03
1.103797705173492432e+02,1.604000000000000000e+03
1.105292263031005859e+02,1.605000000000000000e+03
1.106049187183380127e+02,1.606000000000000000e+03
1.106807796955108643e+02,1.607000000000000000e+03
1.107566046714782715e+02,1.608000000000000000e+03
1.108324327468872070e+02,1.609000000000000000e+03
1.109081869125366211e+02,1.610000000000000000e+03
1.109856009483337402e+02,1.611000000000000000e+03
1.110611984729766846e+02,1.612000000000000000e+03
1.111368367671966553e+02,1.613000000000000000e+03
1.112125399112701416e+02,1.614000000000000000e+03
1.112884478569030762e+02,1.615000000000000000e+03
1.113641655445098877e+02,1.616000000000000000e+03
1.114397919178009033e+02,1.617000000000000000e+03
1.115153131484985352e+02,1.618000000000000000e+03
1.115906500816345215e+02,1.619000000000000000e+03
1.116659495830535889e+02,1.620000000000000000e+03
1.117413680553436279e+02,1.621000000000000000e+03
1.118167419433593750e+02,1.622000000000000000e+03
1.118920524120330811e+02,1.623000000000000000e+03
1.119689037799835205e+02,1.624000000000000000e+03
1.120443172454833984e+02,1.625000000000000000e+03
1.121196594238281250e+02,1.626000000000000000e+03
1.122686600685119629e+02,1.627000000000000000e+03
1.123439469337463379e+02,1.628000000000000000e+03
1.124193267822265625e+02,1.629000000000000000e+03
1.125662953853607178e+02,1.630000000000000000e+03
1.126395163536071777e+02,1.631000000000000000e+03
1.127126662731170654e+02,1.632000000000000000e+03
1.127148103713989258e+02,1.633000000000000000e+03
1.127878580093383789e+02,1.634000000000000000e+03
1.127900068759918213e+02,1.635000000000000000e+03
1.128653767108917236e+02,1.636000000000000000e+03
1.129406509399414062e+02,1.637000000000000000e+03
1.130158631801605225e+02,1.638000000000000000e+03
1.130911557674407959e+02,1.639000000000000000e+03
1.131663913726806641e+02,1.640000000000000000e+03
1.132416691780090332e+02,1.641000000000000000e+03
1.133170433044433594e+02,1.642000000000000000e+03
1.133923113346099854e+02,1.643000000000000000e+03
1.134690620899200439e+02,1.644000000000000000e+03
1.135442926883697510e+02,1.645000000000000000e+03
1.136195199489593506e+02,1.646000000000000000e+03
1.136956770420074463e+02,1.647000000000000000e+03
1.137709202766418457e+02,1.648000000000000000e+03
1.138461699485778809e+02,1.649000000000000000e+03
1.139214060306549072e+02,1.650000000000000000e+03
1.140003991127014160e+02,1.651000000000000000e+03
1.140757226943969727e+02,1.652000000000000000e+03
1.141511876583099365e+02,1.653000000000000000e+03
1.142267069816589355e+02,1.654000000000000000e+03
1.143030834197998047e+02,1.655000000000000000e+03
1.143811409473419189e+02,1.656000000000000000e+03
1.144543061256408691e+02,1.657000000000000000e+03
1.144566929340362549e+02,1.658000000000000000e+03
1.145301098823547363e+02,1.659000000000000000e+03
1.145323126316070557e+02,1.660000000000000000e+03
1.146054742336273193e+02,1.661000000000000000e+03
1.146077082157135010e+02,1.662000000000000000e+03
1.146808199882507324e+02,1.663000000000000000e+03
1.146830840110778809e+02,1.664000000000000000e+03
1.147561597824096680e+02,1.665000000000000000e+03
1.147583830356597900e+02,1.666000000000000000e+03
1.148314902782440186e+02,1.667000000000000000e+03
1.148337478637695312e+02,1.668000000000000000e+03
1.149068262577056885e+02,1.669000000000000000e+03
1.149091048240661621e+02,1.670000000000000000e+03
1.149860491752624512e+02,1.671000000000000000e+03
1.150591998100280762e+02,1.672000000000000000e+03
1.150613851547241211e+02,1.673000000000000000e+03
1.151345076560974121e+02,1.674000000000000000e+03
1.151366817951202393e+02,1.675000000000000000e+03
1.152098278999328613e+02,1.676000000000000000e+03
1.152119786739349365e+02,1.677000000000000000e+03
1.152851231098175049e+02,1.678000000000000000e+03
1.152872772216796875e+02,1.679000000000000000e+03
1.153626227378845215e+02,1.680000000000000000e+03
1.154379014968872070e+02,1.681000000000000000e+03
1.155131466388702393e+02,1.682000000000000000e+03
1.155885102748870850e+02,1.683000000000000000e+03
1.156638250350952148e+02,1.684000000000000000e+03
1.157391059398651123e+02,1.685000000000000000e+03
1.158144347667694092e+02,1.686000000000000000e+03
1.158896696567535400e+02,1.687000000000000000e+03
1.159674413204193115e+02,1.688000000000000000e+03
1.160426988601684570e+02,1.689000000000000000e+03
1.161179690361022949e+02,1.690000000000000000e+03
1.161931695938110352e+02,1.691000000000000000e+03
1.162683677673339844e+02,1.692000000000000000e+03
1.163437738418579102e+02,1.693000000000000000e+03
1.164191660881042480e+02,1.694000000000000000e+03
1.164953551292419434e+02,1.695000000000000000e+03
1.165706095695495605e+02,1.696000000000000000e+03
1.166466717720031738e+02,1.697000000000000000e+03
1.167219338417053223e+02,1.698000000000000000e+03
1.167980351448059082e+02,1.699000000000000000e+03
1.168733022212982178e+02,1.700000000000000000e+03
1.169486427307128906e+02,1.701000000000000000e+03
1.170238566398620605e+02,1.702000000000000000e+03
1.170989959239959717e+02,1.703000000000000000e+03
1.171742367744445801e+02,1.704000000000000000e+03
1.172495362758636475e+02,1.705000000000000000e+03
1.173248441219329834e+02,1.706000000000000000e+03
1.174001121520996094e+02,1.707000000000000000e+03
1.174756634235382080e+02,1.708000000000000000e+03
1.175515890121459961e+02,1.709000000000000000e+03
1.176273550987243652e+02,1.710000000000000000e+03
1.177026352882385254e+02,1.711000000000000000e+03
1.177778716087341309e+02,1.712000000000000000e+03
1.178531327247619629e+02,1.713000000000000000e+03
1.179993841648101807e+02,1.714000000000000000e+03
1.180725746154785156e+02,1.715000000000000000e+03
1.180747387409210205e+02,1.716000000000000000e+03
1.181479649543762207e+02,1.717000000000000000e+03
1.181502003669738770e+02,1.718000000000000000e+03
1.182233467102050781e+02,1.719000000000000000e+03
1.182255551815032959e+02,1.720000000000000000e+03
1.182993631362915039e+02,1.721000000000000000e+03
1.183019282817840576e+02,1.722000000000000000e+03
1.183750860691070557e+02,1.723000000000000000e+03
1.183773174285888672e+02,1.724000000000000000e+03
1.184504711627960205e+02,1.725000000000000000e+03
1.184525916576385498e+02,1.726000000000000000e+03
1.185257534980773926e+02,1.727000000000000000e+03
1.185279233455657959e+02,1.728000000000000000e+03
1.186010746955871582e+02,1.729000000000000000e+03
1.186031811237335205e+02,1.730000000000000000e+03
1.186762623786926270e+02,1.731000000000000000e+03
1.186783926486968994e+02,1.732000000000000000e+03
1.187514951229095459e+02,1.733000000000000000e+03
1.187537491321563721e+02,1.734000000000000000e+03
1.188291099071502686e+02,1.735000000000000000e+03
1.189044065475463867e+02,1.736000000000000000e+03
1.189796905517578125e+02,1.737000000000000000e+03
1.190549302101135254e+02,1.738000000000000000e+03
1.191302819252014160e+02,1.739000000000000000e+03
1.192968492507934570e+02,1.740000000000000000e+03
1.192989933490753174e+02,1.741000000000000000e+03
1.193721497058868408e+02,1.742000000000000000e+03
1.193743333816528320e+02,1.743000000000000000e+03
1.194474434852600098e+02,1.744000000000000000e+03
1.194496076107025146e+02,1.745000000000000000e+03
1.195248520374298096e+02,1.746000000000000000e+03
1.196002047061920166e+02,1.747000000000000000e+03
1.196764481067657471e+02,1.748000000000000000e+03
1.197516875267028809e+02,1.749000000000000000e+03
1.198268635272979736e+02,1.750000000000000000e+03
1.199021546840667725e+02,1.751000000000000000e+03
1.199774689674377441e+02,1.752000000000000000e+03
1.200527172088623047e+02,1.753000000000000000e+03
1.201280043125152588e+02,1.754000000000000000e+03
1.202033126354217529e+02,1.755000000000000000e+03
1.202786068916320801e+02,1.756000000000000000e+03
1.203539221286773682e+02,1.757000000000000000e+03
1.204292328357696533e+02,1.758000000000000000e+03
1.205046379566192627e+02,1.759000000000000000e+03
1.205801808834075928e+02,1.760000000000000000e+03
1.206565356254577637e+02,1.761000000000000000e+03
1.207320411205291748e+02,1.762000000000000000e+03
1.208074743747711182e+02,1.763000000000000000e+03
1.210269892215728760e+02,1.764000000000000000e+03
1.211002154350280762e+02,1.765000000000000000e+03
1.211736140251159668e+02,1.766000000000000000e+03
1.211763217449188232e+02,1.767000000000000000e+03
1.212494454383850098e+02,1.768000000000000000e+03
1.212515802383422852e+02,1.769000000000000000e+03
1.213246755599975586e+02,1.770000000000000000e+03
1.213268096446990967e+02,1.771000000000000000e+03
1.214021065235137939e+02,1.772000000000000000e+03
1.214774458408355713e+02,1.773000000000000000e+03
1.215528705120086670e+02,1.774000000000000000e+03
1.216283156871795654e+02,1.775000000000000000e+03
1.217037127017974854e+02,1.776000000000000000e+03
1.217790026664733887e+02,1.777000000000000000e+03
1.218542931079864502e+02,1.778000000000000000e+03
1.219295608997344971e+02,1.779000000000000000e+03
1.220050058364868164e+02,1.780000000000000000e+03
1.220803840160369873e+02,1.781000000000000000e+03
1.221567449569702148e+02,1.782000000000000000e+03
1.222321159839630127e+02,1.783000000000000000e+03
1.223052840232849121e+02,1.784000000000000000e+03
1.223074743747711182e+02,1.785000000000000000e+03
1.223839759826660156e+02,1.786000000000000000e+03
1.224637126922607422e+02,1.787000000000000000e+03
1.225368459224700928e+02,1.788000000000000000e+03
1.225389516353607178e+02,1.789000000000000000e+03
1.226119742393493652e+02,1.790000000000000000e+03
1.226141605377197266e+02,1.791000000000000000e+03
1.226873135566711426e+02,1.792000000000000000e+03
1.226894700527191162e+02,1.793000000000000000e+03
1.227625904083251953e+02,1.794000000000000000e+03
1.227648148536682129e+02,1.795000000000000000e+03
1.228401834964752197e+02,1.796000000000000000e+03
1.229154837131500244e+02,1.797000000000000000e+03
1.229908635616302490e+02,1.798000000000000000e+03
1.230662443637847900e+02,1.799000000000000000e+03
1.231414518356323242e+02,1.800000000000000000e+03
1.232167873382568359e+02,1.801000000000000000e+03
1.232922198772430420e+02,1.802000000000000000e+03
1.233678450584411621e+02,1.803000000000000000e+03
1.234434697628021240e+02,1.804000000000000000e+03
1.235191259384155273e+02,1.805000000000000000e+03
1.235945389270782471e+02,1.806000000000000000e+03
1.236701872348785400e+02,1.807000000000000000e+03
1.237456696033477783e+02,1.808000000000000000e+03
1.238211858272552490e+02,1.809000000000000000e+03
1.238969466686248779e+02,1.810000000000000000e+03
1.239728553295135498e+02,1.811000000000000000e+03
1.240485754013061523e+02,1.812000000000000000e+03
1.241241884231567383e+02,1.813000000000000000e+03
1.242007548809051514e+02,1.814000000000000000e+03
1.242763495445251465e+02,1.815000000000000000e+03
1.243520452976226807e+02,1.816000000000000000e+03
1.244276695251464844e+02,1.817000000000000000e+03
1.245032391548156738e+02,1.818000000000000000e+03
1.245788135528564453e+02,1.819000000000000000e+03
1.246552119255065918e+02,1.820000000000000000e+03
1.247311375141143799e+02,1.821000000000000000e+03
1.248065524101257324e+02,1.822000000000000000e+03
1.248821029663085938e+02,1.823000000000000000e+03
1.249588961601257324e+02,1.824000000000000000e+03
1.250347239971160889e+02,1.825000000000000000e+03
1.251103420257568359e+02,1.826000000000000000e+03
1.251856698989868164e+02,1.827000000000000000e+03
1.252610669136047363e+02,1.828000000000000000e+03
1.253364520072937012e+02,1.829000000000000000e+03
1.254117777347564697e+02,1.830000000000000000e+03
1.254884650707244873e+02,1.831000000000000000e+03
1.255638606548309326e+02,1.832000000000000000e+03
1.256393752098083496e+02,1.833000000000000000e+03
1.257146902084350586e+02,1.834000000000000000e+03
1.257899746894836426e+02,1.835000000000000000e+03
1.258653800487518311e+02,1.836000000000000000e+03
1.259407360553741455e+02,1.837000000000000000e+03
1.260162131786346436e+02,1.838000000000000000e+03
1.260914652347564697e+02,1.839000000000000000e+03
1.261668238639831543e+02,1.840000000000000000e+03
1.262421531677246094e+02,1.841000000000000000e+03
1.263906383514404297e+02,1.842000000000000000e+03
1.264683899879455566e+02,1.843000000000000000e+03
1.266170887947082520e+02,1.844000000000000000e+03
1.267634646892547607e+02,1.845000000000000000e+03
1.268367185592651367e+02,1.846000000000000000e+03
1.269099519252777100e+02,1.847000000000000000e+03
1.269121069908142090e+02,1.848000000000000000e+03
1.269882977008819580e+02,1.849000000000000000e+03
1.270614683628082275e+02,1.850000000000000000e+03
1.270636701583862305e+02,1.851000000000000000e+03
1.271387515068054199e+02,1.852000000000000000e+03
1.272137830257415771e+02,1.853000000000000000e+03
1.272890470027923584e+02,1.854000000000000000e+03
1.273643896579742432e+02,1.855000000000000000e+03
1.274397177696228027e+02,1.856000000000000000e+03
1.275150520801544189e+02,1.857000000000000000e+03
1.275903229713439941e+02,1.858000000000000000e+03
1.276655759811401367e+02,1.859000000000000000e+03
1.277408957481384277e+02,1.860000000000000000e+03
1.278161249160766602e+02,1.861000000000000000e+03
1.278913142681121826e+02,1.862000000000000000e+03
1.279680938720703125e+02,1.863000000000000000e+03
1.280434093475341797e+02,1.864000000000000000e+03
1.281186776161193848e+02,1.865000000000000000e+03
1.281940157413482666e+02,1.866000000000000000e+03
1.284135420322418213e+02,1.867000000000000000e+03
1.284867489337921143e+02,1.868000000000000000e+03
1.285599250793457031e+02,1.869000000000000000e+03
1.285620818138122559e+02,1.870000000000000000e+03
1.286374843120574951e+02,1.871000000000000000e+03
1.287127449512481689e+02,1.872000000000000000e+03
1.287884328365325928e+02,1.873000000000000000e+03
1.288637375831604004e+02,1.874000000000000000e+03
1.289390878677368164e+02,1.875000000000000000e+03
1.290145311355590820e+02,1.876000000000000000e+03
1.290898244380950928e+02,1.877000000000000000e+03
1.291651136875152588e+02,1.878000000000000000e+03
1.292404277324676514e+02,1.879000000000000000e+03
1.293156936168670654e+02,1.880000000000000000e+03
1.293909571170806885e+02,1.881000000000000000e+03
1.294680135250091553e+02,1.882000000000000000e+03
1.295436756610870361e+02,1.883000000000000000e+03
1.296190016269683838e+02,1.884000000000000000e+03
1.296942772865295410e+02,1.885000000000000000e+03
1.297695562839508057e+02,1.886000000000000000e+03
1.298448505401611328e+02,1.887000000000000000e+03
1.299201471805572510e+02,1.888000000000000000e+03
1.299971988201141357e+02,1.889000000000000000e+03
1.300732007026672363e+02,1.890000000000000000e+03
1.301490454673767090e+02,1.891000000000000000e+03
1.302246990203857422e+02,1.892000000000000000e+03
1.303017969131469727e+02,1.893000000000000000e+03
1.303872778415679932e+02,1.894000000000000000e+03
1.304650967121124268e+02,1.895000000000000000e+03
1.305406513214111328e+02,1.896000000000000000e+03
1.306163945198059082e+02,1.897000000000000000e+03
1.306919829845428467e+02,1.898000000000000000e+03
1.307678465843200684e+02,1.899000000000000000e+03
1.308434870243072510e+02,1.900000000000000000e+03
1.309931204319000244e+02,1.901000000000000000e+03
1.310688073635101318e+02,1.902000000000000000e+03
1.311442112922668457e+02,1.903000000000000000e+03
1.312195155620574951e+02,1.904000000000000000e+03
1.312947497367858887e+02,1.905000000000000000e+03
1.313703317642211914e+02,1.906000000000000000e+03
1.314456493854522705e+02,1.907000000000000000e+03
1.316651296615600586e+02,1.908000000000000000e+03
1.317382857799530029e+02,1.909000000000000000e+03
1.317404646873474121e+02,1.910000000000000000e+03
1.318157780170440674e+02,1.911000000000000000e+03
1.318910334110260010e+02,1.912000000000000000e+03
1.319666037559509277e+02,1.913000000000000000e+03
1.320419359207153320e+02,1.914000000000000000e+03
1.321172847747802734e+02,1.915000000000000000e+03
1.321925740242004395e+02,1.916000000000000000e+03
1.322679195404052734e+02,1.917000000000000000e+03
1.323432059288024902e+02,1.918000000000000000e+03
1.324184658527374268e+02,1.919000000000000000e+03
1.324947969913482666e+02,1.920000000000000000e+03
1.325703988075256348e+02,1.921000000000000000e+03
1.326468760967254639e+02,1.922000000000000000e+03
1.328134701251983643e+02,1.923000000000000000e+03
1.328156061172485352e+02,1.924000000000000000e+03
1.328887643814086914e+02,1.925000000000000000e+03
1.328909299373626709e+02,1.926000000000000000e+03
1.329683933258056641e+02,1.927000000000000000e+03
1.330415489673614502e+02,1.928000000000000000e+03
1.330437521934509277e+02,1.929000000000000000e+03
1.331169683933258057e+02,1.930000000000000000e+03
1.331191091537475586e+02,1.931000000000000000e+03
1.331927344799041748e+02,1.932000000000000000e+03
1.331954641342163086e+02,1.933000000000000000e+03
1.332685923576354980e+02,1.934000000000000000e+03
1.332707796096801758e+02,1.935000000000000000e+03
1.333438878059387207e+02,1.936000000000000000e+03
1.333460898399353027e+02,1.937000000000000000e+03
1.334192655086517334e+02,1.938000000000000000e+03
1.334214754104614258e+02,1.939000000000000000e+03
1.334953579902648926e+02,1.940000000000000000e+03
1.334982111454010010e+02,1.941000000000000000e+03
1.335713951587677002e+02,1.942000000000000000e+03
1.335736663341522217e+02,1.943000000000000000e+03
1.336474955081939697e+02,1.944000000000000000e+03
1.336501882076263428e+02,1.945000000000000000e+03
1.337233791351318359e+02,1.946000000000000000e+03
1.337257800102233887e+02,1.947000000000000000e+03
1.337988860607147217e+02,1.948000000000000000e+03
1.338011295795440674e+02,1.949000000000000000e+03
1.338743209838867188e+02,1.950000000000000000e+03
1.338765325546264648e+02,1.951000000000000000e+03
1.339496958255767822e+02,1.952000000000000000e+03
1.339520034790039062e+02,1.953000000000000000e+03
1.340252139568328857e+02,1.954000000000000000e+03
1.340274651050567627e+02,1.955000000000000000e+03
1.341006007194519043e+02,1.956000000000000000e+03
1.341028096675872803e+02,1.957000000000000000e+03
1.341759090423583984e+02,1.958000000000000000e+03
1.341780841350555420e+02,1.959000000000000000e+03
1.342511618137359619e+02,1.960000000000000000e+03
1.342533638477325439e+02,1.961000000000000000e+03
1.343264780044555664e+02,1.962000000000000000e+03
1.343286252021789551e+02,1.963000000000000000e+03
1.344038889408111572e+02,1.964000000000000000e+03
1.344792351722717285e+02,1.965000000000000000e+03
1.345545582771301270e+02,1.966000000000000000e+03
1.346298596858978271e+02,1.967000000000000000e+03
1.347060129642486572e+02,1.968000000000000000e+03
1.347822978496551514e+02,1.969000000000000000e+03
1.348576090335845947e+02,1.970000000000000000e+03
1.349328646659851074e+02,1.971000000000000000e+03
1.350081849098205566e+02,1.972000000000000000e+03
1.350834672451019287e+02,1.973000000000000000e+03
1.351591708660125732e+02,1.974000000000000000e+03
1.352345211505889893e+02,1.975000000000000000e+03
1.353098795413970947e+02,1.976000000000000000e+03
1.353851914405822754e+02,1.977000000000000000e+03
1.354628028869628906e+02,1.978000000000000000e+03
1.355382487773895264e+02,1.979000000000000000e+03
1.356137697696685791e+02,1.980000000000000000e+03
1.356891195774078369e+02,1.981000000000000000e+03
1.357643721103668213e+02,1.982000000000000000e+03
1.358397374153137207e+02,1.983000000000000000e+03
1.359149663448333740e+02,1.984000000000000000e+03
1.360637986660003662e+02,1.985000000000000000e+03
1.361390087604522705e+02,1.986000000000000000e+03
1.362142555713653564e+02,1.987000000000000000e+03
1.362895762920379639e+02,1.988000000000000000e+03
1.363648335933685303e+02,1.989000000000000000e+03
1.365112202167510986e+02,1.990000000000000000e+03
1.365844056606292725e+02,1.991000000000000000e+03
1.366575896739959717e+02,1.992000000000000000e+03
1.366596589088439941e+02,1.993000000000000000e+03
1.367348957061767578e+02,1.994000000000000000e+03
1.368101229667663574e+02,1.995000000000000000e+03
1.368853268623352051e+02,1.996000000000000000e+03
1.369620032310485840e+02,1.997000000000000000e+03
1.370373318195343018e+02,1.998000000000000000e+03
1.371126110553741455e+02,1.999000000000000000e+03
1.371879558563232422e+02,2.000000000000000000e+03
1.372632503509521484e+02,2.001000000000000000e+03
1.373792028427124023e+02,2.002000000000000000e+03
1.375255234241485596e+02,2.003000000000000000e+03
1.375986731052398682e+02,2.004000000000000000e+03
1.376717631816864014e+02,2.005000000000000000e+03
1.376745514869689941e+02,2.006000000000000000e+03
1.377477381229400635e+02,2.007000000000000000e+03
1.377499780654907227e+02,2.008000000000000000e+03
1.378230547904968262e+02,2.009000000000000000e+03
1.378252885341644287e+02,2.010000000000000000e+03
1.379006872177124023e+02,2.011000000000000000e+03
1.379760229587554932e+02,2.012000000000000000e+03
1.380514228343963623e+02,2.013000000000000000e+03
1.381266853809356689e+02,2.014000000000000000e+03
1.382020213603973389e+02,2.015000000000000000e+03
1.382773523330688477e+02,2.016000000000000000e+03
1.383603887557983398e+02,2.017000000000000000e+03
1.384337103366851807e+02,2.018000000000000000e+03
1.385069429874420166e+02,2.019000000000000000e+03
1.385801596641540527e+02,2.020000000000000000e+03
1.385825169086456299e+02,2.021000000000000000e+03
1.386561777591705322e+02,2.022000000000000000e+03
1.386588554382324219e+02,2.023000000000000000e+03
1.387319469451904297e+02,2.024000000000000000e+03
1.387341179847717285e+02,2.025000000000000000e+03
1.388072226047515869e+02,2.026000000000000000e+03
1.388094909191131592e+02,2.027000000000000000e+03
1.388826289176940918e+02,2.028000000000000000e+03
1.388848679065704346e+02,2.029000000000000000e+03
1.389629747867584229e+02,2.030000000000000000e+03
1.390364902019500732e+02,2.031000000000000000e+03
1.390388531684875488e+02,2.032000000000000000e+03
1.391121149063110352e+02,2.033000000000000000e+03
1.391144261360168457e+02,2.034000000000000000e+03
1.391877303123474121e+02,2.035000000000000000e+03
1.391903092861175537e+02,2.036000000000000000e+03
1.392634580135345459e+02,2.037000000000000000e+03
1.392657442092895508e+02,2.038000000000000000e+03
1.393388819694519043e+02,2.039000000000000000e+03
1.393411619663238525e+02,2.040000000000000000e+03
1.394143202304840088e+02,2.041000000000000000e+03
1.394165809154510498e+02,2.042000000000000000e+03
1.395654530525207520e+02,2.043000000000000000e+03
1.395677039623260498e+02,2.044000000000000000e+03
1.397165668010711670e+02,2.045000000000000000e+03
1.397187790870666504e+02,2.046000000000000000e+03
1.397919452190399170e+02,2.047000000000000000e+03
1.397942168712615967e+02,2.048000000000000000e+03
1.398673689365386963e+02,2.049000000000000000e+03
1.398696007728576660e+02,2.050000000000000000e+03
1.399427163600921631e+02,2.051000000000000000e+03
1.399449861049652100e+02,2.052000000000000000e+03
1.400183379650115967e+02,2.053000000000000000e+03
1.400205202102661133e+02,2.054000000000000000e+03
1.400936465263366699e+02,2.055000000000000000e+03
1.400959260463714600e+02,2.056000000000000000e+03
1.401712796688079834e+02,2.057000000000000000e+03
1.402466216087341309e+02,2.058000000000000000e+03
1.403219361305236816e+02,2.059000000000000000e+03
1.403973329067230225e+02,2.060000000000000000e+03
1.404729120731353760e+02,2.061000000000000000e+03
1.405484280586242676e+02,2.062000000000000000e+03
1.406246004104614258e+02,2.063000000000000000e+03
1.407003865242004395e+02,2.064000000000000000e+03
1.407756993770599365e+02,2.065000000000000000e+03
1.408509743213653564e+02,2.066000000000000000e+03
1.409262595176696777e+02,2.067000000000000000e+03
1.410016121864318848e+02,2.068000000000000000e+03
1.410769081115722656e+02,2.069000000000000000e+03
1.411522829532623291e+02,2.070000000000000000e+03
1.412276353836059570e+02,2.071000000000000000e+03
1.413029522895812988e+02,2.072000000000000000e+03
1.414514863491058350e+02,2.073000000000000000e+03
1.415268142223358154e+02,2.074000000000000000e+03
1.416021552085876465e+02,2.075000000000000000e+03
1.417484936714172363e+02,2.076000000000000000e+03
1.418217062950134277e+02,2.077000000000000000e+03
1.418949232101440430e+02,2.078000000000000000e+03
1.418971326351165771e+02,2.079000000000000000e+03
1.419725136756896973e+02,2.080000000000000000e+03
1.420478689670562744e+02,2.081000000000000000e+03
1.421232018470764160e+02,2.082000000000000000e+03
1.421994316577911377e+02,2.083000000000000000e+03
1.422747139930725098e+02,2.084000000000000000e+03
1.423501379489898682e+02,2.085000000000000000e+03
1.424254789352416992e+02,2.086000000000000000e+03
1.425008933544158936e+02,2.087000000000000000e+03
1.425762574672698975e+02,2.088000000000000000e+03
1.426524820327758789e+02,2.089000000000000000e+03
1.427279856204986572e+02,2.090000000000000000e+03
1.428033895492553711e+02,2.091000000000000000e+03
1.428787291049957275e+02,2.092000000000000000e+03
1.429540796279907227e+02,2.093000000000000000e+03
1.430294480323791504e+02,2.094000000000000000e+03
1.431047959327697754e+02,2.095000000000000000e+03
1.431801576614379883e+02,2.096000000000000000e+03
1.432554969787597656e+02,2.097000000000000000e+03
1.433308057785034180e+02,2.098000000000000000e+03
1.434796442985534668e+02,2.099000000000000000e+03
1.435549445152282715e+02,2.100000000000000000e+03
1.436303074359893799e+02,2.101000000000000000e+03
1.437771208286285400e+02,2.102000000000000000e+03
1.438727431297302246e+02,2.103000000000000000e+03
1.439482796192169189e+02,2.104000000000000000e+03
1.440947322845458984e+02,2.105000000000000000e+03
1.441679439544677734e+02,2.106000000000000000e+03
1.442411167621612549e+02,2.107000000000000000e+03
1.442433662414550781e+02,2.108000000000000000e+03
1.443165001869201660e+02,2.109000000000000000e+03
1.443187553882598877e+02,2.110000000000000000e+03
1.443941652774810791e+02,2.111000000000000000e+03
1.444705848693847656e+02,2.112000000000000000e+03
1.445438363552093506e+02,2.113000000000000000e+03
1.445466589927673340e+02,2.114000000000000000e+03
1.446198337078094482e+02,2.115000000000000000e+03
1.446226966381072998e+02,2.116000000000000000e+03
1.446958980560302734e+02,2.117000000000000000e+03
1.446981623172760010e+02,2.118000000000000000e+03
1.447712800502777100e+02,2.119000000000000000e+03
1.447735943794250488e+02,2.120000000000000000e+03
1.448467462062835693e+02,2.121000000000000000e+03
1.448489179611206055e+02,2.122000000000000000e+03
1.449220418930053711e+02,2.123000000000000000e+03
1.449242682456970215e+02,2.124000000000000000e+03
1.449996421337127686e+02,2.125000000000000000e+03
1.450751492977142334e+02,2.126000000000000000e+03
1.451508972644805908e+02,2.127000000000000000e+03
1.452261857986450195e+02,2.128000000000000000e+03
1.453016133308410645e+02,2.129000000000000000e+03
1.453768718242645264e+02,2.130000000000000000e+03
1.454522206783294678e+02,2.131000000000000000e+03
1.455275118350982666e+02,2.132000000000000000e+03
1.456028516292572021e+02,2.133000000000000000e+03
1.456780753135681152e+02,2.134000000000000000e+03
1.457533795833587646e+02,2.135000000000000000e+03
1.458286259174346924e+02,2.136000000000000000e+03
1.459039216041564941e+02,2.137000000000000000e+03
1.459795308113098145e+02,2.138000000000000000e+03
1.460548102855682373e+02,2.139000000000000000e+03
1.462033736705780029e+02,2.140000000000000000e+03
1.462840604782104492e+02,2.141000000000000000e+03
1.463594114780426025e+02,2.142000000000000000e+03
1.464347739219665527e+02,2.143000000000000000e+03
1.465100712776184082e+02,2.144000000000000000e+03
1.466585094928741455e+02,2.145000000000000000e+03
1.467337720394134521e+02,2.146000000000000000e+03
1.468096809387207031e+02,2.147000000000000000e+03
1.468849704265594482e+02,2.148000000000000000e+03
1.469603068828582764e+02,2.149000000000000000e+03
1.471799473762512207e+02,2.150000000000000000e+03
1.472531762123107910e+02,2.151000000000000000e+03
1.472552726268768311e+02,2.152000000000000000e+03
1.473306555747985840e+02,2.153000000000000000e+03
1.474060039520263672e+02,2.154000000000000000e+03
1.474813349246978760e+02,2.155000000000000000e+03
1.475567431449890137e+02,2.156000000000000000e+03
1.476320366859436035e+02,2.157000000000000000e+03
1.477074322700500488e+02,2.158000000000000000e+03
1.477826800346374512e+02,2.159000000000000000e+03
1.478580021858215332e+02,2.160000000000000000e+03
1.479333915710449219e+02,2.161000000000000000e+03
1.480289037227630615e+02,2.162000000000000000e+03
1.481020944118499756e+02,2.163000000000000000e+03
1.481042273044586182e+02,2.164000000000000000e+03
1.481780450344085693e+02,2.165000000000000000e+03
1.481806719303131104e+02,2.166000000000000000e+03
1.482538542747497559e+02,2.167000000000000000e+03
1.482560665607452393e+02,2.168000000000000000e+03
1.483292260169982910e+02,2.169000000000000000e+03
1.483313808441162109e+02,2.170000000000000000e+03
1.484044628143310547e+02,2.171000000000000000e+03
1.484066956043243408e+02,2.172000000000000000e+03
1.484800777435302734e+02,2.173000000000000000e+03
1.484830839633941650e+02,2.174000000000000000e+03
1.485562105178833008e+02,2.175000000000000000e+03
1.485584046840667725e+02,2.176000000000000000e+03
1.486315364837646484e+02,2.177000000000000000e+03
1.486337468624114990e+02,2.178000000000000000e+03
1.487069079875946045e+02,2.179000000000000000e+03
1.487091076374053955e+02,2.180000000000000000e+03
1.487822108268737793e+02,2.181000000000000000e+03
1.487843878269195557e+02,2.182000000000000000e+03
1.488576133251190186e+02,2.183000000000000000e+03
1.488597950935363770e+02,2.184000000000000000e+03
1.489350957870483398e+02,2.185000000000000000e+03
1.490115971565246582e+02,2.186000000000000000e+03
1.490847442150115967e+02,2.187000000000000000e+03
1.490869033336639404e+02,2.188000000000000000e+03
1.491624071598052979e+02,2.189000000000000000e+03
1.492378675937652588e+02,2.190000000000000000e+03
1.493131706714630127e+02,2.191000000000000000e+03
1.493884937763214111e+02,2.192000000000000000e+03
1.494662728309631348e+02,2.193000000000000000e+03
1.495393795967102051e+02,2.194000000000000000e+03
1.495415322780609131e+02,2.195000000000000000e+03
1.496146802902221680e+02,2.196000000000000000e+03
1.496168437004089355e+02,2.197000000000000000e+03
1.496900246143341064e+02,2.198000000000000000e+03
1.496921689510345459e+02,2.199000000000000000e+03
1.497674853801727295e+02,2.200000000000000000e+03
1.498429059982299805e+02,2.201000000000000000e+03
1.499181451797485352e+02,2.202000000000000000e+03
1.499943959712982178e+02,2.203000000000000000e+03
1.500697863101959229e+02,2.204000000000000000e+03
1.501450617313385010e+02,2.205000000000000000e+03
1.502205860614776611e+02,2.206000000000000000e+03
1.502959825992584229e+02,2.207000000000000000e+03
1.503713104724884033e+02,2.208000000000000000e+03
1.504466729164123535e+02,2.209000000000000000e+03
1.505220515727996826e+02,2.210000000000000000e+03
1.505973467826843262e+02,2.211000000000000000e+03
1.506726667881011963e+02,2.212000000000000000e+03
1.507479548454284668e+02,2.213000000000000000e+03
1.508232800960540771e+02,2.214000000000000000e+03
1.508986208438873291e+02,2.215000000000000000e+03
1.509742944240570068e+02,2.216000000000000000e+03
1.511230478286743164e+02,2.217000000000000000e+03
1.511991424560546875e+02,2.218000000000000000e+03
1.512744045257568359e+02,2.219000000000000000e+03
1.513497927188873291e+02,2.220000000000000000e+03
1.514960772991180420e+02,2.221000000000000000e+03
1.516440749168395996e+02,2.222000000000000000e+03
1.516464622020721436e+02,2.223000000000000000e+03
1.517195467948913574e+02,2.224000000000000000e+03
1.517217705249786377e+02,2.225000000000000000e+03
1.518697135448455811e+02,2.226000000000000000e+03
1.518718905448913574e+02,2.227000000000000000e+03
1.519472360610961914e+02,2.228000000000000000e+03
1.520226001739501953e+02,2.229000000000000000e+03
1.520979664325714111e+02,2.230000000000000000e+03
1.521733176708221436e+02,2.231000000000000000e+03
1.522487161159515381e+02,2.232000000000000000e+03
1.523240261077880859e+02,2.233000000000000000e+03
1.523993518352508545e+02,2.234000000000000000e+03
1.524747962951660156e+02,2.235000000000000000e+03
1.525504512786865234e+02,2.236000000000000000e+03
1.526272668838500977e+02,2.237000000000000000e+03
1.527029538154602051e+02,2.238000000000000000e+03
1.527785353660583496e+02,2.239000000000000000e+03
1.528541710376739502e+02,2.240000000000000000e+03
1.529298777580261230e+02,2.241000000000000000e+03
1.530461719036102295e+02,2.242000000000000000e+03
1.531220445632934570e+02,2.243000000000000000e+03
1.531979131698608398e+02,2.244000000000000000e+03
1.532735450267791748e+02,2.245000000000000000e+03
1.533492908477783203e+02,2.246000000000000000e+03
1.534250500202178955e+02,2.247000000000000000e+03
1.535006611347198486e+02,2.248000000000000000e+03
1.535762412548065186e+02,2.249000000000000000e+03
1.536529190540313721e+02,2.250000000000000000e+03
1.537286767959594727e+02,2.251000000000000000e+03
1.538043382167816162e+02,2.252000000000000000e+03
1.538799855709075928e+02,2.253000000000000000e+03
1.539569773674011230e+02,2.254000000000000000e+03
1.540337307453155518e+02,2.255000000000000000e+03
1.541094515323638916e+02,2.256000000000000000e+03
1.541852836608886719e+02,2.257000000000000000e+03
1.542610142230987549e+02,2.258000000000000000e+03
1.543367478847503662e+02,2.259000000000000000e+03
1.544122769832611084e+02,2.260000000000000000e+03
1.544893701076507568e+02,2.261000000000000000e+03
1.545655152797698975e+02,2.262000000000000000e+03
1.546423025131225586e+02,2.263000000000000000e+03
1.547175085544586182e+02,2.264000000000000000e+03
1.547905242443084717e+02,2.265000000000000000e+03
1.547927658557891846e+02,2.266000000000000000e+03
1.548683266639709473e+02,2.267000000000000000e+03
1.549440259933471680e+02,2.268000000000000000e+03
1.550197293758392334e+02,2.269000000000000000e+03
1.550953943729400635e+02,2.270000000000000000e+03
1.551711535453796387e+02,2.271000000000000000e+03
1.552467699050903320e+02,2.272000000000000000e+03
1.553222496509552002e+02,2.273000000000000000e+03
1.553976502418518066e+02,2.274000000000000000e+03
1.554733774662017822e+02,2.275000000000000000e+03
1.555488164424896240e+02,2.276000000000000000e+03
1.556255455017089844e+02,2.277000000000000000e+03
1.557010066509246826e+02,2.278000000000000000e+03
1.557763745784759521e+02,2.279000000000000000e+03
1.558517360687255859e+02,2.280000000000000000e+03
1.559271674156188965e+02,2.281000000000000000e+03
1.560025351047515869e+02,2.282000000000000000e+03
1.560778973102569580e+02,2.283000000000000000e+03
1.561532497406005859e+02,2.284000000000000000e+03
1.562286231517791748e+02,2.285000000000000000e+03
1.563039832115173340e+02,2.286000000000000000e+03
1.563793423175811768e+02,2.287000000000000000e+03
1.564547293186187744e+02,2.288000000000000000e+03
1.565309324264526367e+02,2.289000000000000000e+03
1.566290004253387451e+02,2.290000000000000000e+03
1.567025091648101807e+02,2.291000000000000000e+03
1.567758972644805908e+02,2.292000000000000000e+03
1.567783639430999756e+02,2.293000000000000000e+03
1.569267525672912598e+02,2.294000000000000000e+03
1.569290702342987061e+02,2.295000000000000000e+03
1.570784132480621338e+02,2.296000000000000000e+03
1.570808207988739014e+02,2.297000000000000000e+03
1.571541819572448730e+02,2.298000000000000000e+03
1.571564300060272217e+02,2.299000000000000000e+03
1.572295784950256348e+02,2.300000000000000000e+03
1.572319679260253906e+02,2.301000000000000000e+03
1.573810355663299561e+02,2.302000000000000000e+03
1.573832960128784180e+02,2.303000000000000000e+03
1.574572460651397705e+02,2.304000000000000000e+03
1.574599678516387939e+02,2.305000000000000000e+03
1.576081979274749756e+02,2.306000000000000000e+03
1.576106460094451904e+02,2.307000000000000000e+03
1.577590823173522949e+02,2.308000000000000000e+03
1.577614190578460693e+02,2.309000000000000000e+03
1.578347935676574707e+02,2.310000000000000000e+03
1.578371062278747559e+02,2.311000000000000000e+03
1.579104716777801514e+02,2.312000000000000000e+03
1.579127876758575439e+02,2.313000000000000000e+03
1.579865949153900146e+02,2.314000000000000000e+03
1.579896488189697266e+02,2.315000000000000000e+03
1.580631065368652344e+02,2.316000000000000000e+03
1.581363976001739502e+02,2.317000000000000000e+03
1.581387147903442383e+02,2.318000000000000000e+03
1.582119729518890381e+02,2.319000000000000000e+03
1.582142248153686523e+02,2.320000000000000000e+03
1.582873311042785645e+02,2.321000000000000000e+03
1.582897684574127197e+02,2.322000000000000000e+03
1.583629009723663330e+02,2.323000000000000000e+03
1.583653466701507568e+02,2.324000000000000000e+03
1.584409930706024170e+02,2.325000000000000000e+03
1.585165286064147949e+02,2.326000000000000000e+03
1.585918776988983154e+02,2.327000000000000000e+03
1.586671633720397949e+02,2.328000000000000000e+03
1.587424888610839844e+02,2.329000000000000000e+03
1.588184566497802734e+02,2.330000000000000000e+03
1.588937790393829346e+02,2.331000000000000000e+03
1.589703314304351807e+02,2.332000000000000000e+03
1.590460071563720703e+02,2.333000000000000000e+03
1.591219141483306885e+02,2.334000000000000000e+03
1.591976087093353271e+02,2.335000000000000000e+03
1.592732777595520020e+02,2.336000000000000000e+03
1.593489139080047607e+02,2.337000000000000000e+03
1.594246213436126709e+02,2.338000000000000000e+03
1.595007257461547852e+02,2.339000000000000000e+03
1.595740692615509033e+02,2.340000000000000000e+03
1.595763874053955078e+02,2.341000000000000000e+03
1.596499338150024414e+02,2.342000000000000000e+03
1.596527464389801025e+02,2.343000000000000000e+03
1.597259075641632080e+02,2.344000000000000000e+03
1.597281990051269531e+02,2.345000000000000000e+03
1.598013839721679688e+02,2.346000000000000000e+03
1.598036103248596191e+02,2.347000000000000000e+03
1.598767094612121582e+02,2.348000000000000000e+03
1.598789131641387939e+02,2.349000000000000000e+03
1.599542922973632812e+02,2.350000000000000000e+03
1.600295972824096680e+02,2.351000000000000000e+03
1.601049883365631104e+02,2.352000000000000000e+03
1.601812679767608643e+02,2.353000000000000000e+03
1.602567551136016846e+02,2.354000000000000000e+03
1.603322405815124512e+02,2.355000000000000000e+03
1.604078028202056885e+02,2.356000000000000000e+03
1.604849522113800049e+02,2.357000000000000000e+03
1.605581459999084473e+02,2.358000000000000000e+03
1.605602777004241943e+02,2.359000000000000000e+03
1.606334145069122314e+02,2.360000000000000000e+03
1.606355619430541992e+02,2.361000000000000000e+03
1.607161478996276855e+02,2.362000000000000000e+03
1.607893209457397461e+02,2.363000000000000000e+03
1.608625569343566895e+02,2.364000000000000000e+03
1.608649675846099854e+02,2.365000000000000000e+03
1.609381632804870605e+02,2.366000000000000000e+03
1.609403359889984131e+02,2.367000000000000000e+03
1.610134747028350830e+02,2.368000000000000000e+03
1.610156209468841553e+02,2.369000000000000000e+03
1.610887458324432373e+02,2.370000000000000000e+03
1.610909206867218018e+02,2.371000000000000000e+03
1.611640148162841797e+02,2.372000000000000000e+03
1.611662006378173828e+02,2.373000000000000000e+03
1.612392365932464600e+02,2.374000000000000000e+03
1.612414007186889648e+02,2.375000000000000000e+03
1.613145091533660889e+02,2.376000000000000000e+03
1.613167221546173096e+02,2.377000000000000000e+03
1.613920052051544189e+02,2.378000000000000000e+03
1.614686059951782227e+02,2.379000000000000000e+03
1.615417423248291016e+02,2.380000000000000000e+03
1.615439879894256592e+02,2.381000000000000000e+03
1.616193242073059082e+02,2.382000000000000000e+03
1.616948480606079102e+02,2.383000000000000000e+03
1.617700769901275635e+02,2.384000000000000000e+03
1.618452653884887695e+02,2.385000000000000000e+03
1.619204874038696289e+02,2.386000000000000000e+03
1.619961562156677246e+02,2.387000000000000000e+03
1.620716128349304199e+02,2.388000000000000000e+03
1.621469306945800781e+02,2.389000000000000000e+03
1.622223117351531982e+02,2.390000000000000000e+03
1.622977578639984131e+02,2.391000000000000000e+03
1.623731579780578613e+02,2.392000000000000000e+03
1.624486527442932129e+02,2.393000000000000000e+03
1.625240867137908936e+02,2.394000000000000000e+03
1.626727733612060547e+02,2.395000000000000000e+03
1.627481672763824463e+02,2.396000000000000000e+03
1.628236520290374756e+02,2.397000000000000000e+03
1.628990135192871094e+02,2.398000000000000000e+03
1.630457873344421387e+02,2.399000000000000000e+03
1.631191864013671875e+02,2.400000000000000000e+03
1.631925644874572754e+02,2.401000000000000000e+03
1.631953017711639404e+02,2.402000000000000000e+03
1.632686715126037598e+02,2.403000000000000000e+03
1.632709734439849854e+02,2.404000000000000000e+03
1.633441028594970703e+02,2.405000000000000000e+03
1.633464884757995605e+02,2.406000000000000000e+03
1.634948124885559082e+02,2.407000000000000000e+03
1.634970734119415283e+02,2.408000000000000000e+03
1.635703840255737305e+02,2.409000000000000000e+03
1.635726842880249023e+02,2.410000000000000000e+03
1.636467349529266357e+02,2.411000000000000000e+03
1.636493895053863525e+02,2.412000000000000000e+03
1.637978193759918213e+02,2.413000000000000000e+03
1.638001229763031006e+02,2.414000000000000000e+03
1.638734910488128662e+02,2.415000000000000000e+03
1.638757815361022949e+02,2.416000000000000000e+03
1.639491076469421387e+02,2.417000000000000000e+03
1.639513251781463623e+02,2.418000000000000000e+03
1.640248117446899414e+02,2.419000000000000000e+03
1.640271608829498291e+02,2.420000000000000000e+03
1.641006255149841309e+02,2.421000000000000000e+03
1.641028933525085449e+02,2.422000000000000000e+03
1.641762020587921143e+02,2.423000000000000000e+03
1.641785218715667725e+02,2.424000000000000000e+03
1.642518517971038818e+02,2.425000000000000000e+03
1.642541203498840332e+02,2.426000000000000000e+03
1.643274352550506592e+02,2.427000000000000000e+03
1.643297047615051270e+02,2.428000000000000000e+03
1.644030630588531494e+02,2.429000000000000000e+03
1.644053418636322021e+02,2.430000000000000000e+03
1.644787304401397705e+02,2.431000000000000000e+03
1.644809660911560059e+02,2.432000000000000000e+03
1.645543003082275391e+02,2.433000000000000000e+03
1.645565845966339111e+02,2.434000000000000000e+03
1.646299147605895996e+02,2.435000000000000000e+03
1.646321525573730469e+02,2.436000000000000000e+03
1.647059962749481201e+02,2.437000000000000000e+03
1.647088532447814941e+02,2.438000000000000000e+03
1.647827031612396240e+02,2.439000000000000000e+03
1.647857129573822021e+02,2.440000000000000000e+03
1.650262596607208252e+02,2.441000000000000000e+03
1.650996179580688477e+02,2.442000000000000000e+03
1.651019077301025391e+02,2.443000000000000000e+03
1.652502918243408203e+02,2.444000000000000000e+03
1.652525901794433594e+02,2.445000000000000000e+03
1.653259513378143311e+02,2.446000000000000000e+03
1.653282046318054199e+02,2.447000000000000000e+03
1.654034976959228516e+02,2.448000000000000000e+03
1.654791994094848633e+02,2.449000000000000000e+03
1.655548660755157471e+02,2.450000000000000000e+03
1.656305680274963379e+02,2.451000000000000000e+03
1.657061917781829834e+02,2.452000000000000000e+03
1.657818162441253662e+02,2.453000000000000000e+03
1.658575046062469482e+02,2.454000000000000000e+03
1.659332575798034668e+02,2.455000000000000000e+03
1.660089774131774902e+02,2.456000000000000000e+03
1.660844743251800537e+02,2.457000000000000000e+03
1.661603317260742188e+02,2.458000000000000000e+03
1.662361268997192383e+02,2.459000000000000000e+03
1.663126819133758545e+02,2.460000000000000000e+03
1.663860332965850830e+02,2.461000000000000000e+03
1.663882677555084229e+02,2.462000000000000000e+03
1.664625751972198486e+02,2.463000000000000000e+03
1.664665334224700928e+02,2.464000000000000000e+03
1.665399115085601807e+02,2.465000000000000000e+03
1.666133184432983398e+02,2.466000000000000000e+03
1.666155760288238525e+02,2.467000000000000000e+03
1.666887307167053223e+02,2.468000000000000000e+03
1.666911368370056152e+02,2.469000000000000000e+03
1.667645316123962402e+02,2.470000000000000000e+03
1.667670469284057617e+02,2.471000000000000000e+03
1.668403894901275635e+02,2.472000000000000000e+03
1.668427457809448242e+02,2.473000000000000000e+03
1.669160563945770264e+02,2.474000000000000000e+03
1.669183568954467773e+02,2.475000000000000000e+03
1.669921660423278809e+02,2.476000000000000000e+03
1.669950113296508789e+02,2.477000000000000000e+03
1.670682961940765381e+02,2.478000000000000000e+03
1.670706346035003662e+02,2.479000000000000000e+03
1.671439704895019531e+02,2.480000000000000000e+03
1.671461994647979736e+02,2.481000000000000000e+03
1.672195394039154053e+02,2.482000000000000000e+03
1.672216989994049072e+02,2.483000000000000000e+03
1.672950136661529541e+02,2.484000000000000000e+03
1.672973017692565918e+02,2.485000000000000000e+03
1.673706212043762207e+02,2.486000000000000000e+03
1.673727724552154541e+02,2.487000000000000000e+03
1.674460897445678711e+02,2.488000000000000000e+03
1.674483911991119385e+02,2.489000000000000000e+03
1.675967168807983398e+02,2.490000000000000000e+03
1.675989603996276855e+02,2.491000000000000000e+03
1.676723010540008545e+02,2.492000000000000000e+03
1.676745750904083252e+02,2.493000000000000000e+03
1.677479398250579834e+02,2.494000000000000000e+03
1.677501826286315918e+02,2.495000000000000000e+03
1.678234901428222656e+02,2.496000000000000000e+03
1.678257825374603271e+02,2.497000000000000000e+03
1.678991532325744629e+02,2.498000000000000000e+03
1.679014773368835449e+02,2.499000000000000000e+03
1.679748833179473877e+02,2.500000000000000000e+03
1.679772026538848877e+02,2.501000000000000000e+03
1.680505311489105225e+02,2.502000000000000000e+03
1.680528225898742676e+02,2.503000000000000000e+03
1.681262135505676270e+02,2.504000000000000000e+03
1.681284685134887695e+02,2.505000000000000000e+03
1.682038545608520508e+02,2.506000000000000000e+03
1.682831840515136719e+02,2.507000000000000000e+03
1.683568277359008789e+02,2.508000000000000000e+03
1.684302091598510742e+02,2.509000000000000000e+03
1.684325046539306641e+02,2.510000000000000000e+03
1.685059633255004883e+02,2.511000000000000000e+03
1.685083277225494385e+02,2.512000000000000000e+03
1.685817003250122070e+02,2.513000000000000000e+03
1.685840063095092773e+02,2.514000000000000000e+03
1.686573500633239746e+02,2.515000000000000000e+03
1.686595973968505859e+02,2.516000000000000000e+03
1.687327971458435059e+02,2.517000000000000000e+03
1.687353966236114502e+02,2.518000000000000000e+03
1.688088700771331787e+02,2.519000000000000000e+03
1.688111314773559570e+02,2.520000000000000000e+03
1.688844861984252930e+02,2.521000000000000000e+03
1.688867807388305664e+02,2.522000000000000000e+03
1.689604234695434570e+02,2.523000000000000000e+03
1.689643771648406982e+02,2.524000000000000000e+03
1.690381648540496826e+02,2.525000000000000000e+03
1.691114735603332520e+02,2.526000000000000000e+03
1.691138541698455811e+02,2.527000000000000000e+03
1.691872098445892334e+02,2.528000000000000000e+03
1.691895880699157715e+02,2.529000000000000000e+03
1.693380880355834961e+02,2.530000000000000000e+03
1.693405237197875977e+02,2.531000000000000000e+03
1.694138758182525635e+02,2.532000000000000000e+03
1.694160716533660889e+02,2.533000000000000000e+03
1.694896407127380371e+02,2.534000000000000000e+03
1.694923276901245117e+02,2.535000000000000000e+03
1.695654931068420410e+02,2.536000000000000000e+03
1.695676217079162598e+02,2.537000000000000000e+03
1.696410546302795410e+02,2.538000000000000000e+03
1.696439762115478516e+02,2.539000000000000000e+03
1.697171366214752197e+02,2.540000000000000000e+03
1.697192561626434326e+02,2.541000000000000000e+03
1.697924106121063232e+02,2.542000000000000000e+03
1.697947621345520020e+02,2.543000000000000000e+03
1.698678891658782959e+02,2.544000000000000000e+03
1.698700432777404785e+02,2.545000000000000000e+03
1.699431867599487305e+02,2.546000000000000000e+03
1.699453241825103760e+02,2.547000000000000000e+03
1.700185387134552002e+02,2.548000000000000000e+03
1.700206341743469238e+02,2.549000000000000000e+03
1.700937633514404297e+02,2.550000000000000000e+03
1.700958943367004395e+02,2.551000000000000000e+03
1.701711602210998535e+02,2.552000000000000000e+03
1.702464923858642578e+02,2.553000000000000000e+03
1.703218080997467041e+02,2.554000000000000000e+03
1.703970923423767090e+02,2.555000000000000000e+03
1.704727246761322021e+02,2.556000000000000000e+03
1.705488131046295166e+02,2.557000000000000000e+03
1.706257960796356201e+02,2.558000000000000000e+03
1.707019293308258057e+02,2.559000000000000000e+03
1.707750203609466553e+02,2.560000000000000000e+03
1.707772736549377441e+02,2.561000000000000000e+03
1.708503961563110352e+02,2.562000000000000000e+03
1.708526418209075928e+02,2.563000000000000000e+03
1.709279992580413818e+02,2.564000000000000000e+03
1.710033462047576904e+02,2.565000000000000000e+03
1.710787625312805176e+02,2.566000000000000000e+03
1.711541342735290527e+02,2.567000000000000000e+03
1.712294902801513672e+02,2.568000000000000000e+03
1.713048481941223145e+02,2.569000000000000000e+03
1.713801870346069336e+02,2.570000000000000000e+03
1.714556910991668701e+02,2.571000000000000000e+03
1.715313041210174561e+02,2.572000000000000000e+03
1.716072256565093994e+02,2.573000000000000000e+03
1.716831231117248535e+02,2.574000000000000000e+03
1.717589626312255859e+02,2.575000000000000000e+03
1.718349485397338867e+02,2.576000000000000000e+03
1.719107079505920410e+02,2.577000000000000000e+03
1.719884154796600342e+02,2.578000000000000000e+03
1.720619359016418457e+02,2.579000000000000000e+03
1.720642988681793213e+02,2.580000000000000000e+03
1.721376736164093018e+02,2.581000000000000000e+03
1.721402437686920166e+02,2.582000000000000000e+03
1.722137806415557861e+02,2.583000000000000000e+03
1.722160985469818115e+02,2.584000000000000000e+03
1.722893981933593750e+02,2.585000000000000000e+03
1.722917585372924805e+02,2.586000000000000000e+03
1.723649036884307861e+02,2.587000000000000000e+03
1.723671286106109619e+02,2.588000000000000000e+03
1.724402189254760742e+02,2.589000000000000000e+03
1.724424629211425781e+02,2.590000000000000000e+03
1.725155727863311768e+02,2.591000000000000000e+03
1.725178170204162598e+02,2.592000000000000000e+03
1.725931324958801270e+02,2.593000000000000000e+03
1.726684963703155518e+02,2.594000000000000000e+03
1.727441036701202393e+02,2.595000000000000000e+03
1.728194363117218018e+02,2.596000000000000000e+03
1.728947899341583252e+02,2.597000000000000000e+03
1.729707803726196289e+02,2.598000000000000000e+03
1.730461814403533936e+02,2.599000000000000000e+03
1.731215744018554688e+02,2.600000000000000000e+03
1.731968600749969482e+02,2.601000000000000000e+03
1.732721595764160156e+02,2.602000000000000000e+03
1.733476347923278809e+02,2.603000000000000000e+03
1.734229218959808350e+02,2.604000000000000000e+03
1.734981501102447510e+02,2.605000000000000000e+03
1.735733382701873779e+02,2.606000000000000000e+03
1.736495823860168457e+02,2.607000000000000000e+03
1.737249078750610352e+02,2.608000000000000000e+03
1.738005955219268799e+02,2.609000000000000000e+03
1.738758602142333984e+02,2.610000000000000000e+03
1.740244364738464355e+02,2.611000000000000000e+03
1.740997197628021240e+02,2.612000000000000000e+03
1.742460308074951172e+02,2.613000000000000000e+03
1.743192391395568848e+02,2.614000000000000000e+03
1.743944859504699707e+02,2.615000000000000000e+03
1.744701447486877441e+02,2.616000000000000000e+03
1.745459496974945068e+02,2.617000000000000000e+03
1.746212465763092041e+02,2.618000000000000000e+03
1.746965029239654541e+02,2.619000000000000000e+03
1.747718305587768555e+02,2.620000000000000000e+03
1.748470447063446045e+02,2.621000000000000000e+03
1.749223208427429199e+02,2.622000000000000000e+03
1.749976372718811035e+02,2.623000000000000000e+03
1.750729253292083740e+02,2.624000000000000000e+03
1.751483440399169922e+02,2.625000000000000000e+03
1.752235841751098633e+02,2.626000000000000000e+03
1.752987542152404785e+02,2.627000000000000000e+03
1.753739671707153320e+02,2.628000000000000000e+03
1.754492526054382324e+02,2.629000000000000000e+03
1.755245995521545410e+02,2.630000000000000000e+03
1.755998671054840088e+02,2.631000000000000000e+03
1.756752002239227295e+02,2.632000000000000000e+03
1.757504818439483643e+02,2.633000000000000000e+03
1.758257317543029785e+02,2.634000000000000000e+03
1.759010210037231445e+02,2.635000000000000000e+03
1.759800686836242676e+02,2.636000000000000000e+03
1.760579962730407715e+02,2.637000000000000000e+03
1.761333091259002686e+02,2.638000000000000000e+03
1.762086436748504639e+02,2.639000000000000000e+03
1.762840042114257812e+02,2.640000000000000000e+03
1.763595240116119385e+02,2.641000000000000000e+03
1.764348378181457520e+02,2.642000000000000000e+03
1.765102298259735107e+02,2.643000000000000000e+03
1.765855944156646729e+02,2.644000000000000000e+03
1.766609976291656494e+02,2.645000000000000000e+03
1.767363138198852539e+02,2.646000000000000000e+03
1.768125455379486084e+02,2.647000000000000000e+03
1.769611401557922363e+02,2.648000000000000000e+03
1.770367050170898438e+02,2.649000000000000000e+03
1.771120805740356445e+02,2.650000000000000000e+03
1.771874709129333496e+02,2.651000000000000000e+03
1.773338425159454346e+02,2.652000000000000000e+03
1.774070143699645996e+02,2.653000000000000000e+03
1.774802126884460449e+02,2.654000000000000000e+03
1.774824433326721191e+02,2.655000000000000000e+03
1.775579330921173096e+02,2.656000000000000000e+03
1.776331915855407715e+02,2.657000000000000000e+03
1.777085325717926025e+02,2.658000000000000000e+03
1.777838926315307617e+02,2.659000000000000000e+03
1.778593018054962158e+02,2.660000000000000000e+03
1.779346225261688232e+02,2.661000000000000000e+03
1.780101304054260254e+02,2.662000000000000000e+03
1.780855422019958496e+02,2.663000000000000000e+03
1.781611812114715576e+02,2.664000000000000000e+03
1.782364969253540039e+02,2.665000000000000000e+03
1.783130342960357666e+02,2.666000000000000000e+03
1.783883473873138428e+02,2.667000000000000000e+03
1.784663648605346680e+02,2.668000000000000000e+03
1.785420467853546143e+02,2.669000000000000000e+03
1.786176624298095703e+02,2.670000000000000000e+03
1.786933674812316895e+02,2.671000000000000000e+03
1.787691438198089600e+02,2.672000000000000000e+03
1.788447716236114502e+02,2.673000000000000000e+03
1.789203789234161377e+02,2.674000000000000000e+03
1.789995474815368652e+02,2.675000000000000000e+03
1.790728147029876709e+02,2.676000000000000000e+03
1.791460156440734863e+02,2.677000000000000000e+03
1.791481714248657227e+02,2.678000000000000000e+03
1.792213742733001709e+02,2.679000000000000000e+03
1.792236254215240479e+02,2.680000000000000000e+03
1.792968132495880127e+02,2.681000000000000000e+03
1.792989685535430908e+02,2.682000000000000000e+03
1.793720288276672363e+02,2.683000000000000000e+03
1.793741998672485352e+02,2.684000000000000000e+03
1.794495408535003662e+02,2.685000000000000000e+03
1.795249445438385010e+02,2.686000000000000000e+03
1.796003549098968506e+02,2.687000000000000000e+03
1.796735033988952637e+02,2.688000000000000000e+03
1.796757261753082275e+02,2.689000000000000000e+03
1.797510230541229248e+02,2.690000000000000000e+03
1.798263659477233887e+02,2.691000000000000000e+03
1.799018402099609375e+02,2.692000000000000000e+03
1.799773316383361816e+02,2.693000000000000000e+03
