time,packet_count
1.581661701202392578e-01,1.000000000000000000e+00
1.604647636413574219e-01,2.000000000000000000e+00
2.336597442626953125e-01,3.000000000000000000e+00
2.359390258789062500e-01,4.000000000000000000e+00
3.091201782226562500e-01,5.000000000000000000e+00
3.113627433776855469e-01,6.000000000000000000e+00
3.845236301422119141e-01,7.000000000000000000e+00
3.867361545562744141e-01,8.000000000000000000e+00
4.599428176879882812e-01,9.000000000000000000e+00
4.621608257293701172e-01,1.000000000000000000e+01
5.353722572326660156e-01,1.100000000000000000e+01
5.375986099243164062e-01,1.200000000000000000e+01
6.107704639434814453e-01,1.300000000000000000e+01
6.129441261291503906e-01,1.400000000000000000e+01
6.861207485198974609e-01,1.500000000000000000e+01
6.883113384246826172e-01,1.600000000000000000e+01
7.614967823028564453e-01,1.700000000000000000e+01
7.637531757354736328e-01,1.800000000000000000e+01
8.368816375732421875e-01,1.900000000000000000e+01
8.391079902648925781e-01,2.000000000000000000e+01
9.122867584228515625e-01,2.100000000000000000e+01
9.144966602325439453e-01,2.200000000000000000e+01
9.876811504364013672e-01,2.300000000000000000e+01
9.898369312286376953e-01,2.400000000000000000e+01
1.063149452209472656e+00,2.500000000000000000e+01
1.065402030944824219e+00,2.600000000000000000e+01
1.138688564300537109e+00,2.700000000000000000e+01
1.140906572341918945e+00,2.800000000000000000e+01
1.214171648025512695e+00,2.900000000000000000e+01
1.216487646102905273e+00,3.000000000000000000e+01
1.289729595184326172e+00,3.100000000000000000e+01
1.292136669158935547e+00,3.200000000000000000e+01
1.365354299545288086e+00,3.300000000000000000e+01
1.367645025253295898e+00,3.400000000000000000e+01
1.440862417221069336e+00,3.500000000000000000e+01
1.443359851837158203e+00,3.600000000000000000e+01
1.516603231430053711e+00,3.700000000000000000e+01
1.518854856491088867e+00,3.800000000000000000e+01
1.592177629470825195e+00,3.900000000000000000e+01
1.594427824020385742e+00,4.000000000000000000e+01
1.667572021484375000e+00,4.100000000000000000e+01
1.669784069061279297e+00,4.200000000000000000e+01
1.742961406707763672e+00,4.300000000000000000e+01
1.816215753555297852e+00,4.400000000000000000e+01
1.889443635940551758e+00,4.500000000000000000e+01
1.964774847030639648e+00,4.600000000000000000e+01
2.037518024444580078e+00,4.700000000000000000e+01
2.039739847183227539e+00,4.800000000000000000e+01
2.112969398498535156e+00,4.900000000000000000e+01
2.115160226821899414e+00,5.000000000000000000e+01
2.188440322875976562e+00,5.100000000000000000e+01
2.190653085708618164e+00,5.200000000000000000e+01
2.263888835906982422e+00,5.300000000000000000e+01
2.266068935394287109e+00,5.400000000000000000e+01
2.339225292205810547e+00,5.500000000000000000e+01
2.341492652893066406e+00,5.600000000000000000e+01
2.414703845977783203e+00,5.700000000000000000e+01
2.416945695877075195e+00,5.800000000000000000e+01
2.490051984786987305e+00,5.900000000000000000e+01
2.492278575897216797e+00,6.000000000000000000e+01
2.565812826156616211e+00,6.100000000000000000e+01
2.568165063858032227e+00,6.200000000000000000e+01
2.641361951828002930e+00,6.300000000000000000e+01
2.643586874008178711e+00,6.400000000000000000e+01
2.716666698455810547e+00,6.500000000000000000e+01
2.718825817108154297e+00,6.600000000000000000e+01
2.792008876800537109e+00,6.700000000000000000e+01
2.865246057510375977e+00,6.800000000000000000e+01
2.867397546768188477e+00,6.900000000000000000e+01
2.940634012222290039e+00,7.000000000000000000e+01
2.943011283874511719e+00,7.100000000000000000e+01
3.016226768493652344e+00,7.200000000000000000e+01
3.018428564071655273e+00,7.300000000000000000e+01
3.092088699340820312e+00,7.400000000000000000e+01
3.094333648681640625e+00,7.500000000000000000e+01
3.167478322982788086e+00,7.600000000000000000e+01
3.169685363769531250e+00,7.700000000000000000e+01
3.242869615554809570e+00,7.800000000000000000e+01
3.245075464248657227e+00,7.900000000000000000e+01
3.318248987197875977e+00,8.000000000000000000e+01
3.320476293563842773e+00,8.100000000000000000e+01
3.393703222274780273e+00,8.200000000000000000e+01
3.395937204360961914e+00,8.300000000000000000e+01
3.469112157821655273e+00,8.400000000000000000e+01
3.471274614334106445e+00,8.500000000000000000e+01
3.544436693191528320e+00,8.600000000000000000e+01
3.546846866607666016e+00,8.700000000000000000e+01
3.620076656341552734e+00,8.800000000000000000e+01
3.622287273406982422e+00,8.900000000000000000e+01
3.695455074310302734e+00,9.000000000000000000e+01
3.768645048141479492e+00,9.100000000000000000e+01
3.843905925750732422e+00,9.200000000000000000e+01
3.918773174285888672e+00,9.300000000000000000e+01
3.993936300277709961e+00,9.400000000000000000e+01
4.066706657409667969e+00,9.500000000000000000e+01
4.068933486938476562e+00,9.600000000000000000e+01
4.142044544219970703e+00,9.700000000000000000e+01
4.144299268722534180e+00,9.800000000000000000e+01
4.217463493347167969e+00,9.900000000000000000e+01
4.219698190689086914e+00,1.000000000000000000e+02
4.292904138565063477e+00,1.010000000000000000e+02
4.295115709304809570e+00,1.020000000000000000e+02
4.368945598602294922e+00,1.030000000000000000e+02
4.371741533279418945e+00,1.040000000000000000e+02
4.447300910949707031e+00,1.050000000000000000e+02
4.522614717483520508e+00,1.060000000000000000e+02
4.595483779907226562e+00,1.070000000000000000e+02
4.597632646560668945e+00,1.080000000000000000e+02
4.670739412307739258e+00,1.090000000000000000e+02
4.672956705093383789e+00,1.100000000000000000e+02
4.746140241622924805e+00,1.110000000000000000e+02
4.748345136642456055e+00,1.120000000000000000e+02
4.821481943130493164e+00,1.130000000000000000e+02
4.894680738449096680e+00,1.140000000000000000e+02
4.896919488906860352e+00,1.150000000000000000e+02
4.970049381256103516e+00,1.160000000000000000e+02
5.043225288391113281e+00,1.170000000000000000e+02
5.047258853912353516e+00,1.180000000000000000e+02
5.120466470718383789e+00,1.190000000000000000e+02
5.122705221176147461e+00,1.200000000000000000e+02
5.195928573608398438e+00,1.210000000000000000e+02
5.198109626770019531e+00,1.220000000000000000e+02
5.271290779113769531e+00,1.230000000000000000e+02
5.273515462875366211e+00,1.240000000000000000e+02
5.346690893173217773e+00,1.250000000000000000e+02
5.348900794982910156e+00,1.260000000000000000e+02
5.422038555145263672e+00,1.270000000000000000e+02
5.424376010894775391e+00,1.280000000000000000e+02
5.497503280639648438e+00,1.290000000000000000e+02
5.499779224395751953e+00,1.300000000000000000e+02
5.573006391525268555e+00,1.310000000000000000e+02
5.575650453567504883e+00,1.320000000000000000e+02
5.649021625518798828e+00,1.330000000000000000e+02
5.651363849639892578e+00,1.340000000000000000e+02
5.724576950073242188e+00,1.350000000000000000e+02
5.726929187774658203e+00,1.360000000000000000e+02
5.800204992294311523e+00,1.370000000000000000e+02
5.802459239959716797e+00,1.380000000000000000e+02
5.875741720199584961e+00,1.390000000000000000e+02
5.878024339675903320e+00,1.400000000000000000e+02
5.951542139053344727e+00,1.410000000000000000e+02
5.954406023025512695e+00,1.420000000000000000e+02
6.028239250183105469e+00,1.430000000000000000e+02
6.030547618865966797e+00,1.440000000000000000e+02
6.103799581527709961e+00,1.450000000000000000e+02
6.106086254119873047e+00,1.460000000000000000e+02
6.179279804229736328e+00,1.470000000000000000e+02
6.181552410125732422e+00,1.480000000000000000e+02
6.254686832427978516e+00,1.490000000000000000e+02
6.256949424743652344e+00,1.500000000000000000e+02
6.330035924911499023e+00,1.510000000000000000e+02
6.332370519638061523e+00,1.520000000000000000e+02
6.405497789382934570e+00,1.530000000000000000e+02
6.407772779464721680e+00,1.540000000000000000e+02
6.480889558792114258e+00,1.550000000000000000e+02
6.483028173446655273e+00,1.560000000000000000e+02
6.556880950927734375e+00,1.570000000000000000e+02
6.559499025344848633e+00,1.580000000000000000e+02
6.632755041122436523e+00,1.590000000000000000e+02
6.634907245635986328e+00,1.600000000000000000e+02
6.708131790161132812e+00,1.610000000000000000e+02
6.710258245468139648e+00,1.620000000000000000e+02
6.783462285995483398e+00,1.630000000000000000e+02
6.785585165023803711e+00,1.640000000000000000e+02
6.858792066574096680e+00,1.650000000000000000e+02
6.932070732116699219e+00,1.660000000000000000e+02
7.007401466369628906e+00,1.670000000000000000e+02
7.082529306411743164e+00,1.680000000000000000e+02
7.155402183532714844e+00,1.690000000000000000e+02
7.157670736312866211e+00,1.700000000000000000e+02
7.230778694152832031e+00,1.710000000000000000e+02
7.233083486557006836e+00,1.720000000000000000e+02
7.308337450027465820e+00,1.730000000000000000e+02
7.383149385452270508e+00,1.740000000000000000e+02
7.455998659133911133e+00,1.750000000000000000e+02
7.458293914794921875e+00,1.760000000000000000e+02
7.531799077987670898e+00,1.770000000000000000e+02
7.534162521362304688e+00,1.780000000000000000e+02
7.607516288757324219e+00,1.790000000000000000e+02
7.609848260879516602e+00,1.800000000000000000e+02
7.683151245117187500e+00,1.810000000000000000e+02
7.685457468032836914e+00,1.820000000000000000e+02
7.758640289306640625e+00,1.830000000000000000e+02
7.761077642440795898e+00,1.840000000000000000e+02
7.834338188171386719e+00,1.850000000000000000e+02
7.836625576019287109e+00,1.860000000000000000e+02
7.909964084625244141e+00,1.870000000000000000e+02
7.912262439727783203e+00,1.880000000000000000e+02
7.985576391220092773e+00,1.890000000000000000e+02
7.987890243530273438e+00,1.900000000000000000e+02
8.061183691024780273e+00,1.910000000000000000e+02
8.063563346862792969e+00,1.920000000000000000e+02
8.136837482452392578e+00,1.930000000000000000e+02
8.139051675796508789e+00,1.940000000000000000e+02
8.212631225585937500e+00,1.950000000000000000e+02
8.215326070785522461e+00,1.960000000000000000e+02
8.291597127914428711e+00,1.970000000000000000e+02
8.364791393280029297e+00,1.980000000000000000e+02
8.367051601409912109e+00,1.990000000000000000e+02
8.440230846405029297e+00,2.000000000000000000e+02
8.442456245422363281e+00,2.010000000000000000e+02
8.515628576278686523e+00,2.020000000000000000e+02
8.517863750457763672e+00,2.030000000000000000e+02
8.591038465499877930e+00,2.040000000000000000e+02
8.593279600143432617e+00,2.050000000000000000e+02
8.666362285614013672e+00,2.060000000000000000e+02
8.668585062026977539e+00,2.070000000000000000e+02
8.741685628890991211e+00,2.080000000000000000e+02
8.743866443634033203e+00,2.090000000000000000e+02
8.817079305648803711e+00,2.100000000000000000e+02
8.819264411926269531e+00,2.110000000000000000e+02
8.892421245574951172e+00,2.120000000000000000e+02
8.894745111465454102e+00,2.130000000000000000e+02
8.967992067337036133e+00,2.140000000000000000e+02
8.970120191574096680e+00,2.150000000000000000e+02
9.043959140777587891e+00,2.160000000000000000e+02
9.048505306243896484e+00,2.170000000000000000e+02
9.123896837234497070e+00,2.180000000000000000e+02
9.196853876113891602e+00,2.190000000000000000e+02
9.199182987213134766e+00,2.200000000000000000e+02
9.272577285766601562e+00,2.210000000000000000e+02
9.274946451187133789e+00,2.220000000000000000e+02
9.348268985748291016e+00,2.230000000000000000e+02
9.350624322891235352e+00,2.240000000000000000e+02
9.424002170562744141e+00,2.250000000000000000e+02
9.426400661468505859e+00,2.260000000000000000e+02
9.499675273895263672e+00,2.270000000000000000e+02
9.502012014389038086e+00,2.280000000000000000e+02
9.578191757202148438e+00,2.290000000000000000e+02
9.651357889175415039e+00,2.300000000000000000e+02
9.653725862503051758e+00,2.310000000000000000e+02
9.726903915405273438e+00,2.320000000000000000e+02
9.729218006134033203e+00,2.330000000000000000e+02
9.802442550659179688e+00,2.340000000000000000e+02
9.804866313934326172e+00,2.350000000000000000e+02
9.880256891250610352e+00,2.360000000000000000e+02
9.953186750411987305e+00,2.370000000000000000e+02
1.002638864517211914e+01,2.380000000000000000e+02
1.002872896194458008e+01,2.390000000000000000e+02
1.010201883316040039e+01,2.400000000000000000e+02
1.010450887680053711e+01,2.410000000000000000e+02
1.017767667770385742e+01,2.420000000000000000e+02
1.017980957031250000e+01,2.430000000000000000e+02
1.025303411483764648e+01,2.440000000000000000e+02
1.025513148307800293e+01,2.450000000000000000e+02
1.032830476760864258e+01,2.460000000000000000e+02
1.033047676086425781e+01,2.470000000000000000e+02
1.040370130538940430e+01,2.480000000000000000e+02
1.040586495399475098e+01,2.490000000000000000e+02
1.047897148132324219e+01,2.500000000000000000e+02
1.055354809761047363e+01,2.510000000000000000e+02
1.055622267723083496e+01,2.520000000000000000e+02
1.062946772575378418e+01,2.530000000000000000e+02
1.063189339637756348e+01,2.540000000000000000e+02
1.070508027076721191e+01,2.550000000000000000e+02
1.070725417137145996e+01,2.560000000000000000e+02
1.078037786483764648e+01,2.570000000000000000e+02
1.078253173828125000e+01,2.580000000000000000e+02
1.085567903518676758e+01,2.590000000000000000e+02
1.085781121253967285e+01,2.600000000000000000e+02
1.093096303939819336e+01,2.610000000000000000e+02
1.093310594558715820e+01,2.620000000000000000e+02
1.100620245933532715e+01,2.630000000000000000e+02
1.107942104339599609e+01,2.640000000000000000e+02
1.115471673011779785e+01,2.650000000000000000e+02
1.122965550422668457e+01,2.660000000000000000e+02
1.130248379707336426e+01,2.670000000000000000e+02
1.130462956428527832e+01,2.680000000000000000e+02
1.137777400016784668e+01,2.690000000000000000e+02
1.138006043434143066e+01,2.700000000000000000e+02
1.145529890060424805e+01,2.710000000000000000e+02
1.153016734123229980e+01,2.720000000000000000e+02
1.160512208938598633e+01,2.730000000000000000e+02
1.167836022377014160e+01,2.740000000000000000e+02
1.168058156967163086e+01,2.750000000000000000e+02
1.175373101234436035e+01,2.760000000000000000e+02
1.175590324401855469e+01,2.770000000000000000e+02
1.182960009574890137e+01,2.780000000000000000e+02
1.183242535591125488e+01,2.790000000000000000e+02
1.190584802627563477e+01,2.800000000000000000e+02
1.190829062461853027e+01,2.810000000000000000e+02
1.198172879219055176e+01,2.820000000000000000e+02
1.198388767242431641e+01,2.830000000000000000e+02
1.205798768997192383e+01,2.840000000000000000e+02
1.213120079040527344e+01,2.850000000000000000e+02
1.213343977928161621e+01,2.860000000000000000e+02
1.220662307739257812e+01,2.870000000000000000e+02
1.220883917808532715e+01,2.880000000000000000e+02
1.228198170661926270e+01,2.890000000000000000e+02
1.228422236442565918e+01,2.900000000000000000e+02
1.235737681388854980e+01,2.910000000000000000e+02
1.235958003997802734e+01,2.920000000000000000e+02
1.243275475502014160e+01,2.930000000000000000e+02
1.243493652343750000e+01,2.940000000000000000e+02
1.250817465782165527e+01,2.950000000000000000e+02
1.251064038276672363e+01,2.960000000000000000e+02
1.258391809463500977e+01,2.970000000000000000e+02
1.265721225738525391e+01,2.980000000000000000e+02
1.265945887565612793e+01,2.990000000000000000e+02
1.273264145851135254e+01,3.000000000000000000e+02
1.273488545417785645e+01,3.010000000000000000e+02
1.280807399749755859e+01,3.020000000000000000e+02
1.281024146080017090e+01,3.030000000000000000e+02
1.288346409797668457e+01,3.040000000000000000e+02
1.288568282127380371e+01,3.050000000000000000e+02
1.295886111259460449e+01,3.060000000000000000e+02
1.296108365058898926e+01,3.070000000000000000e+02
1.303424191474914551e+01,3.080000000000000000e+02
1.310752606391906738e+01,3.090000000000000000e+02
1.318291783332824707e+01,3.100000000000000000e+02
1.325790405273437500e+01,3.110000000000000000e+02
1.333074545860290527e+01,3.120000000000000000e+02
1.333294391632080078e+01,3.130000000000000000e+02
1.340840101242065430e+01,3.140000000000000000e+02
1.348124241828918457e+01,3.150000000000000000e+02
1.348347282409667969e+01,3.160000000000000000e+02
1.355729603767395020e+01,3.170000000000000000e+02
1.355961608886718750e+01,3.180000000000000000e+02
1.363280153274536133e+01,3.190000000000000000e+02
1.363502502441406250e+01,3.200000000000000000e+02
1.370822787284851074e+01,3.210000000000000000e+02
1.371049499511718750e+01,3.220000000000000000e+02
1.378366065025329590e+01,3.230000000000000000e+02
1.378593945503234863e+01,3.240000000000000000e+02
1.386119484901428223e+01,3.250000000000000000e+02
1.393409132957458496e+01,3.260000000000000000e+02
1.400761961936950684e+01,3.270000000000000000e+02
1.400982379913330078e+01,3.280000000000000000e+02
1.408378505706787109e+01,3.290000000000000000e+02
1.408687829971313477e+01,3.300000000000000000e+02
1.416023588180541992e+01,3.310000000000000000e+02
1.416253399848937988e+01,3.320000000000000000e+02
1.423575210571289062e+01,3.330000000000000000e+02
1.423796916007995605e+01,3.340000000000000000e+02
1.431122708320617676e+01,3.350000000000000000e+02
1.431374406814575195e+01,3.360000000000000000e+02
1.438693237304687500e+01,3.370000000000000000e+02
1.438914585113525391e+01,3.380000000000000000e+02
1.446239638328552246e+01,3.390000000000000000e+02
1.446465253829956055e+01,3.400000000000000000e+02
1.453781366348266602e+01,3.410000000000000000e+02
1.454020285606384277e+01,3.420000000000000000e+02
1.461356425285339355e+01,3.430000000000000000e+02
1.461602091789245605e+01,3.440000000000000000e+02
1.469135165214538574e+01,3.450000000000000000e+02
1.476412296295166016e+01,3.460000000000000000e+02
1.476702690124511719e+01,3.470000000000000000e+02
1.484034729003906250e+01,3.480000000000000000e+02
1.484278106689453125e+01,3.490000000000000000e+02
1.491602849960327148e+01,3.500000000000000000e+02
1.491821599006652832e+01,3.510000000000000000e+02
1.499139261245727539e+01,3.520000000000000000e+02
1.499362969398498535e+01,3.530000000000000000e+02
1.506722974777221680e+01,3.540000000000000000e+02
1.514043450355529785e+01,3.550000000000000000e+02
1.514266777038574219e+01,3.560000000000000000e+02
1.521584463119506836e+01,3.570000000000000000e+02
1.521870970726013184e+01,3.580000000000000000e+02
1.529188847541809082e+01,3.590000000000000000e+02
1.529407572746276855e+01,3.600000000000000000e+02
1.536717820167541504e+01,3.610000000000000000e+02
1.536932611465454102e+01,3.620000000000000000e+02
1.544243502616882324e+01,3.630000000000000000e+02
1.544453048706054688e+01,3.640000000000000000e+02
1.551761627197265625e+01,3.650000000000000000e+02
1.551977515220642090e+01,3.660000000000000000e+02
1.559294414520263672e+01,3.670000000000000000e+02
1.559510350227355957e+01,3.680000000000000000e+02
1.566831493377685547e+01,3.690000000000000000e+02
1.567043590545654297e+01,3.700000000000000000e+02
1.574355459213256836e+01,3.710000000000000000e+02
1.581678056716918945e+01,3.720000000000000000e+02
1.589005303382873535e+01,3.730000000000000000e+02
1.596529006958007812e+01,3.740000000000000000e+02
1.603805661201477051e+01,3.750000000000000000e+02
1.604026579856872559e+01,3.760000000000000000e+02
1.611367893218994141e+01,3.770000000000000000e+02
1.611594939231872559e+01,3.780000000000000000e+02
1.618954634666442871e+01,3.790000000000000000e+02
1.619180560111999512e+01,3.800000000000000000e+02
1.626708149909973145e+01,3.810000000000000000e+02
1.633994603157043457e+01,3.820000000000000000e+02
1.634216356277465820e+01,3.830000000000000000e+02
1.641535258293151855e+01,3.840000000000000000e+02
1.641754126548767090e+01,3.850000000000000000e+02
1.649068546295166016e+01,3.860000000000000000e+02
1.649289155006408691e+01,3.870000000000000000e+02
1.656609964370727539e+01,3.880000000000000000e+02
1.656851840019226074e+01,3.890000000000000000e+02
1.664174771308898926e+01,3.900000000000000000e+02
1.664403629302978516e+01,3.910000000000000000e+02
1.671725058555603027e+01,3.920000000000000000e+02
1.671952319145202637e+01,3.930000000000000000e+02
1.679269862174987793e+01,3.940000000000000000e+02
1.679494380950927734e+01,3.950000000000000000e+02
1.686810159683227539e+01,3.960000000000000000e+02
1.687028717994689941e+01,3.970000000000000000e+02
1.694342160224914551e+01,3.980000000000000000e+02
1.694562935829162598e+01,3.990000000000000000e+02
1.701880121231079102e+01,4.000000000000000000e+02
1.702104616165161133e+01,4.010000000000000000e+02
1.709423184394836426e+01,4.020000000000000000e+02
1.709651613235473633e+01,4.030000000000000000e+02
1.716968321800231934e+01,4.040000000000000000e+02
1.717192244529724121e+01,4.050000000000000000e+02
1.724516940116882324e+01,4.060000000000000000e+02
1.724748420715332031e+01,4.070000000000000000e+02
1.732066345214843750e+01,4.080000000000000000e+02
1.732288670539855957e+01,4.090000000000000000e+02
1.739610719680786133e+01,4.100000000000000000e+02
1.739835715293884277e+01,4.110000000000000000e+02
1.747149610519409180e+01,4.120000000000000000e+02
1.747371244430541992e+01,4.130000000000000000e+02
1.754729366302490234e+01,4.140000000000000000e+02
1.755062246322631836e+01,4.150000000000000000e+02
1.762397241592407227e+01,4.160000000000000000e+02
1.762623524665832520e+01,4.170000000000000000e+02
1.769943642616271973e+01,4.180000000000000000e+02
1.770174098014831543e+01,4.190000000000000000e+02
1.777706742286682129e+01,4.200000000000000000e+02
1.785222792625427246e+01,4.210000000000000000e+02
1.792536211013793945e+01,4.220000000000000000e+02
1.792775487899780273e+01,4.230000000000000000e+02
1.800097465515136719e+01,4.240000000000000000e+02
1.800318694114685059e+01,4.250000000000000000e+02
1.807672739028930664e+01,4.260000000000000000e+02
1.807970643043518066e+01,4.270000000000000000e+02
1.815301585197448730e+01,4.280000000000000000e+02
1.815526032447814941e+01,4.290000000000000000e+02
1.822847938537597656e+01,4.300000000000000000e+02
1.823073959350585938e+01,4.310000000000000000e+02
1.830392384529113770e+01,4.320000000000000000e+02
1.830613589286804199e+01,4.330000000000000000e+02
1.837927246093750000e+01,4.340000000000000000e+02
1.838147830963134766e+01,4.350000000000000000e+02
1.845463156700134277e+01,4.360000000000000000e+02
1.845692706108093262e+01,4.370000000000000000e+02
1.853005790710449219e+01,4.380000000000000000e+02
1.853236985206604004e+01,4.390000000000000000e+02
1.860554146766662598e+01,4.400000000000000000e+02
1.860776638984680176e+01,4.410000000000000000e+02
1.868092823028564453e+01,4.420000000000000000e+02
1.868314909934997559e+01,4.430000000000000000e+02
1.875629353523254395e+01,4.440000000000000000e+02
1.875852727890014648e+01,4.450000000000000000e+02
1.883176660537719727e+01,4.460000000000000000e+02
1.883395028114318848e+01,4.470000000000000000e+02
1.890726137161254883e+01,4.480000000000000000e+02
1.898060274124145508e+01,4.490000000000000000e+02
1.905471038818359375e+01,4.500000000000000000e+02
1.912822341918945312e+01,4.510000000000000000e+02
1.913058304786682129e+01,4.520000000000000000e+02
1.920460152626037598e+01,4.530000000000000000e+02
1.920730733871459961e+01,4.540000000000000000e+02
1.928109788894653320e+01,4.550000000000000000e+02
1.935435557365417480e+01,4.560000000000000000e+02
1.935657024383544922e+01,4.570000000000000000e+02
1.943018722534179688e+01,4.580000000000000000e+02
1.943313121795654297e+01,4.590000000000000000e+02
1.950626945495605469e+01,4.600000000000000000e+02
1.950843071937561035e+01,4.610000000000000000e+02
1.958160114288330078e+01,4.620000000000000000e+02
1.958466100692749023e+01,4.630000000000000000e+02
1.966003370285034180e+01,4.640000000000000000e+02
1.973290038108825684e+01,4.650000000000000000e+02
1.973511195182800293e+01,4.660000000000000000e+02
1.980823516845703125e+01,4.670000000000000000e+02
1.981044960021972656e+01,4.680000000000000000e+02
1.988366007804870605e+01,4.690000000000000000e+02
1.988604283332824707e+01,4.700000000000000000e+02
1.996138167381286621e+01,4.710000000000000000e+02
2.003425264358520508e+01,4.720000000000000000e+02
2.003649878501892090e+01,4.730000000000000000e+02
2.010969424247741699e+01,4.740000000000000000e+02
2.011195445060729980e+01,4.750000000000000000e+02
2.018584775924682617e+01,4.760000000000000000e+02
2.018853116035461426e+01,4.770000000000000000e+02
2.026378798484802246e+01,4.780000000000000000e+02
2.033659291267395020e+01,4.790000000000000000e+02
2.033872056007385254e+01,4.800000000000000000e+02
2.041190981864929199e+01,4.810000000000000000e+02
2.041404676437377930e+01,4.820000000000000000e+02
2.048719620704650879e+01,4.830000000000000000e+02
2.048926973342895508e+01,4.840000000000000000e+02
2.056263184547424316e+01,4.850000000000000000e+02
2.056483483314514160e+01,4.860000000000000000e+02
2.063800811767578125e+01,4.870000000000000000e+02
2.064019632339477539e+01,4.880000000000000000e+02
2.071335935592651367e+01,4.890000000000000000e+02
2.071554636955261230e+01,4.900000000000000000e+02
2.078871631622314453e+01,4.910000000000000000e+02
2.079080057144165039e+01,4.920000000000000000e+02
2.086602401733398438e+01,4.930000000000000000e+02
2.093875932693481445e+01,4.940000000000000000e+02
2.101202797889709473e+01,4.950000000000000000e+02
2.101414728164672852e+01,4.960000000000000000e+02
2.108737015724182129e+01,4.970000000000000000e+02
2.108951926231384277e+01,4.980000000000000000e+02
2.116264462471008301e+01,4.990000000000000000e+02
2.116480827331542969e+01,5.000000000000000000e+02
2.123803663253784180e+01,5.010000000000000000e+02
2.131125473976135254e+01,5.020000000000000000e+02
2.138448762893676758e+01,5.030000000000000000e+02
2.145983576774597168e+01,5.040000000000000000e+02
2.153264546394348145e+01,5.050000000000000000e+02
2.153482437133789062e+01,5.060000000000000000e+02
2.160805130004882812e+01,5.070000000000000000e+02
2.161016869544982910e+01,5.080000000000000000e+02
2.168329429626464844e+01,5.090000000000000000e+02
2.175653243064880371e+01,5.100000000000000000e+02
2.175862765312194824e+01,5.110000000000000000e+02
2.183183622360229492e+01,5.120000000000000000e+02
2.183405232429504395e+01,5.130000000000000000e+02
2.190722799301147461e+01,5.140000000000000000e+02
2.190937447547912598e+01,5.150000000000000000e+02
2.198253059387207031e+01,5.160000000000000000e+02
2.198478674888610840e+01,5.170000000000000000e+02
2.205851149559020996e+01,5.180000000000000000e+02
2.206086754798889160e+01,5.190000000000000000e+02
2.213412857055664062e+01,5.200000000000000000e+02
2.213645696640014648e+01,5.210000000000000000e+02
2.221012067794799805e+01,5.220000000000000000e+02
2.221286416053771973e+01,5.230000000000000000e+02
2.228606748580932617e+01,5.240000000000000000e+02
2.228835058212280273e+01,5.250000000000000000e+02
2.236156415939331055e+01,5.260000000000000000e+02
2.243490552902221680e+01,5.270000000000000000e+02
2.243707990646362305e+01,5.280000000000000000e+02
2.251024794578552246e+01,5.290000000000000000e+02
2.251243090629577637e+01,5.300000000000000000e+02
2.258601212501525879e+01,5.310000000000000000e+02
2.258879685401916504e+01,5.320000000000000000e+02
2.266195511817932129e+01,5.330000000000000000e+02
2.266409015655517578e+01,5.340000000000000000e+02
2.273718810081481934e+01,5.350000000000000000e+02
2.273933911323547363e+01,5.360000000000000000e+02
2.281247711181640625e+01,5.370000000000000000e+02
2.281464409828186035e+01,5.380000000000000000e+02
2.288786935806274414e+01,5.390000000000000000e+02
2.296117234230041504e+01,5.400000000000000000e+02
2.303435611724853516e+01,5.410000000000000000e+02
2.310973048210144043e+01,5.420000000000000000e+02
2.318256545066833496e+01,5.430000000000000000e+02
2.318556022644042969e+01,5.440000000000000000e+02
2.326083636283874512e+01,5.450000000000000000e+02
2.333363747596740723e+01,5.460000000000000000e+02
2.333587193489074707e+01,5.470000000000000000e+02
2.340905165672302246e+01,5.480000000000000000e+02
2.341125345230102539e+01,5.490000000000000000e+02
2.348440885543823242e+01,5.500000000000000000e+02
2.348656415939331055e+01,5.510000000000000000e+02
2.355979084968566895e+01,5.520000000000000000e+02
2.356216073036193848e+01,5.530000000000000000e+02
2.363536763191223145e+01,5.540000000000000000e+02
2.363755559921264648e+01,5.550000000000000000e+02
2.371062803268432617e+01,5.560000000000000000e+02
2.371293735504150391e+01,5.570000000000000000e+02
2.378607249259948730e+01,5.580000000000000000e+02
2.378830552101135254e+01,5.590000000000000000e+02
2.386146640777587891e+01,5.600000000000000000e+02
2.386372280120849609e+01,5.610000000000000000e+02
2.393698716163635254e+01,5.620000000000000000e+02
2.393926978111267090e+01,5.630000000000000000e+02
2.401257109642028809e+01,5.640000000000000000e+02
2.401488327980041504e+01,5.650000000000000000e+02
2.408808970451354980e+01,5.660000000000000000e+02
2.409036707878112793e+01,5.670000000000000000e+02
2.416352796554565430e+01,5.680000000000000000e+02
2.416570687294006348e+01,5.690000000000000000e+02
2.423893690109252930e+01,5.700000000000000000e+02
2.431223034858703613e+01,5.710000000000000000e+02
2.431446361541748047e+01,5.720000000000000000e+02
2.438768267631530762e+01,5.730000000000000000e+02
2.438987970352172852e+01,5.740000000000000000e+02
2.446310186386108398e+01,5.750000000000000000e+02
2.446544671058654785e+01,5.760000000000000000e+02
2.453867363929748535e+01,5.770000000000000000e+02
2.454090142250061035e+01,5.780000000000000000e+02
2.461409997940063477e+01,5.790000000000000000e+02
2.461635541915893555e+01,5.800000000000000000e+02
2.468958568572998047e+01,5.810000000000000000e+02
2.469186806678771973e+01,5.820000000000000000e+02
2.476509833335876465e+01,5.830000000000000000e+02
2.476734852790832520e+01,5.840000000000000000e+02
2.484055399894714355e+01,5.850000000000000000e+02
2.491374015808105469e+01,5.860000000000000000e+02
2.498910117149353027e+01,5.870000000000000000e+02
2.506225275993347168e+01,5.880000000000000000e+02
2.513549280166625977e+01,5.890000000000000000e+02
2.513775396347045898e+01,5.900000000000000000e+02
2.521096634864807129e+01,5.910000000000000000e+02
2.521332764625549316e+01,5.920000000000000000e+02
2.528652572631835938e+01,5.930000000000000000e+02
2.528899693489074707e+01,5.940000000000000000e+02
2.536456298828125000e+01,5.950000000000000000e+02
2.543775534629821777e+01,5.960000000000000000e+02
2.543998503684997559e+01,5.970000000000000000e+02
2.551324820518493652e+01,5.980000000000000000e+02
2.551560711860656738e+01,5.990000000000000000e+02
2.558890128135681152e+01,6.000000000000000000e+02
2.559137630462646484e+01,6.010000000000000000e+02
2.566445779800415039e+01,6.020000000000000000e+02
2.566662120819091797e+01,6.030000000000000000e+02
2.573980355262756348e+01,6.040000000000000000e+02
2.574200606346130371e+01,6.050000000000000000e+02
2.581518578529357910e+01,6.060000000000000000e+02
2.581732368469238281e+01,6.070000000000000000e+02
2.589041852951049805e+01,6.080000000000000000e+02
2.589262199401855469e+01,6.090000000000000000e+02
2.596577262878417969e+01,6.100000000000000000e+02
2.596799898147583008e+01,6.110000000000000000e+02
2.604117465019226074e+01,6.120000000000000000e+02
2.604355907440185547e+01,6.130000000000000000e+02
2.611687088012695312e+01,6.140000000000000000e+02
2.611918759346008301e+01,6.150000000000000000e+02
2.619240474700927734e+01,6.160000000000000000e+02
2.619469690322875977e+01,6.170000000000000000e+02
2.626807355880737305e+01,6.180000000000000000e+02
2.627028751373291016e+01,6.190000000000000000e+02
2.634355545043945312e+01,6.200000000000000000e+02
2.634574151039123535e+01,6.210000000000000000e+02
2.641891622543334961e+01,6.220000000000000000e+02
2.642111301422119141e+01,6.230000000000000000e+02
2.649430418014526367e+01,6.240000000000000000e+02
2.649649453163146973e+01,6.250000000000000000e+02
2.657000946998596191e+01,6.260000000000000000e+02
2.657295465469360352e+01,6.270000000000000000e+02
2.664794492721557617e+01,6.280000000000000000e+02
2.665259957313537598e+01,6.290000000000000000e+02
2.672591209411621094e+01,6.300000000000000000e+02
2.672815132141113281e+01,6.310000000000000000e+02
2.680138421058654785e+01,6.320000000000000000e+02
2.680362272262573242e+01,6.330000000000000000e+02
2.687895393371582031e+01,6.340000000000000000e+02
2.695178413391113281e+01,6.350000000000000000e+02
2.695416021347045898e+01,6.360000000000000000e+02
2.702800989151000977e+01,6.370000000000000000e+02
2.703054165840148926e+01,6.380000000000000000e+02
2.710375690460205078e+01,6.390000000000000000e+02
2.710594272613525391e+01,6.400000000000000000e+02
2.718117785453796387e+01,6.410000000000000000e+02
2.725408387184143066e+01,6.420000000000000000e+02
2.725631785392761230e+01,6.430000000000000000e+02
2.732946538925170898e+01,6.440000000000000000e+02
2.733172011375427246e+01,6.450000000000000000e+02
2.740490651130676270e+01,6.460000000000000000e+02
2.740713787078857422e+01,6.470000000000000000e+02
2.748030304908752441e+01,6.480000000000000000e+02
2.748249602317810059e+01,6.490000000000000000e+02
2.755638599395751953e+01,6.500000000000000000e+02
2.755898928642272949e+01,6.510000000000000000e+02
2.763218522071838379e+01,6.520000000000000000e+02
2.763431239128112793e+01,6.530000000000000000e+02
2.770751976966857910e+01,6.540000000000000000e+02
2.770974946022033691e+01,6.550000000000000000e+02
2.778298854827880859e+01,6.560000000000000000e+02
2.778523874282836914e+01,6.570000000000000000e+02
2.786056685447692871e+01,6.580000000000000000e+02
2.793335342407226562e+01,6.590000000000000000e+02
2.793558740615844727e+01,6.600000000000000000e+02
2.800885653495788574e+01,6.610000000000000000e+02
2.801105260848999023e+01,6.620000000000000000e+02
2.808427643775939941e+01,6.630000000000000000e+02
2.808646821975708008e+01,6.640000000000000000e+02
2.815965223312377930e+01,6.650000000000000000e+02
2.816185855865478516e+01,6.660000000000000000e+02
2.823507881164550781e+01,6.670000000000000000e+02
2.823731923103332520e+01,6.680000000000000000e+02
2.831056809425354004e+01,6.690000000000000000e+02
2.831278443336486816e+01,6.700000000000000000e+02
2.838601303100585938e+01,6.710000000000000000e+02
2.838832879066467285e+01,6.720000000000000000e+02
2.846178698539733887e+01,6.730000000000000000e+02
2.846456766128540039e+01,6.740000000000000000e+02
2.853779911994934082e+01,6.750000000000000000e+02
2.854026198387145996e+01,6.760000000000000000e+02
2.861353731155395508e+01,6.770000000000000000e+02
2.861574745178222656e+01,6.780000000000000000e+02
2.868941044807434082e+01,6.790000000000000000e+02
2.869220423698425293e+01,6.800000000000000000e+02
2.876534771919250488e+01,6.810000000000000000e+02
2.876760458946228027e+01,6.820000000000000000e+02
2.884083151817321777e+01,6.830000000000000000e+02
2.884300208091735840e+01,6.840000000000000000e+02
2.891620135307312012e+01,6.850000000000000000e+02
2.891843819618225098e+01,6.860000000000000000e+02
2.899224066734313965e+01,6.870000000000000000e+02
2.899488496780395508e+01,6.880000000000000000e+02
2.906860113143920898e+01,6.890000000000000000e+02
2.907105088233947754e+01,6.900000000000000000e+02
2.914432454109191895e+01,6.910000000000000000e+02
2.914654374122619629e+01,6.920000000000000000e+02
2.921979832649230957e+01,6.930000000000000000e+02
2.922207880020141602e+01,6.940000000000000000e+02
2.929526853561401367e+01,6.950000000000000000e+02
2.929767727851867676e+01,6.960000000000000000e+02
2.937081408500671387e+01,6.970000000000000000e+02
2.937309217453002930e+01,6.980000000000000000e+02
2.944623756408691406e+01,6.990000000000000000e+02
2.944848060607910156e+01,7.000000000000000000e+02
2.952159833908081055e+01,7.010000000000000000e+02
2.952382850646972656e+01,7.020000000000000000e+02
2.959708929061889648e+01,7.030000000000000000e+02
2.959929537773132324e+01,7.040000000000000000e+02
2.967249655723571777e+01,7.050000000000000000e+02
2.967459082603454590e+01,7.060000000000000000e+02
2.974776482582092285e+01,7.070000000000000000e+02
2.982105493545532227e+01,7.080000000000000000e+02
2.982326483726501465e+01,7.090000000000000000e+02
2.989649367332458496e+01,7.100000000000000000e+02
2.989870119094848633e+01,7.110000000000000000e+02
2.997187590599060059e+01,7.120000000000000000e+02
2.997398066520690918e+01,7.130000000000000000e+02
3.004846739768981934e+01,7.140000000000000000e+02
3.005233788490295410e+01,7.150000000000000000e+02
3.012560725212097168e+01,7.160000000000000000e+02
3.012789416313171387e+01,7.170000000000000000e+02
3.020109415054321289e+01,7.180000000000000000e+02
3.020330452919006348e+01,7.190000000000000000e+02
3.027646756172180176e+01,7.200000000000000000e+02
3.027865481376647949e+01,7.210000000000000000e+02
3.035185027122497559e+01,7.220000000000000000e+02
3.035406541824340820e+01,7.230000000000000000e+02
3.042728304862976074e+01,7.240000000000000000e+02
3.042945265769958496e+01,7.250000000000000000e+02
3.050268745422363281e+01,7.260000000000000000e+02
3.050520443916320801e+01,7.270000000000000000e+02
3.057915687561035156e+01,7.280000000000000000e+02
3.058190941810607910e+01,7.290000000000000000e+02
3.065519857406616211e+01,7.300000000000000000e+02
3.065746998786926270e+01,7.310000000000000000e+02
3.073061752319335938e+01,7.320000000000000000e+02
3.073290681838989258e+01,7.330000000000000000e+02
3.080605006217956543e+01,7.340000000000000000e+02
3.080832290649414062e+01,7.350000000000000000e+02
3.088153004646301270e+01,7.360000000000000000e+02
3.088381171226501465e+01,7.370000000000000000e+02
3.095697069168090820e+01,7.380000000000000000e+02
3.095921897888183594e+01,7.390000000000000000e+02
3.103243923187255859e+01,7.400000000000000000e+02
3.103464698791503906e+01,7.410000000000000000e+02
3.110788011550903320e+01,7.420000000000000000e+02
3.111008810997009277e+01,7.430000000000000000e+02
3.118327307701110840e+01,7.440000000000000000e+02
3.118687772750854492e+01,7.450000000000000000e+02
3.126016449928283691e+01,7.460000000000000000e+02
3.126242280006408691e+01,7.470000000000000000e+02
3.133559894561767578e+01,7.480000000000000000e+02
3.133781337738037109e+01,7.490000000000000000e+02
3.141099762916564941e+01,7.500000000000000000e+02
3.141321134567260742e+01,7.510000000000000000e+02
3.148643970489501953e+01,7.520000000000000000e+02
3.148864960670471191e+01,7.530000000000000000e+02
3.156194090843200684e+01,7.540000000000000000e+02
3.156422758102416992e+01,7.550000000000000000e+02
3.163745117187500000e+01,7.560000000000000000e+02
3.163968086242675781e+01,7.570000000000000000e+02
3.171293735504150391e+01,7.580000000000000000e+02
3.171524190902709961e+01,7.590000000000000000e+02
3.178842663764953613e+01,7.600000000000000000e+02
3.179067754745483398e+01,7.610000000000000000e+02
3.186388897895812988e+01,7.620000000000000000e+02
3.186615967750549316e+01,7.630000000000000000e+02
3.193932390213012695e+01,7.640000000000000000e+02
3.201259946823120117e+01,7.650000000000000000e+02
3.208828377723693848e+01,7.660000000000000000e+02
3.216115427017211914e+01,7.670000000000000000e+02
3.223648071289062500e+01,7.680000000000000000e+02
3.230929780006408691e+01,7.690000000000000000e+02
3.231148099899291992e+01,7.700000000000000000e+02
3.238469219207763672e+01,7.710000000000000000e+02
3.238693547248840332e+01,7.720000000000000000e+02
3.246008896827697754e+01,7.730000000000000000e+02
3.246234250068664551e+01,7.740000000000000000e+02
3.253548789024353027e+01,7.750000000000000000e+02
3.253770709037780762e+01,7.760000000000000000e+02
3.261087632179260254e+01,7.770000000000000000e+02
3.261309981346130371e+01,7.780000000000000000e+02
3.268625330924987793e+01,7.790000000000000000e+02
3.268851923942565918e+01,7.800000000000000000e+02
3.276167988777160645e+01,7.810000000000000000e+02
3.276394200325012207e+01,7.820000000000000000e+02
3.283714365959167480e+01,7.830000000000000000e+02
3.283938860893249512e+01,7.840000000000000000e+02
3.291256237030029297e+01,7.850000000000000000e+02
3.291496181488037109e+01,7.860000000000000000e+02
3.298817586898803711e+01,7.870000000000000000e+02
3.299039697647094727e+01,7.880000000000000000e+02
3.306366324424743652e+01,7.890000000000000000e+02
3.306609702110290527e+01,7.900000000000000000e+02
3.313934421539306641e+01,7.910000000000000000e+02
3.314166235923767090e+01,7.920000000000000000e+02
3.321566629409790039e+01,7.930000000000000000e+02
3.321847558021545410e+01,7.940000000000000000e+02
3.329181838035583496e+01,7.950000000000000000e+02
3.329414439201354980e+01,7.960000000000000000e+02
3.336731958389282227e+01,7.970000000000000000e+02
3.336966943740844727e+01,7.980000000000000000e+02
3.344291067123413086e+01,7.990000000000000000e+02
3.344527316093444824e+01,8.000000000000000000e+02
3.351857423782348633e+01,8.010000000000000000e+02
3.352093482017517090e+01,8.020000000000000000e+02
3.359417891502380371e+01,8.030000000000000000e+02
3.366759824752807617e+01,8.040000000000000000e+02
3.366995286941528320e+01,8.050000000000000000e+02
3.374323678016662598e+01,8.060000000000000000e+02
3.374553966522216797e+01,8.070000000000000000e+02
3.381875038146972656e+01,8.080000000000000000e+02
3.382112097740173340e+01,8.090000000000000000e+02
3.389440917968750000e+01,8.100000000000000000e+02
3.389680957794189453e+01,8.110000000000000000e+02
3.396995687484741211e+01,8.120000000000000000e+02
3.397218990325927734e+01,8.130000000000000000e+02
3.404556250572204590e+01,8.140000000000000000e+02
3.404823303222656250e+01,8.150000000000000000e+02
3.412753248214721680e+01,8.160000000000000000e+02
3.413048553466796875e+01,8.170000000000000000e+02
3.420872545242309570e+01,8.180000000000000000e+02
3.428160095214843750e+01,8.190000000000000000e+02
3.435479211807250977e+01,8.200000000000000000e+02
3.435700726509094238e+01,8.210000000000000000e+02
3.443274974822998047e+01,8.220000000000000000e+02
3.450770688056945801e+01,8.230000000000000000e+02
3.458287024497985840e+01,8.240000000000000000e+02
3.465572905540466309e+01,8.250000000000000000e+02
3.465782403945922852e+01,8.260000000000000000e+02
3.473094010353088379e+01,8.270000000000000000e+02
3.473307442665100098e+01,8.280000000000000000e+02
3.480619549751281738e+01,8.290000000000000000e+02
3.487941575050354004e+01,8.300000000000000000e+02
3.488159990310668945e+01,8.310000000000000000e+02
3.495470881462097168e+01,8.320000000000000000e+02
3.502792978286743164e+01,8.330000000000000000e+02
3.503001260757446289e+01,8.340000000000000000e+02
3.510315871238708496e+01,8.350000000000000000e+02
3.510537576675415039e+01,8.360000000000000000e+02
3.517846369743347168e+01,8.370000000000000000e+02
3.525171923637390137e+01,8.380000000000000000e+02
3.532700848579406738e+01,8.390000000000000000e+02
3.539985561370849609e+01,8.400000000000000000e+02
3.540202260017395020e+01,8.410000000000000000e+02
3.547721099853515625e+01,8.420000000000000000e+02
3.555149364471435547e+01,8.430000000000000000e+02
3.555525708198547363e+01,8.440000000000000000e+02
3.563060283660888672e+01,8.450000000000000000e+02
3.570338082313537598e+01,8.460000000000000000e+02
3.577670812606811523e+01,8.470000000000000000e+02
3.577893853187561035e+01,8.480000000000000000e+02
3.585414719581604004e+01,8.490000000000000000e+02
3.592694640159606934e+01,8.500000000000000000e+02
3.592911386489868164e+01,8.510000000000000000e+02
3.600223684310913086e+01,8.520000000000000000e+02
3.600444078445434570e+01,8.530000000000000000e+02
3.607790279388427734e+01,8.540000000000000000e+02
3.615117144584655762e+01,8.550000000000000000e+02
3.615327215194702148e+01,8.560000000000000000e+02
3.622644543647766113e+01,8.570000000000000000e+02
3.622869706153869629e+01,8.580000000000000000e+02
3.630182695388793945e+01,8.590000000000000000e+02
3.630398607254028320e+01,8.600000000000000000e+02
3.637708997726440430e+01,8.610000000000000000e+02
3.637928962707519531e+01,8.620000000000000000e+02
3.645241427421569824e+01,8.630000000000000000e+02
3.645458388328552246e+01,8.640000000000000000e+02
3.652779507637023926e+01,8.650000000000000000e+02
3.652992773056030273e+01,8.660000000000000000e+02
3.660514163970947266e+01,8.670000000000000000e+02
3.667826175689697266e+01,8.680000000000000000e+02
3.668043541908264160e+01,8.690000000000000000e+02
3.675357580184936523e+01,8.700000000000000000e+02
3.675582122802734375e+01,8.710000000000000000e+02
3.682900261878967285e+01,8.720000000000000000e+02
3.683120632171630859e+01,8.730000000000000000e+02
3.690429782867431641e+01,8.740000000000000000e+02
3.690639662742614746e+01,8.750000000000000000e+02
3.697950983047485352e+01,8.760000000000000000e+02
3.705379033088684082e+01,8.770000000000000000e+02
3.712700271606445312e+01,8.780000000000000000e+02
3.720017743110656738e+01,8.790000000000000000e+02
3.720269227027893066e+01,8.800000000000000000e+02
3.727792668342590332e+01,8.810000000000000000e+02
3.735278773307800293e+01,8.820000000000000000e+02
3.742763447761535645e+01,8.830000000000000000e+02
3.750048232078552246e+01,8.840000000000000000e+02
3.750263237953186035e+01,8.850000000000000000e+02
3.757627677917480469e+01,8.860000000000000000e+02
3.757906293869018555e+01,8.870000000000000000e+02
3.765234446525573730e+01,8.880000000000000000e+02
3.765462207794189453e+01,8.890000000000000000e+02
3.772780990600585938e+01,8.900000000000000000e+02
3.773039841651916504e+01,8.910000000000000000e+02
3.780366849899291992e+01,8.920000000000000000e+02
3.780601477622985840e+01,8.930000000000000000e+02
3.788149642944335938e+01,8.940000000000000000e+02
3.795682668685913086e+01,8.950000000000000000e+02
3.802978086471557617e+01,8.960000000000000000e+02
3.803327655792236328e+01,8.970000000000000000e+02
3.810647583007812500e+01,8.980000000000000000e+02
3.810879111289978027e+01,8.990000000000000000e+02
3.818200135231018066e+01,9.000000000000000000e+02
3.818510079383850098e+01,9.010000000000000000e+02
3.825850582122802734e+01,9.020000000000000000e+02
3.826077938079833984e+01,9.030000000000000000e+02
3.833409309387207031e+01,9.040000000000000000e+02
3.833642649650573730e+01,9.050000000000000000e+02
3.840980672836303711e+01,9.060000000000000000e+02
3.841238689422607422e+01,9.070000000000000000e+02
3.848554563522338867e+01,9.080000000000000000e+02
3.848784208297729492e+01,9.090000000000000000e+02
3.856117868423461914e+01,9.100000000000000000e+02
3.856346917152404785e+01,9.110000000000000000e+02
3.863672780990600586e+01,9.120000000000000000e+02
3.863894677162170410e+01,9.130000000000000000e+02
3.871212935447692871e+01,9.140000000000000000e+02
3.871434497833251953e+01,9.150000000000000000e+02
3.878752088546752930e+01,9.160000000000000000e+02
3.878973937034606934e+01,9.170000000000000000e+02
3.886292004585266113e+01,9.180000000000000000e+02
3.886505866050720215e+01,9.190000000000000000e+02
3.893828415870666504e+01,9.200000000000000000e+02
3.894043874740600586e+01,9.210000000000000000e+02
3.901365303993225098e+01,9.220000000000000000e+02
3.901601982116699219e+01,9.230000000000000000e+02
3.908953166007995605e+01,9.240000000000000000e+02
3.909246134757995605e+01,9.250000000000000000e+02
3.916562986373901367e+01,9.260000000000000000e+02
3.916785645484924316e+01,9.270000000000000000e+02
3.924309563636779785e+01,9.280000000000000000e+02
3.931597542762756348e+01,9.290000000000000000e+02
3.931820940971374512e+01,9.300000000000000000e+02
3.939139986038208008e+01,9.310000000000000000e+02
3.939358568191528320e+01,9.320000000000000000e+02
3.946669197082519531e+01,9.330000000000000000e+02
3.946892285346984863e+01,9.340000000000000000e+02
3.954207110404968262e+01,9.350000000000000000e+02
3.954443812370300293e+01,9.360000000000000000e+02
3.961780881881713867e+01,9.370000000000000000e+02
3.962014985084533691e+01,9.380000000000000000e+02
3.969348645210266113e+01,9.390000000000000000e+02
3.969581460952758789e+01,9.400000000000000000e+02
3.976916980743408203e+01,9.410000000000000000e+02
3.977149772644042969e+01,9.420000000000000000e+02
3.984492039680480957e+01,9.430000000000000000e+02
3.984718441963195801e+01,9.440000000000000000e+02
3.992043495178222656e+01,9.450000000000000000e+02
3.992257618904113770e+01,9.460000000000000000e+02
3.999573898315429688e+01,9.470000000000000000e+02
3.999794363975524902e+01,9.480000000000000000e+02
4.007122492790222168e+01,9.490000000000000000e+02
4.007380390167236328e+01,9.500000000000000000e+02
4.014698958396911621e+01,9.510000000000000000e+02
4.014933753013610840e+01,9.520000000000000000e+02
4.022255587577819824e+01,9.530000000000000000e+02
4.022488355636596680e+01,9.540000000000000000e+02
4.029799270629882812e+01,9.550000000000000000e+02
4.030015158653259277e+01,9.560000000000000000e+02
4.037537693977355957e+01,9.570000000000000000e+02
4.044819021224975586e+01,9.580000000000000000e+02
4.045035958290100098e+01,9.590000000000000000e+02
4.052389693260192871e+01,9.600000000000000000e+02
4.052660250663757324e+01,9.610000000000000000e+02
4.059987354278564453e+01,9.620000000000000000e+02
4.060203409194946289e+01,9.630000000000000000e+02
4.067524361610412598e+01,9.640000000000000000e+02
4.067741322517395020e+01,9.650000000000000000e+02
4.075054812431335449e+01,9.660000000000000000e+02
4.075275182723999023e+01,9.670000000000000000e+02
4.082593774795532227e+01,9.680000000000000000e+02
4.082816767692565918e+01,9.690000000000000000e+02
4.090128731727600098e+01,9.700000000000000000e+02
4.090349626541137695e+01,9.710000000000000000e+02
4.097664499282836914e+01,9.720000000000000000e+02
4.097872376441955566e+01,9.730000000000000000e+02
4.105287051200866699e+01,9.740000000000000000e+02
4.105571985244750977e+01,9.750000000000000000e+02
4.112889790534973145e+01,9.760000000000000000e+02
4.113103556632995605e+01,9.770000000000000000e+02
4.120456194877624512e+01,9.780000000000000000e+02
4.120720553398132324e+01,9.790000000000000000e+02
4.128032565116882324e+01,9.800000000000000000e+02
4.128250432014465332e+01,9.810000000000000000e+02
4.135566711425781250e+01,9.820000000000000000e+02
4.135779619216918945e+01,9.830000000000000000e+02
4.143090248107910156e+01,9.840000000000000000e+02
4.143305945396423340e+01,9.850000000000000000e+02
4.150616526603698730e+01,9.860000000000000000e+02
4.150833702087402344e+01,9.870000000000000000e+02
4.158215045928955078e+01,9.880000000000000000e+02
4.158489370346069336e+01,9.890000000000000000e+02
4.165809106826782227e+01,9.900000000000000000e+02
4.166030478477478027e+01,9.910000000000000000e+02
4.173346614837646484e+01,9.920000000000000000e+02
4.173561120033264160e+01,9.930000000000000000e+02
4.180874037742614746e+01,9.940000000000000000e+02
4.181087851524353027e+01,9.950000000000000000e+02
4.188401293754577637e+01,9.960000000000000000e+02
4.188612341880798340e+01,9.970000000000000000e+02
4.195924019813537598e+01,9.980000000000000000e+02
4.203246307373046875e+01,9.990000000000000000e+02
4.210570025444030762e+01,1.000000000000000000e+03
4.217887187004089355e+01,1.001000000000000000e+03
4.218105959892272949e+01,1.002000000000000000e+03
4.225420022010803223e+01,1.003000000000000000e+03
4.225633525848388672e+01,1.004000000000000000e+03
4.232943201065063477e+01,1.005000000000000000e+03
4.233156538009643555e+01,1.006000000000000000e+03
4.240471696853637695e+01,1.007000000000000000e+03
4.240685629844665527e+01,1.008000000000000000e+03
4.248002958297729492e+01,1.009000000000000000e+03
4.248216199874877930e+01,1.010000000000000000e+03
4.255599904060363770e+01,1.011000000000000000e+03
4.255861091613769531e+01,1.012000000000000000e+03
4.263177680969238281e+01,1.013000000000000000e+03
4.263395142555236816e+01,1.014000000000000000e+03
4.270711660385131836e+01,1.015000000000000000e+03
4.270933437347412109e+01,1.016000000000000000e+03
4.278248310089111328e+01,1.017000000000000000e+03
4.278469395637512207e+01,1.018000000000000000e+03
4.285783195495605469e+01,1.019000000000000000e+03
4.286004924774169922e+01,1.020000000000000000e+03
4.293324136734008789e+01,1.021000000000000000e+03
4.293546128273010254e+01,1.022000000000000000e+03
4.300861048698425293e+01,1.023000000000000000e+03
4.301082158088684082e+01,1.024000000000000000e+03
4.308464097976684570e+01,1.025000000000000000e+03
4.308727240562438965e+01,1.026000000000000000e+03
4.316045165061950684e+01,1.027000000000000000e+03
4.316266345977783203e+01,1.028000000000000000e+03
4.323587417602539062e+01,1.029000000000000000e+03
4.323806333541870117e+01,1.030000000000000000e+03
4.331125974655151367e+01,1.031000000000000000e+03
4.331346487998962402e+01,1.032000000000000000e+03
4.338659739494323730e+01,1.033000000000000000e+03
4.338880324363708496e+01,1.034000000000000000e+03
4.346251535415649414e+01,1.035000000000000000e+03
4.353575515747070312e+01,1.036000000000000000e+03
4.353800606727600098e+01,1.037000000000000000e+03
4.361122798919677734e+01,1.038000000000000000e+03
4.361348485946655273e+01,1.039000000000000000e+03
4.368660831451416016e+01,1.040000000000000000e+03
4.368888068199157715e+01,1.041000000000000000e+03
4.376210403442382812e+01,1.042000000000000000e+03
4.376429152488708496e+01,1.043000000000000000e+03
4.383744525909423828e+01,1.044000000000000000e+03
4.383966279029846191e+01,1.045000000000000000e+03
4.391285562515258789e+01,1.046000000000000000e+03
4.391500663757324219e+01,1.047000000000000000e+03
4.398873019218444824e+01,1.048000000000000000e+03
4.399210143089294434e+01,1.049000000000000000e+03
4.406598949432373047e+01,1.050000000000000000e+03
4.406827044486999512e+01,1.051000000000000000e+03
4.414146161079406738e+01,1.052000000000000000e+03
4.414393734931945801e+01,1.053000000000000000e+03
4.421758008003234863e+01,1.054000000000000000e+03
4.422043919563293457e+01,1.055000000000000000e+03
4.429394674301147461e+01,1.056000000000000000e+03
4.429632592201232910e+01,1.057000000000000000e+03
4.436963129043579102e+01,1.058000000000000000e+03
4.437199854850769043e+01,1.059000000000000000e+03
4.444542980194091797e+01,1.060000000000000000e+03
4.444779944419860840e+01,1.061000000000000000e+03
4.452122116088867188e+01,1.062000000000000000e+03
4.452357411384582520e+01,1.063000000000000000e+03
4.459699368476867676e+01,1.064000000000000000e+03
4.459933257102966309e+01,1.065000000000000000e+03
4.467271518707275391e+01,1.066000000000000000e+03
4.467504334449768066e+01,1.067000000000000000e+03
4.474847936630249023e+01,1.068000000000000000e+03
4.475081706047058105e+01,1.069000000000000000e+03
4.482424592971801758e+01,1.070000000000000000e+03
4.482657313346862793e+01,1.071000000000000000e+03
4.490001058578491211e+01,1.072000000000000000e+03
4.490244030952453613e+01,1.073000000000000000e+03
4.497563791275024414e+01,1.074000000000000000e+03
4.497771811485290527e+01,1.075000000000000000e+03
4.505266618728637695e+01,1.076000000000000000e+03
4.505585193634033203e+01,1.077000000000000000e+03
4.512922692298889160e+01,1.078000000000000000e+03
4.513156175613403320e+01,1.079000000000000000e+03
4.520548129081726074e+01,1.080000000000000000e+03
4.520780396461486816e+01,1.081000000000000000e+03
4.528118348121643066e+01,1.082000000000000000e+03
4.528353667259216309e+01,1.083000000000000000e+03
4.535687303543090820e+01,1.084000000000000000e+03
4.535923719406127930e+01,1.085000000000000000e+03
4.543245434761047363e+01,1.086000000000000000e+03
4.543519949913024902e+01,1.087000000000000000e+03
4.550881767272949219e+01,1.088000000000000000e+03
4.551123213768005371e+01,1.089000000000000000e+03
4.558669877052307129e+01,1.090000000000000000e+03
4.565966510772705078e+01,1.091000000000000000e+03
4.566192436218261719e+01,1.092000000000000000e+03
4.573532915115356445e+01,1.093000000000000000e+03
4.573769855499267578e+01,1.094000000000000000e+03
4.581102991104125977e+01,1.095000000000000000e+03
4.581332612037658691e+01,1.096000000000000000e+03
4.588676977157592773e+01,1.097000000000000000e+03
4.588915467262268066e+01,1.098000000000000000e+03
4.596246767044067383e+01,1.099000000000000000e+03
4.596476364135742188e+01,1.100000000000000000e+03
4.603821825981140137e+01,1.101000000000000000e+03
4.604075407981872559e+01,1.102000000000000000e+03
4.611643242835998535e+01,1.103000000000000000e+03
4.619151520729064941e+01,1.104000000000000000e+03
4.626453566551208496e+01,1.105000000000000000e+03
4.626684379577636719e+01,1.106000000000000000e+03
4.634020638465881348e+01,1.107000000000000000e+03
4.634253263473510742e+01,1.108000000000000000e+03
4.641799068450927734e+01,1.109000000000000000e+03
4.649098420143127441e+01,1.110000000000000000e+03
4.649338245391845703e+01,1.111000000000000000e+03
4.656690979003906250e+01,1.112000000000000000e+03
4.656944632530212402e+01,1.113000000000000000e+03
4.664289522171020508e+01,1.114000000000000000e+03
4.664523124694824219e+01,1.115000000000000000e+03
4.671867370605468750e+01,1.116000000000000000e+03
4.672109985351562500e+01,1.117000000000000000e+03
4.679415798187255859e+01,1.118000000000000000e+03
4.679662013053894043e+01,1.119000000000000000e+03
4.686996531486511230e+01,1.120000000000000000e+03
4.687236618995666504e+01,1.121000000000000000e+03
4.694569349288940430e+01,1.122000000000000000e+03
4.694784784317016602e+01,1.123000000000000000e+03
4.702114343643188477e+01,1.124000000000000000e+03
4.702345585823059082e+01,1.125000000000000000e+03
4.709690427780151367e+01,1.126000000000000000e+03
4.709921693801879883e+01,1.127000000000000000e+03
4.717258334159851074e+01,1.128000000000000000e+03
4.717484378814697266e+01,1.129000000000000000e+03
4.724825716018676758e+01,1.130000000000000000e+03
4.732168197631835938e+01,1.131000000000000000e+03
4.732400131225585938e+01,1.132000000000000000e+03
4.739742541313171387e+01,1.133000000000000000e+03
4.739969515800476074e+01,1.134000000000000000e+03
4.747286605834960938e+01,1.135000000000000000e+03
4.747520923614501953e+01,1.136000000000000000e+03
4.755020284652709961e+01,1.137000000000000000e+03
4.755468463897705078e+01,1.138000000000000000e+03
4.762969970703125000e+01,1.139000000000000000e+03
4.763220643997192383e+01,1.140000000000000000e+03
4.770739030838012695e+01,1.141000000000000000e+03
4.778247404098510742e+01,1.142000000000000000e+03
4.785545873641967773e+01,1.143000000000000000e+03
4.785784649848937988e+01,1.144000000000000000e+03
4.793343329429626465e+01,1.145000000000000000e+03
4.800652480125427246e+01,1.146000000000000000e+03
4.800892925262451172e+01,1.147000000000000000e+03
4.808276987075805664e+01,1.148000000000000000e+03
4.808555912971496582e+01,1.149000000000000000e+03
4.815867686271667480e+01,1.150000000000000000e+03
4.816113138198852539e+01,1.151000000000000000e+03
4.823452329635620117e+01,1.152000000000000000e+03
4.823684144020080566e+01,1.153000000000000000e+03
4.831026744842529297e+01,1.154000000000000000e+03
4.831267094612121582e+01,1.155000000000000000e+03
4.838591313362121582e+01,1.156000000000000000e+03
4.838836407661437988e+01,1.157000000000000000e+03
4.846155071258544922e+01,1.158000000000000000e+03
4.846397972106933594e+01,1.159000000000000000e+03
4.853937149047851562e+01,1.160000000000000000e+03
4.861241269111633301e+01,1.161000000000000000e+03
4.861483263969421387e+01,1.162000000000000000e+03
4.868811392784118652e+01,1.163000000000000000e+03
4.869034051895141602e+01,1.164000000000000000e+03
4.876361823081970215e+01,1.165000000000000000e+03
4.876590609550476074e+01,1.166000000000000000e+03
4.883925080299377441e+01,1.167000000000000000e+03
4.884147858619689941e+01,1.168000000000000000e+03
4.891453409194946289e+01,1.169000000000000000e+03
4.891675972938537598e+01,1.170000000000000000e+03
4.899425888061523438e+01,1.171000000000000000e+03
4.900632452964782715e+01,1.172000000000000000e+03
4.908564400672912598e+01,1.173000000000000000e+03
4.915870738029479980e+01,1.174000000000000000e+03
4.923194861412048340e+01,1.175000000000000000e+03
4.923440241813659668e+01,1.176000000000000000e+03
4.930773520469665527e+01,1.177000000000000000e+03
4.931005215644836426e+01,1.178000000000000000e+03
4.938337612152099609e+01,1.179000000000000000e+03
4.938572120666503906e+01,1.180000000000000000e+03
4.945967221260070801e+01,1.181000000000000000e+03
4.946251296997070312e+01,1.182000000000000000e+03
4.953595948219299316e+01,1.183000000000000000e+03
4.953828382492065430e+01,1.184000000000000000e+03
4.961381387710571289e+01,1.185000000000000000e+03
4.968902254104614258e+01,1.186000000000000000e+03
4.976205587387084961e+01,1.187000000000000000e+03
4.976437139511108398e+01,1.188000000000000000e+03
4.984008884429931641e+01,1.189000000000000000e+03
4.991311240196228027e+01,1.190000000000000000e+03
4.991559910774230957e+01,1.191000000000000000e+03
4.998897671699523926e+01,1.192000000000000000e+03
4.999132513999938965e+01,1.193000000000000000e+03
5.006474256515502930e+01,1.194000000000000000e+03
5.006736731529235840e+01,1.195000000000000000e+03
5.014066338539123535e+01,1.196000000000000000e+03
5.014311766624450684e+01,1.197000000000000000e+03
5.021681857109069824e+01,1.198000000000000000e+03
5.021972012519836426e+01,1.199000000000000000e+03
5.029309344291687012e+01,1.200000000000000000e+03
5.029544448852539062e+01,1.201000000000000000e+03
5.037071442604064941e+01,1.202000000000000000e+03
5.044386219978332520e+01,1.203000000000000000e+03
5.044614028930664062e+01,1.204000000000000000e+03
5.052149605751037598e+01,1.205000000000000000e+03
5.059664511680603027e+01,1.206000000000000000e+03
5.067169833183288574e+01,1.207000000000000000e+03
5.074466657638549805e+01,1.208000000000000000e+03
5.074689435958862305e+01,1.209000000000000000e+03
5.082240915298461914e+01,1.210000000000000000e+03
5.089565706253051758e+01,1.211000000000000000e+03
5.089787673950195312e+01,1.212000000000000000e+03
5.097096657752990723e+01,1.213000000000000000e+03
5.097305965423583984e+01,1.214000000000000000e+03
5.105073785781860352e+01,1.215000000000000000e+03
5.112436056137084961e+01,1.216000000000000000e+03
5.112676858901977539e+01,1.217000000000000000e+03
5.119997596740722656e+01,1.218000000000000000e+03
5.120239019393920898e+01,1.219000000000000000e+03
5.127784824371337891e+01,1.220000000000000000e+03
5.135064864158630371e+01,1.221000000000000000e+03
5.135312056541442871e+01,1.222000000000000000e+03
5.142624258995056152e+01,1.223000000000000000e+03
5.142871165275573730e+01,1.224000000000000000e+03
5.150205230712890625e+01,1.225000000000000000e+03
5.150440597534179688e+01,1.226000000000000000e+03
5.157771515846252441e+01,1.227000000000000000e+03
5.158035063743591309e+01,1.228000000000000000e+03
5.165370035171508789e+01,1.229000000000000000e+03
5.165600848197937012e+01,1.230000000000000000e+03
5.173131608963012695e+01,1.231000000000000000e+03
5.180432462692260742e+01,1.232000000000000000e+03
5.180665016174316406e+01,1.233000000000000000e+03
5.188011837005615234e+01,1.234000000000000000e+03
5.188245916366577148e+01,1.235000000000000000e+03
5.195582580566406250e+01,1.236000000000000000e+03
5.195815157890319824e+01,1.237000000000000000e+03
5.203155207633972168e+01,1.238000000000000000e+03
5.203384566307067871e+01,1.239000000000000000e+03
5.210733222961425781e+01,1.240000000000000000e+03
5.210975480079650879e+01,1.241000000000000000e+03
5.218293571472167969e+01,1.242000000000000000e+03
5.218663620948791504e+01,1.243000000000000000e+03
5.225999212265014648e+01,1.244000000000000000e+03
5.226232767105102539e+01,1.245000000000000000e+03
5.233773422241210938e+01,1.246000000000000000e+03
5.241066932678222656e+01,1.247000000000000000e+03
5.241299629211425781e+01,1.248000000000000000e+03
5.248631048202514648e+01,1.249000000000000000e+03
5.248860788345336914e+01,1.250000000000000000e+03
5.256199526786804199e+01,1.251000000000000000e+03
5.256441760063171387e+01,1.252000000000000000e+03
5.263800048828125000e+01,1.253000000000000000e+03
5.264070391654968262e+01,1.254000000000000000e+03
5.271624422073364258e+01,1.255000000000000000e+03
5.278944873809814453e+01,1.256000000000000000e+03
5.286287069320678711e+01,1.257000000000000000e+03
5.286524009704589844e+01,1.258000000000000000e+03
5.293854784965515137e+01,1.259000000000000000e+03
5.294083261489868164e+01,1.260000000000000000e+03
5.301418018341064453e+01,1.261000000000000000e+03
5.301650309562683105e+01,1.262000000000000000e+03
5.308991956710815430e+01,1.263000000000000000e+03
5.309228682518005371e+01,1.264000000000000000e+03
5.316557645797729492e+01,1.265000000000000000e+03
5.316791796684265137e+01,1.266000000000000000e+03
5.324336194992065430e+01,1.267000000000000000e+03
5.331620693206787109e+01,1.268000000000000000e+03
5.331844878196716309e+01,1.269000000000000000e+03
5.339157891273498535e+01,1.270000000000000000e+03
5.339375066757202148e+01,1.271000000000000000e+03
5.346681809425354004e+01,1.272000000000000000e+03
5.346903657913208008e+01,1.273000000000000000e+03
5.354227542877197266e+01,1.274000000000000000e+03
5.354717731475830078e+01,1.275000000000000000e+03
5.362046265602111816e+01,1.276000000000000000e+03
5.362272334098815918e+01,1.277000000000000000e+03
5.369581723213195801e+01,1.278000000000000000e+03
5.369808626174926758e+01,1.279000000000000000e+03
5.377136874198913574e+01,1.280000000000000000e+03
5.377359008789062500e+01,1.281000000000000000e+03
5.384673094749450684e+01,1.282000000000000000e+03
5.384894824028015137e+01,1.283000000000000000e+03
5.392218255996704102e+01,1.284000000000000000e+03
5.392445349693298340e+01,1.285000000000000000e+03
5.399832034111022949e+01,1.286000000000000000e+03
5.400127816200256348e+01,1.287000000000000000e+03
5.407463717460632324e+01,1.288000000000000000e+03
5.407730364799499512e+01,1.289000000000000000e+03
5.415065574645996094e+01,1.290000000000000000e+03
5.415300989151000977e+01,1.291000000000000000e+03
5.422632169723510742e+01,1.292000000000000000e+03
5.422868776321411133e+01,1.293000000000000000e+03
5.430400657653808594e+01,1.294000000000000000e+03
5.437886285781860352e+01,1.295000000000000000e+03
5.445177888870239258e+01,1.296000000000000000e+03
5.452515959739685059e+01,1.297000000000000000e+03
5.452767515182495117e+01,1.298000000000000000e+03
5.460105562210083008e+01,1.299000000000000000e+03
5.460335707664489746e+01,1.300000000000000000e+03
5.467666292190551758e+01,1.301000000000000000e+03
5.467891955375671387e+01,1.302000000000000000e+03
5.475230431556701660e+01,1.303000000000000000e+03
5.475463747978210449e+01,1.304000000000000000e+03
5.482784223556518555e+01,1.305000000000000000e+03
5.483018875122070312e+01,1.306000000000000000e+03
5.490357661247253418e+01,1.307000000000000000e+03
5.490626931190490723e+01,1.308000000000000000e+03
5.497963142395019531e+01,1.309000000000000000e+03
5.498205256462097168e+01,1.310000000000000000e+03
5.505662798881530762e+01,1.311000000000000000e+03
5.505920386314392090e+01,1.312000000000000000e+03
5.513256335258483887e+01,1.313000000000000000e+03
5.513475704193115234e+01,1.314000000000000000e+03
5.520826745033264160e+01,1.315000000000000000e+03
5.521095752716064453e+01,1.316000000000000000e+03
5.528408312797546387e+01,1.317000000000000000e+03
5.528624677658081055e+01,1.318000000000000000e+03
5.535934567451477051e+01,1.319000000000000000e+03
5.536158561706542969e+01,1.320000000000000000e+03
5.543729019165039062e+01,1.321000000000000000e+03
5.551006340980529785e+01,1.322000000000000000e+03
5.551231431961059570e+01,1.323000000000000000e+03
5.558550333976745605e+01,1.324000000000000000e+03
5.565877175331115723e+01,1.325000000000000000e+03
5.566098928451538086e+01,1.326000000000000000e+03
5.573409056663513184e+01,1.327000000000000000e+03
5.573647737503051758e+01,1.328000000000000000e+03
5.580967617034912109e+01,1.329000000000000000e+03
5.581192588806152344e+01,1.330000000000000000e+03
5.588504099845886230e+01,1.331000000000000000e+03
5.588730001449584961e+01,1.332000000000000000e+03
5.596037840843200684e+01,1.333000000000000000e+03
5.596260857582092285e+01,1.334000000000000000e+03
5.603582286834716797e+01,1.335000000000000000e+03
5.610911488533020020e+01,1.336000000000000000e+03
5.618228220939636230e+01,1.337000000000000000e+03
5.625546455383300781e+01,1.338000000000000000e+03
5.625768589973449707e+01,1.339000000000000000e+03
5.633075046539306641e+01,1.340000000000000000e+03
5.633299255371093750e+01,1.341000000000000000e+03
5.640677046775817871e+01,1.342000000000000000e+03
5.648336386680603027e+01,1.343000000000000000e+03
5.648570680618286133e+01,1.344000000000000000e+03
5.655937504768371582e+01,1.345000000000000000e+03
5.656214594841003418e+01,1.346000000000000000e+03
5.663541364669799805e+01,1.347000000000000000e+03
5.663759851455688477e+01,1.348000000000000000e+03
5.671278929710388184e+01,1.349000000000000000e+03
5.678769445419311523e+01,1.350000000000000000e+03
5.686051297187805176e+01,1.351000000000000000e+03
5.686269736289978027e+01,1.352000000000000000e+03
5.693597364425659180e+01,1.353000000000000000e+03
5.693898534774780273e+01,1.354000000000000000e+03
5.701221609115600586e+01,1.355000000000000000e+03
5.701441717147827148e+01,1.356000000000000000e+03
5.708965110778808594e+01,1.357000000000000000e+03
5.716240668296813965e+01,1.358000000000000000e+03
5.716459369659423828e+01,1.359000000000000000e+03
5.723769068717956543e+01,1.360000000000000000e+03
5.723998785018920898e+01,1.361000000000000000e+03
5.731316065788269043e+01,1.362000000000000000e+03
5.731542634963989258e+01,1.363000000000000000e+03
5.738862299919128418e+01,1.364000000000000000e+03
5.746185183525085449e+01,1.365000000000000000e+03
5.746410536766052246e+01,1.366000000000000000e+03
5.753722763061523438e+01,1.367000000000000000e+03
5.753950905799865723e+01,1.368000000000000000e+03
5.761291861534118652e+01,1.369000000000000000e+03
5.761540484428405762e+01,1.370000000000000000e+03
5.769101381301879883e+01,1.371000000000000000e+03
5.776443004608154297e+01,1.372000000000000000e+03
5.776672911643981934e+01,1.373000000000000000e+03
5.784025144577026367e+01,1.374000000000000000e+03
5.784273719787597656e+01,1.375000000000000000e+03
5.791624879837036133e+01,1.376000000000000000e+03
5.791855812072753906e+01,1.377000000000000000e+03
5.799190211296081543e+01,1.378000000000000000e+03
5.806559085845947266e+01,1.379000000000000000e+03
5.806792712211608887e+01,1.380000000000000000e+03
5.814137959480285645e+01,1.381000000000000000e+03
5.814368915557861328e+01,1.382000000000000000e+03
5.821703076362609863e+01,1.383000000000000000e+03
5.821931099891662598e+01,1.384000000000000000e+03
5.829253578186035156e+01,1.385000000000000000e+03
5.829481220245361328e+01,1.386000000000000000e+03
5.836812257766723633e+01,1.387000000000000000e+03
5.837040853500366211e+01,1.388000000000000000e+03
5.844375562667846680e+01,1.389000000000000000e+03
5.844599962234497070e+01,1.390000000000000000e+03
5.851936721801757812e+01,1.391000000000000000e+03
5.852177572250366211e+01,1.392000000000000000e+03
5.859550261497497559e+01,1.393000000000000000e+03
5.859779024124145508e+01,1.394000000000000000e+03
5.867095947265625000e+01,1.395000000000000000e+03
5.867313146591186523e+01,1.396000000000000000e+03
5.874636530876159668e+01,1.397000000000000000e+03
5.874869346618652344e+01,1.398000000000000000e+03
5.882186770439147949e+01,1.399000000000000000e+03
5.882408428192138672e+01,1.400000000000000000e+03
5.889723253250122070e+01,1.401000000000000000e+03
5.889940404891967773e+01,1.402000000000000000e+03
5.897261857986450195e+01,1.403000000000000000e+03
5.897480201721191406e+01,1.404000000000000000e+03
5.904857897758483887e+01,1.405000000000000000e+03
5.905210566520690918e+01,1.406000000000000000e+03
5.912582015991210938e+01,1.407000000000000000e+03
5.912802290916442871e+01,1.408000000000000000e+03
5.920156955718994141e+01,1.409000000000000000e+03
5.920430302619934082e+01,1.410000000000000000e+03
5.927748131752014160e+01,1.411000000000000000e+03
5.927970528602600098e+01,1.412000000000000000e+03
5.935293292999267578e+01,1.413000000000000000e+03
5.935514473915100098e+01,1.414000000000000000e+03
5.942833542823791504e+01,1.415000000000000000e+03
5.943054389953613281e+01,1.416000000000000000e+03
5.950371003150939941e+01,1.417000000000000000e+03
5.950587105751037598e+01,1.418000000000000000e+03
5.957976555824279785e+01,1.419000000000000000e+03
5.958248996734619141e+01,1.420000000000000000e+03
5.965569353103637695e+01,1.421000000000000000e+03
5.965789270401000977e+01,1.422000000000000000e+03
5.973104357719421387e+01,1.423000000000000000e+03
5.973322629928588867e+01,1.424000000000000000e+03
5.980632662773132324e+01,1.425000000000000000e+03
5.980850744247436523e+01,1.426000000000000000e+03
5.988164281845092773e+01,1.427000000000000000e+03
5.988380789756774902e+01,1.428000000000000000e+03
5.995773243904113770e+01,1.429000000000000000e+03
5.996031045913696289e+01,1.430000000000000000e+03
6.003379487991333008e+01,1.431000000000000000e+03
3.921747207641601562e-03,1.000000000000000000e+00
7.738327980041503906e-02,2.000000000000000000e+00
7.969236373901367188e-02,3.000000000000000000e+00
1.939759254455566406e-01,4.000000000000000000e+00
1.963634490966796875e-01,5.000000000000000000e+00
2.694880962371826172e-01,6.000000000000000000e+00
3.428523540496826172e-01,7.000000000000000000e+00
3.452816009521484375e-01,8.000000000000000000e+00
4.185743331909179688e-01,9.000000000000000000e+00
4.211061000823974609e-01,1.000000000000000000e+01
4.943652153015136719e-01,1.100000000000000000e+01
4.966039657592773438e-01,1.200000000000000000e+01
5.709362030029296875e-01,1.300000000000000000e+01
5.744218826293945312e-01,1.400000000000000000e+01
6.481721401214599609e-01,1.500000000000000000e+01
6.505668163299560547e-01,1.600000000000000000e+01
7.269079685211181641e-01,1.700000000000000000e+01
7.997219562530517578e-01,1.800000000000000000e+01
8.018910884857177734e-01,1.900000000000000000e+01
8.751678466796875000e-01,2.000000000000000000e+01
8.775198459625244141e-01,2.100000000000000000e+01
9.507584571838378906e-01,2.200000000000000000e+01
9.531586170196533203e-01,2.300000000000000000e+01
1.026500701904296875e+00,2.400000000000000000e+01
1.029224157333374023e+00,2.500000000000000000e+01
1.104156494140625000e+00,2.600000000000000000e+01
1.108844518661499023e+00,2.700000000000000000e+01
1.185657739639282227e+00,2.800000000000000000e+01
1.201037645339965820e+00,2.900000000000000000e+01
1.290144205093383789e+00,3.000000000000000000e+01
1.304145812988281250e+00,3.100000000000000000e+01
1.378541707992553711e+00,3.200000000000000000e+01
1.381614923477172852e+00,3.300000000000000000e+01
1.455724954605102539e+00,3.400000000000000000e+01
1.460076093673706055e+00,3.500000000000000000e+01
1.533554553985595703e+00,3.600000000000000000e+01
1.610032796859741211e+00,3.700000000000000000e+01
1.687888860702514648e+00,3.800000000000000000e+01
1.760737895965576172e+00,3.900000000000000000e+01
1.836909055709838867e+00,4.000000000000000000e+01
1.914093494415283203e+00,4.100000000000000000e+01
1.987242937088012695e+00,4.200000000000000000e+01
2.060462713241577148e+00,4.300000000000000000e+01
2.062791824340820312e+00,4.400000000000000000e+01
2.136014938354492188e+00,4.500000000000000000e+01
2.139299869537353516e+00,4.600000000000000000e+01
2.214512586593627930e+00,4.700000000000000000e+01
2.287251710891723633e+00,4.800000000000000000e+01
2.289508104324340820e+00,4.900000000000000000e+01
2.362837553024291992e+00,5.000000000000000000e+01
2.365227460861206055e+00,5.100000000000000000e+01
2.438545942306518555e+00,5.200000000000000000e+01
2.441023349761962891e+00,5.300000000000000000e+01
2.516887903213500977e+00,5.400000000000000000e+01
2.589938879013061523e+00,5.500000000000000000e+01
2.592420101165771484e+00,5.600000000000000000e+01
2.665748596191406250e+00,5.700000000000000000e+01
2.668277025222778320e+00,5.800000000000000000e+01
2.741778135299682617e+00,5.900000000000000000e+01
2.744158267974853516e+00,6.000000000000000000e+01
2.817657947540283203e+00,6.100000000000000000e+01
2.820115089416503906e+00,6.200000000000000000e+01
2.894356966018676758e+00,6.300000000000000000e+01
2.897248744964599609e+00,6.400000000000000000e+01
2.972748517990112305e+00,6.500000000000000000e+01
3.048845052719116211e+00,6.600000000000000000e+01
3.121825456619262695e+00,6.700000000000000000e+01
3.197496414184570312e+00,6.800000000000000000e+01
3.272557735443115234e+00,6.900000000000000000e+01
3.345479249954223633e+00,7.000000000000000000e+01
3.347675085067749023e+00,7.100000000000000000e+01
3.420951843261718750e+00,7.200000000000000000e+01
3.423417568206787109e+00,7.300000000000000000e+01
3.496594190597534180e+00,7.400000000000000000e+01
3.502954959869384766e+00,7.500000000000000000e+01
3.576234579086303711e+00,7.600000000000000000e+01
3.649508714675903320e+00,7.700000000000000000e+01
3.651726722717285156e+00,7.800000000000000000e+01
3.726902961730957031e+00,7.900000000000000000e+01
3.799696207046508789e+00,8.000000000000000000e+01
3.801868915557861328e+00,8.100000000000000000e+01
3.875026702880859375e+00,8.200000000000000000e+01
3.877154111862182617e+00,8.300000000000000000e+01
3.950783967971801758e+00,8.400000000000000000e+01
3.954486370086669922e+00,8.500000000000000000e+01
4.031165838241577148e+00,8.600000000000000000e+01
4.106117725372314453e+00,8.700000000000000000e+01
4.181378364562988281e+00,8.800000000000000000e+01
4.254338741302490234e+00,8.900000000000000000e+01
4.256649732589721680e+00,9.000000000000000000e+01
4.332112550735473633e+00,9.100000000000000000e+01
4.405064344406127930e+00,9.200000000000000000e+01
4.407395124435424805e+00,9.300000000000000000e+01
4.481343030929565430e+00,9.400000000000000000e+01
4.484433412551879883e+00,9.500000000000000000e+01
4.559954881668090820e+00,9.600000000000000000e+01
4.632910728454589844e+00,9.700000000000000000e+01
4.635198354721069336e+00,9.800000000000000000e+01
4.708550691604614258e+00,9.900000000000000000e+01
4.710873365402221680e+00,1.000000000000000000e+02
4.786341428756713867e+00,1.010000000000000000e+02
4.859327077865600586e+00,1.020000000000000000e+02
4.861665725708007812e+00,1.030000000000000000e+02
4.935001373291015625e+00,1.040000000000000000e+02
4.937312602996826172e+00,1.050000000000000000e+02
5.013866662979125977e+00,1.060000000000000000e+02
5.086625099182128906e+00,1.070000000000000000e+02
5.088977336883544922e+00,1.080000000000000000e+02
5.162963867187500000e+00,1.090000000000000000e+02
5.165548086166381836e+00,1.100000000000000000e+02
5.240983009338378906e+00,1.110000000000000000e+02
5.313811063766479492e+00,1.120000000000000000e+02
5.315901517868041992e+00,1.130000000000000000e+02
5.391396760940551758e+00,1.140000000000000000e+02
5.394317865371704102e+00,1.150000000000000000e+02
5.471623420715332031e+00,1.160000000000000000e+02
5.544809579849243164e+00,1.170000000000000000e+02
5.619138002395629883e+00,1.180000000000000000e+02
5.622075319290161133e+00,1.190000000000000000e+02
5.706325531005859375e+00,1.200000000000000000e+02
5.729271173477172852e+00,1.210000000000000000e+02
5.810599088668823242e+00,1.220000000000000000e+02
5.819613456726074219e+00,1.230000000000000000e+02
5.896724939346313477e+00,1.240000000000000000e+02
5.971960783004760742e+00,1.250000000000000000e+02
6.051512002944946289e+00,1.260000000000000000e+02
6.055514335632324219e+00,1.270000000000000000e+02
6.129596710205078125e+00,1.280000000000000000e+02
6.134615898132324219e+00,1.290000000000000000e+02
6.210064649581909180e+00,1.300000000000000000e+02
6.216160058975219727e+00,1.310000000000000000e+02
6.294922828674316406e+00,1.320000000000000000e+02
6.307304859161376953e+00,1.330000000000000000e+02
6.386154890060424805e+00,1.340000000000000000e+02
6.399054050445556641e+00,1.350000000000000000e+02
6.477079868316650391e+00,1.360000000000000000e+02
6.480996131896972656e+00,1.370000000000000000e+02
6.560819864273071289e+00,1.380000000000000000e+02
6.567989110946655273e+00,1.390000000000000000e+02
6.652447700500488281e+00,1.400000000000000000e+02
6.669696569442749023e+00,1.410000000000000000e+02
6.744004726409912109e+00,1.420000000000000000e+02
6.820244789123535156e+00,1.430000000000000000e+02
6.896794080734252930e+00,1.440000000000000000e+02
6.975586175918579102e+00,1.450000000000000000e+02
6.982389688491821289e+00,1.460000000000000000e+02
7.064633131027221680e+00,1.470000000000000000e+02
7.144045829772949219e+00,1.480000000000000000e+02
7.148739814758300781e+00,1.490000000000000000e+02
7.244525194168090820e+00,1.500000000000000000e+02
7.256322383880615234e+00,1.510000000000000000e+02
7.334333181381225586e+00,1.520000000000000000e+02
7.412720680236816406e+00,1.530000000000000000e+02
7.424302816390991211e+00,1.540000000000000000e+02
7.503407239913940430e+00,1.550000000000000000e+02
7.506255388259887695e+00,1.560000000000000000e+02
7.580049514770507812e+00,1.570000000000000000e+02
7.583390235900878906e+00,1.580000000000000000e+02
7.659790992736816406e+00,1.590000000000000000e+02
7.662565469741821289e+00,1.600000000000000000e+02
7.740465164184570312e+00,1.610000000000000000e+02
7.743136167526245117e+00,1.620000000000000000e+02
7.816979408264160156e+00,1.630000000000000000e+02
7.892921686172485352e+00,1.640000000000000000e+02
7.968049049377441406e+00,1.650000000000000000e+02
8.040837049484252930e+00,1.660000000000000000e+02
8.116117000579833984e+00,1.670000000000000000e+02
8.188930273056030273e+00,1.680000000000000000e+02
8.191093683242797852e+00,1.690000000000000000e+02
8.266623497009277344e+00,1.700000000000000000e+02
8.344214677810668945e+00,1.710000000000000000e+02
8.347363948822021484e+00,1.720000000000000000e+02
8.420731067657470703e+00,1.730000000000000000e+02
8.493978023529052734e+00,1.740000000000000000e+02
8.496166944503784180e+00,1.750000000000000000e+02
8.571687221527099609e+00,1.760000000000000000e+02
8.644488573074340820e+00,1.770000000000000000e+02
8.646629571914672852e+00,1.780000000000000000e+02
8.721786022186279297e+00,1.790000000000000000e+02
8.794610977172851562e+00,1.800000000000000000e+02
8.796805858612060547e+00,1.810000000000000000e+02
8.870007514953613281e+00,1.820000000000000000e+02
8.872229576110839844e+00,1.830000000000000000e+02
8.945715427398681641e+00,1.840000000000000000e+02
9.019096136093139648e+00,1.850000000000000000e+02
9.021342992782592773e+00,1.860000000000000000e+02
9.094591856002807617e+00,1.870000000000000000e+02
9.096804141998291016e+00,1.880000000000000000e+02
9.170500040054321289e+00,1.890000000000000000e+02
9.173079252243041992e+00,1.900000000000000000e+02
9.248358011245727539e+00,1.910000000000000000e+02
9.323497533798217773e+00,1.920000000000000000e+02
9.396312952041625977e+00,1.930000000000000000e+02
9.398415565490722656e+00,1.940000000000000000e+02
9.471495389938354492e+00,1.950000000000000000e+02
9.473670005798339844e+00,1.960000000000000000e+02
9.546943426132202148e+00,1.970000000000000000e+02
9.549124717712402344e+00,1.980000000000000000e+02
9.622222661972045898e+00,1.990000000000000000e+02
9.624350547790527344e+00,2.000000000000000000e+02
9.697467565536499023e+00,2.010000000000000000e+02
9.699602603912353516e+00,2.020000000000000000e+02
9.772738218307495117e+00,2.030000000000000000e+02
9.774869680404663086e+00,2.040000000000000000e+02
9.848029613494873047e+00,2.050000000000000000e+02
9.850174427032470703e+00,2.060000000000000000e+02
9.923277616500854492e+00,2.070000000000000000e+02
9.925442218780517578e+00,2.080000000000000000e+02
9.998814105987548828e+00,2.090000000000000000e+02
1.007205414772033691e+01,2.100000000000000000e+02
1.014529633522033691e+01,2.110000000000000000e+02
1.021847057342529297e+01,2.120000000000000000e+02
1.022059893608093262e+01,2.130000000000000000e+02
1.029378914833068848e+01,2.140000000000000000e+02
1.029591107368469238e+01,2.150000000000000000e+02
1.036912584304809570e+01,2.160000000000000000e+02
1.037117862701416016e+01,2.170000000000000000e+02
1.044431853294372559e+01,2.180000000000000000e+02
1.044650459289550781e+01,2.190000000000000000e+02
1.052025389671325684e+01,2.200000000000000000e+02
1.052354621887207031e+01,2.210000000000000000e+02
1.059889316558837891e+01,2.220000000000000000e+02
1.067185091972351074e+01,2.230000000000000000e+02
1.067405152320861816e+01,2.240000000000000000e+02
1.074735021591186523e+01,2.250000000000000000e+02
1.074978709220886230e+01,2.260000000000000000e+02
1.082311081886291504e+01,2.270000000000000000e+02
1.082535529136657715e+01,2.280000000000000000e+02
1.089866542816162109e+01,2.290000000000000000e+02
1.090091204643249512e+01,2.300000000000000000e+02
1.097426652908325195e+01,2.310000000000000000e+02
1.097650480270385742e+01,2.320000000000000000e+02
1.104996275901794434e+01,2.330000000000000000e+02
1.105224132537841797e+01,2.340000000000000000e+02
1.112559914588928223e+01,2.350000000000000000e+02
1.112777352333068848e+01,2.360000000000000000e+02
1.120116448402404785e+01,2.370000000000000000e+02
1.120352983474731445e+01,2.380000000000000000e+02
1.127685332298278809e+01,2.390000000000000000e+02
1.127912473678588867e+01,2.400000000000000000e+02
1.135228896141052246e+01,2.410000000000000000e+02
1.135466551780700684e+01,2.420000000000000000e+02
1.142806172370910645e+01,2.430000000000000000e+02
1.143033123016357422e+01,2.440000000000000000e+02
1.150523018836975098e+01,2.450000000000000000e+02
1.150796508789062500e+01,2.460000000000000000e+02
1.158128404617309570e+01,2.470000000000000000e+02
1.158364224433898926e+01,2.480000000000000000e+02
1.165905761718750000e+01,2.490000000000000000e+02
1.173187828063964844e+01,2.500000000000000000e+02
1.173421287536621094e+01,2.510000000000000000e+02
1.180752468109130859e+01,2.520000000000000000e+02
1.180976128578186035e+01,2.530000000000000000e+02
1.188309121131896973e+01,2.540000000000000000e+02
1.188530516624450684e+01,2.550000000000000000e+02
1.195858526229858398e+01,2.560000000000000000e+02
1.196088504791259766e+01,2.570000000000000000e+02
1.203480720520019531e+01,2.580000000000000000e+02
1.210822176933288574e+01,2.590000000000000000e+02
1.211051368713378906e+01,2.600000000000000000e+02
1.218387150764465332e+01,2.610000000000000000e+02
1.218616986274719238e+01,2.620000000000000000e+02
1.225946784019470215e+01,2.630000000000000000e+02
1.226178002357482910e+01,2.640000000000000000e+02
1.233506155014038086e+01,2.650000000000000000e+02
1.233735466003417969e+01,2.660000000000000000e+02
1.241068434715270996e+01,2.670000000000000000e+02
1.241309952735900879e+01,2.680000000000000000e+02
1.248657369613647461e+01,2.690000000000000000e+02
1.248882937431335449e+01,2.700000000000000000e+02
1.256218266487121582e+01,2.710000000000000000e+02
1.256440567970275879e+01,2.720000000000000000e+02
1.263756752014160156e+01,2.730000000000000000e+02
1.263993501663208008e+01,2.740000000000000000e+02
1.271321439743041992e+01,2.750000000000000000e+02
1.271547341346740723e+01,2.760000000000000000e+02
1.278884720802307129e+01,2.770000000000000000e+02
1.279109811782836914e+01,2.780000000000000000e+02
1.286432504653930664e+01,2.790000000000000000e+02
1.286673307418823242e+01,2.800000000000000000e+02
1.294004869461059570e+01,2.810000000000000000e+02
1.294228434562683105e+01,2.820000000000000000e+02
1.301591229438781738e+01,2.830000000000000000e+02
1.301853942871093750e+01,2.840000000000000000e+02
1.309193396568298340e+01,2.850000000000000000e+02
1.309438633918762207e+01,2.860000000000000000e+02
1.316775465011596680e+01,2.870000000000000000e+02
1.317003273963928223e+01,2.880000000000000000e+02
1.324343419075012207e+01,2.890000000000000000e+02
1.324567079544067383e+01,2.900000000000000000e+02
1.331900572776794434e+01,2.910000000000000000e+02
1.332116770744323730e+01,2.920000000000000000e+02
1.339519286155700684e+01,2.930000000000000000e+02
1.339796113967895508e+01,2.940000000000000000e+02
1.347108912467956543e+01,2.950000000000000000e+02
1.347321844100952148e+01,2.960000000000000000e+02
1.354659771919250488e+01,2.970000000000000000e+02
1.354942131042480469e+01,2.980000000000000000e+02
1.362260198593139648e+01,2.990000000000000000e+02
1.362473678588867188e+01,3.000000000000000000e+02
1.369788241386413574e+01,3.010000000000000000e+02
1.377106690406799316e+01,3.020000000000000000e+02
1.377316975593566895e+01,3.030000000000000000e+02
1.384640192985534668e+01,3.040000000000000000e+02
1.391965508460998535e+01,3.050000000000000000e+02
1.392175936698913574e+01,3.060000000000000000e+02
1.399493622779846191e+01,3.070000000000000000e+02
1.399959850311279297e+01,3.080000000000000000e+02
1.407284736633300781e+01,3.090000000000000000e+02
1.407497191429138184e+01,3.100000000000000000e+02
1.414818120002746582e+01,3.110000000000000000e+02
1.415025043487548828e+01,3.120000000000000000e+02
1.422337579727172852e+01,3.130000000000000000e+02
1.422553443908691406e+01,3.140000000000000000e+02
1.430077052116394043e+01,3.150000000000000000e+02
1.437391042709350586e+01,3.160000000000000000e+02
1.437604594230651855e+01,3.170000000000000000e+02
1.444914889335632324e+01,3.180000000000000000e+02
1.445124292373657227e+01,3.190000000000000000e+02
1.452499341964721680e+01,3.200000000000000000e+02
1.452788448333740234e+01,3.210000000000000000e+02
1.460107874870300293e+01,3.220000000000000000e+02
1.460325098037719727e+01,3.230000000000000000e+02
1.467633962631225586e+01,3.240000000000000000e+02
1.467841172218322754e+01,3.250000000000000000e+02
1.475155854225158691e+01,3.260000000000000000e+02
1.475365447998046875e+01,3.270000000000000000e+02
1.482682895660400391e+01,3.280000000000000000e+02
1.490005302429199219e+01,3.290000000000000000e+02
1.497332334518432617e+01,3.300000000000000000e+02
1.504931473731994629e+01,3.310000000000000000e+02
1.512213563919067383e+01,3.320000000000000000e+02
1.512420892715454102e+01,3.330000000000000000e+02
1.519942140579223633e+01,3.340000000000000000e+02
1.527225255966186523e+01,3.350000000000000000e+02
1.527435660362243652e+01,3.360000000000000000e+02
1.534753274917602539e+01,3.370000000000000000e+02
1.534966778755187988e+01,3.380000000000000000e+02
1.542279410362243652e+01,3.390000000000000000e+02
1.542491650581359863e+01,3.400000000000000000e+02
1.549815607070922852e+01,3.410000000000000000e+02
1.550491142272949219e+01,3.420000000000000000e+02
1.557822227478027344e+01,3.430000000000000000e+02
1.558035755157470703e+01,3.440000000000000000e+02
1.565567779541015625e+01,3.450000000000000000e+02
1.573058080673217773e+01,3.460000000000000000e+02
1.580549621582031250e+01,3.470000000000000000e+02
1.588035845756530762e+01,3.480000000000000000e+02
1.595359683036804199e+01,3.490000000000000000e+02
1.595575952529907227e+01,3.500000000000000000e+02
1.602948403358459473e+01,3.510000000000000000e+02
1.603222250938415527e+01,3.520000000000000000e+02
1.610545539855957031e+01,3.530000000000000000e+02
1.610760402679443359e+01,3.540000000000000000e+02
1.618082356452941895e+01,3.550000000000000000e+02
1.618316388130187988e+01,3.560000000000000000e+02
1.626090908050537109e+01,3.570000000000000000e+02
1.626646566390991211e+01,3.580000000000000000e+02
1.634064936637878418e+01,3.590000000000000000e+02
1.641482019424438477e+01,3.600000000000000000e+02
1.648827028274536133e+01,3.610000000000000000e+02
1.656154346466064453e+01,3.620000000000000000e+02
1.656393194198608398e+01,3.630000000000000000e+02
1.663937616348266602e+01,3.640000000000000000e+02
1.671445059776306152e+01,3.650000000000000000e+02
1.678736424446105957e+01,3.660000000000000000e+02
1.678961133956909180e+01,3.670000000000000000e+02
1.686507964134216309e+01,3.680000000000000000e+02
1.693806028366088867e+01,3.690000000000000000e+02
1.694035696983337402e+01,3.700000000000000000e+02
1.701412558555603027e+01,3.710000000000000000e+02
1.708756828308105469e+01,3.720000000000000000e+02
1.708987808227539062e+01,3.730000000000000000e+02
1.716366219520568848e+01,3.740000000000000000e+02
1.716646766662597656e+01,3.750000000000000000e+02
1.723979735374450684e+01,3.760000000000000000e+02
1.724195432662963867e+01,3.770000000000000000e+02
1.731736993789672852e+01,3.780000000000000000e+02
1.739030718803405762e+01,3.790000000000000000e+02
1.739249634742736816e+01,3.800000000000000000e+02
1.746588659286499023e+01,3.810000000000000000e+02
1.746813607215881348e+01,3.820000000000000000e+02
1.754153203964233398e+01,3.830000000000000000e+02
1.754376745223999023e+01,3.840000000000000000e+02
1.761712551116943359e+01,3.850000000000000000e+02
1.761956334114074707e+01,3.860000000000000000e+02
1.769295883178710938e+01,3.870000000000000000e+02
1.769521760940551758e+01,3.880000000000000000e+02
1.776853394508361816e+01,3.890000000000000000e+02
1.777076125144958496e+01,3.900000000000000000e+02
1.784640550613403320e+01,3.910000000000000000e+02
1.791935300827026367e+01,3.920000000000000000e+02
1.792194795608520508e+01,3.930000000000000000e+02
1.799600577354431152e+01,3.940000000000000000e+02
1.800186467170715332e+01,3.950000000000000000e+02
1.807742595672607422e+01,3.960000000000000000e+02
1.815050625801086426e+01,3.970000000000000000e+02
1.815275573730468750e+01,3.980000000000000000e+02
1.822616362571716309e+01,3.990000000000000000e+02
1.822859692573547363e+01,4.000000000000000000e+02
1.830416274070739746e+01,4.010000000000000000e+02
1.837922477722167969e+01,4.020000000000000000e+02
1.845221686363220215e+01,4.030000000000000000e+02
1.845447015762329102e+01,4.040000000000000000e+02
1.853083348274230957e+01,4.050000000000000000e+02
1.860592293739318848e+01,4.060000000000000000e+02
1.867875719070434570e+01,4.070000000000000000e+02
1.868111515045166016e+01,4.080000000000000000e+02
1.875447297096252441e+01,4.090000000000000000e+02
1.875674676895141602e+01,4.100000000000000000e+02
1.883021116256713867e+01,4.110000000000000000e+02
1.883265638351440430e+01,4.120000000000000000e+02
1.890605807304382324e+01,4.130000000000000000e+02
1.890860581398010254e+01,4.140000000000000000e+02
1.898179960250854492e+01,4.150000000000000000e+02
1.898416566848754883e+01,4.160000000000000000e+02
1.905961799621582031e+01,4.170000000000000000e+02
1.913259315490722656e+01,4.180000000000000000e+02
1.913484883308410645e+01,4.190000000000000000e+02
1.920801424980163574e+01,4.200000000000000000e+02
1.921015834808349609e+01,4.210000000000000000e+02
1.928323483467102051e+01,4.220000000000000000e+02
1.928545618057250977e+01,4.230000000000000000e+02
1.935856747627258301e+01,4.240000000000000000e+02
1.936078047752380371e+01,4.250000000000000000e+02
1.943393063545227051e+01,4.260000000000000000e+02
1.943606185913085938e+01,4.270000000000000000e+02
1.950939512252807617e+01,4.280000000000000000e+02
1.951193404197692871e+01,4.290000000000000000e+02
1.958514928817749023e+01,4.300000000000000000e+02
1.958736729621887207e+01,4.310000000000000000e+02
1.966060519218444824e+01,4.320000000000000000e+02
1.966282701492309570e+01,4.330000000000000000e+02
1.973599720001220703e+01,4.340000000000000000e+02
1.973812961578369141e+01,4.350000000000000000e+02
1.981119847297668457e+01,4.360000000000000000e+02
1.981331396102905273e+01,4.370000000000000000e+02
1.988644409179687500e+01,4.380000000000000000e+02
1.988860726356506348e+01,4.390000000000000000e+02
1.996237468719482422e+01,4.400000000000000000e+02
1.996464109420776367e+01,4.410000000000000000e+02
2.003785443305969238e+01,4.420000000000000000e+02
2.004007220268249512e+01,4.430000000000000000e+02
2.011322569847106934e+01,4.440000000000000000e+02
2.011538386344909668e+01,4.450000000000000000e+02
2.018850755691528320e+01,4.460000000000000000e+02
2.019075298309326172e+01,4.470000000000000000e+02
2.026387691497802734e+01,4.480000000000000000e+02
2.026610541343688965e+01,4.490000000000000000e+02
2.033920884132385254e+01,4.500000000000000000e+02
2.034143853187561035e+01,4.510000000000000000e+02
2.041457843780517578e+01,4.520000000000000000e+02
2.041684198379516602e+01,4.530000000000000000e+02
2.049010920524597168e+01,4.540000000000000000e+02
2.049227619171142578e+01,4.550000000000000000e+02
2.056543827056884766e+01,4.560000000000000000e+02
2.056775951385498047e+01,4.570000000000000000e+02
2.064094066619873047e+01,4.580000000000000000e+02
2.064305067062377930e+01,4.590000000000000000e+02
2.071615386009216309e+01,4.600000000000000000e+02
2.071819901466369629e+01,4.610000000000000000e+02
2.079125595092773438e+01,4.620000000000000000e+02
2.079342865943908691e+01,4.630000000000000000e+02
2.086648917198181152e+01,4.640000000000000000e+02
2.086861896514892578e+01,4.650000000000000000e+02
2.094182801246643066e+01,4.660000000000000000e+02
2.101504373550415039e+01,4.670000000000000000e+02
2.108826017379760742e+01,4.680000000000000000e+02
2.116389536857604980e+01,4.690000000000000000e+02
2.123673677444458008e+01,4.700000000000000000e+02
2.123891496658325195e+01,4.710000000000000000e+02
2.131203484535217285e+01,4.720000000000000000e+02
2.131421828269958496e+01,4.730000000000000000e+02
2.138730239868164062e+01,4.740000000000000000e+02
2.138946604728698730e+01,4.750000000000000000e+02
2.146258401870727539e+01,4.760000000000000000e+02
2.146478700637817383e+01,4.770000000000000000e+02
2.153798890113830566e+01,4.780000000000000000e+02
2.154009222984313965e+01,4.790000000000000000e+02
2.161320018768310547e+01,4.800000000000000000e+02
2.161532688140869141e+01,4.810000000000000000e+02
2.168849706649780273e+01,4.820000000000000000e+02
2.169068026542663574e+01,4.830000000000000000e+02
2.176581859588623047e+01,4.840000000000000000e+02
2.183864521980285645e+01,4.850000000000000000e+02
2.184079575538635254e+01,4.860000000000000000e+02
2.191406679153442383e+01,4.870000000000000000e+02
2.191631674766540527e+01,4.880000000000000000e+02
2.198949885368347168e+01,4.890000000000000000e+02
2.199174976348876953e+01,4.900000000000000000e+02
2.206496334075927734e+01,4.910000000000000000e+02
2.206724047660827637e+01,4.920000000000000000e+02
2.214115595817565918e+01,4.930000000000000000e+02
2.214376854896545410e+01,4.940000000000000000e+02
2.221696424484252930e+01,4.950000000000000000e+02
2.221918582916259766e+01,4.960000000000000000e+02
2.229250526428222656e+01,4.970000000000000000e+02
2.229483675956726074e+01,4.980000000000000000e+02
2.236821031570434570e+01,4.990000000000000000e+02
2.244161462783813477e+01,5.000000000000000000e+02
2.244387817382812500e+01,5.010000000000000000e+02
2.251775169372558594e+01,5.020000000000000000e+02
2.252082824707031250e+01,5.030000000000000000e+02
2.259416842460632324e+01,5.040000000000000000e+02
2.259648418426513672e+01,5.050000000000000000e+02
2.266965222358703613e+01,5.060000000000000000e+02
2.267211341857910156e+01,5.070000000000000000e+02
2.274532651901245117e+01,5.080000000000000000e+02
2.274756693840026855e+01,5.090000000000000000e+02
2.282075715065002441e+01,5.100000000000000000e+02
2.282308769226074219e+01,5.110000000000000000e+02
2.289624738693237305e+01,5.120000000000000000e+02
2.289863944053649902e+01,5.130000000000000000e+02
2.297194242477416992e+01,5.140000000000000000e+02
2.297427749633789062e+01,5.150000000000000000e+02
2.304747629165649414e+01,5.160000000000000000e+02
2.304974460601806641e+01,5.170000000000000000e+02
2.312292313575744629e+01,5.180000000000000000e+02
2.312511634826660156e+01,5.190000000000000000e+02
2.319827818870544434e+01,5.200000000000000000e+02
2.320043253898620605e+01,5.210000000000000000e+02
2.327360630035400391e+01,5.220000000000000000e+02
2.327579760551452637e+01,5.230000000000000000e+02
2.334895849227905273e+01,5.240000000000000000e+02
2.335110211372375488e+01,5.250000000000000000e+02
2.342424988746643066e+01,5.260000000000000000e+02
2.350474643707275391e+01,5.270000000000000000e+02
2.352134466171264648e+01,5.280000000000000000e+02
2.360146975517272949e+01,5.290000000000000000e+02
2.360412979125976562e+01,5.300000000000000000e+02
2.367741632461547852e+01,5.310000000000000000e+02
2.375264811515808105e+01,5.320000000000000000e+02
2.382547974586486816e+01,5.330000000000000000e+02
2.382766866683959961e+01,5.340000000000000000e+02
2.390092587471008301e+01,5.350000000000000000e+02
2.390309047698974609e+01,5.360000000000000000e+02
2.398817992210388184e+01,5.370000000000000000e+02
2.399284577369689941e+01,5.380000000000000000e+02
2.406675744056701660e+01,5.390000000000000000e+02
2.406919789314270020e+01,5.400000000000000000e+02
2.414319396018981934e+01,5.410000000000000000e+02
2.414573860168457031e+01,5.420000000000000000e+02
2.421886587142944336e+01,5.430000000000000000e+02
2.422103667259216309e+01,5.440000000000000000e+02
2.429418206214904785e+01,5.450000000000000000e+02
2.429633903503417969e+01,5.460000000000000000e+02
2.436950922012329102e+01,5.470000000000000000e+02
2.437174892425537109e+01,5.480000000000000000e+02
2.444499588012695312e+01,5.490000000000000000e+02
2.444726037979125977e+01,5.500000000000000000e+02
2.452062034606933594e+01,5.510000000000000000e+02
2.452283191680908203e+01,5.520000000000000000e+02
2.459600520133972168e+01,5.530000000000000000e+02
2.466923499107360840e+01,5.540000000000000000e+02
2.467147660255432129e+01,5.550000000000000000e+02
2.474466204643249512e+01,5.560000000000000000e+02
2.474686098098754883e+01,5.570000000000000000e+02
2.482003021240234375e+01,5.580000000000000000e+02
2.482226896286010742e+01,5.590000000000000000e+02
2.489543628692626953e+01,5.600000000000000000e+02
2.489785838127136230e+01,5.610000000000000000e+02
2.497111463546752930e+01,5.620000000000000000e+02
2.497343206405639648e+01,5.630000000000000000e+02
2.504671740531921387e+01,5.640000000000000000e+02
2.504936027526855469e+01,5.650000000000000000e+02
2.512267780303955078e+01,5.660000000000000000e+02
2.512486338615417480e+01,5.670000000000000000e+02
2.519796395301818848e+01,5.680000000000000000e+02
2.520015764236450195e+01,5.690000000000000000e+02
2.527330565452575684e+01,5.700000000000000000e+02
2.527546048164367676e+01,5.710000000000000000e+02
2.534860110282897949e+01,5.720000000000000000e+02
2.535080671310424805e+01,5.730000000000000000e+02
2.542421150207519531e+01,5.740000000000000000e+02
2.542673230171203613e+01,5.750000000000000000e+02
2.550098085403442383e+01,5.760000000000000000e+02
2.550369858741760254e+01,5.770000000000000000e+02
2.557708740234375000e+01,5.780000000000000000e+02
2.557934761047363281e+01,5.790000000000000000e+02
2.565281891822814941e+01,5.800000000000000000e+02
2.565511631965637207e+01,5.810000000000000000e+02
2.572848343849182129e+01,5.820000000000000000e+02
2.573070907592773438e+01,5.830000000000000000e+02
2.580407571792602539e+01,5.840000000000000000e+02
2.580632185935974121e+01,5.850000000000000000e+02
2.587967228889465332e+01,5.860000000000000000e+02
2.595303463935852051e+01,5.870000000000000000e+02
2.595534682273864746e+01,5.880000000000000000e+02
2.602924966812133789e+01,5.890000000000000000e+02
2.603199458122253418e+01,5.900000000000000000e+02
2.610519814491271973e+01,5.910000000000000000e+02
2.610734987258911133e+01,5.920000000000000000e+02
2.618054366111755371e+01,5.930000000000000000e+02
2.618274855613708496e+01,5.940000000000000000e+02
2.625612688064575195e+01,5.950000000000000000e+02
2.625876188278198242e+01,5.960000000000000000e+02
2.633199310302734375e+01,5.970000000000000000e+02
2.633428764343261719e+01,5.980000000000000000e+02
2.640748023986816406e+01,5.990000000000000000e+02
2.640965723991394043e+01,6.000000000000000000e+02
2.648286581039428711e+01,6.010000000000000000e+02
2.648506617546081543e+01,6.020000000000000000e+02
2.655827116966247559e+01,6.030000000000000000e+02
2.656046128273010254e+01,6.040000000000000000e+02
2.663366818428039551e+01,6.050000000000000000e+02
2.663586473464965820e+01,6.060000000000000000e+02
2.670899820327758789e+01,6.070000000000000000e+02
2.671117115020751953e+01,6.080000000000000000e+02
2.678431010246276855e+01,6.090000000000000000e+02
2.685758042335510254e+01,6.100000000000000000e+02
2.693287634849548340e+01,6.110000000000000000e+02
2.700883626937866211e+01,6.120000000000000000e+02
2.708161258697509766e+01,6.130000000000000000e+02
2.708375668525695801e+01,6.140000000000000000e+02
2.715960836410522461e+01,6.150000000000000000e+02
2.723455023765563965e+01,6.160000000000000000e+02
2.730947899818420410e+01,6.170000000000000000e+02
2.738428997993469238e+01,6.180000000000000000e+02
2.745706605911254883e+01,6.190000000000000000e+02
2.745918703079223633e+01,6.200000000000000000e+02
2.753250932693481445e+01,6.210000000000000000e+02
2.753548073768615723e+01,6.220000000000000000e+02
2.760865926742553711e+01,6.230000000000000000e+02
2.761085033416748047e+01,6.240000000000000000e+02
2.768396687507629395e+01,6.250000000000000000e+02
2.768616986274719238e+01,6.260000000000000000e+02
2.775925445556640625e+01,6.270000000000000000e+02
2.776148796081542969e+01,6.280000000000000000e+02
2.783462262153625488e+01,6.290000000000000000e+02
2.783679795265197754e+01,6.300000000000000000e+02
2.790991353988647461e+01,6.310000000000000000e+02
2.791230964660644531e+01,6.320000000000000000e+02
2.798545193672180176e+01,6.330000000000000000e+02
2.798759937286376953e+01,6.340000000000000000e+02
2.806092047691345215e+01,6.350000000000000000e+02
2.806330442428588867e+01,6.360000000000000000e+02
2.813658404350280762e+01,6.370000000000000000e+02
2.813926410675048828e+01,6.380000000000000000e+02
2.821238493919372559e+01,6.390000000000000000e+02
2.821456646919250488e+01,6.400000000000000000e+02
2.828766298294067383e+01,6.410000000000000000e+02
2.828986001014709473e+01,6.420000000000000000e+02
2.836304950714111328e+01,6.430000000000000000e+02
2.836525177955627441e+01,6.440000000000000000e+02
2.843839764595031738e+01,6.450000000000000000e+02
2.844054651260375977e+01,6.460000000000000000e+02
2.851442122459411621e+01,6.470000000000000000e+02
2.851750016212463379e+01,6.480000000000000000e+02
2.859067893028259277e+01,6.490000000000000000e+02
2.859293794631958008e+01,6.500000000000000000e+02
2.866608595848083496e+01,6.510000000000000000e+02
2.866837120056152344e+01,6.520000000000000000e+02
2.874147510528564453e+01,6.530000000000000000e+02
2.874372863769531250e+01,6.540000000000000000e+02
2.881692767143249512e+01,6.550000000000000000e+02
2.881919264793395996e+01,6.560000000000000000e+02
2.889232420921325684e+01,6.570000000000000000e+02
2.889462113380432129e+01,6.580000000000000000e+02
2.896788859367370605e+01,6.590000000000000000e+02
2.904115724563598633e+01,6.600000000000000000e+02
2.904332137107849121e+01,6.610000000000000000e+02
2.911649084091186523e+01,6.620000000000000000e+02
2.911876225471496582e+01,6.630000000000000000e+02
2.919189047813415527e+01,6.640000000000000000e+02
2.919417858123779297e+01,6.650000000000000000e+02
2.926746535301208496e+01,6.660000000000000000e+02
2.926977753639221191e+01,6.670000000000000000e+02
2.934298729896545410e+01,6.680000000000000000e+02
2.934521508216857910e+01,6.690000000000000000e+02
2.941832900047302246e+01,6.700000000000000000e+02
2.942055630683898926e+01,6.710000000000000000e+02
2.949373149871826172e+01,6.720000000000000000e+02
2.956695914268493652e+01,6.730000000000000000e+02
2.964221286773681641e+01,6.740000000000000000e+02
2.971498179435729980e+01,6.750000000000000000e+02
2.971717715263366699e+01,6.760000000000000000e+02
2.979034829139709473e+01,6.770000000000000000e+02
2.979257965087890625e+01,6.780000000000000000e+02
2.986575341224670410e+01,6.790000000000000000e+02
2.986797022819519043e+01,6.800000000000000000e+02
2.994112300872802734e+01,6.810000000000000000e+02
2.994328355789184570e+01,6.820000000000000000e+02
3.001685881614685059e+01,6.830000000000000000e+02
3.001974844932556152e+01,6.840000000000000000e+02
3.009498023986816406e+01,6.850000000000000000e+02
3.016775870323181152e+01,6.860000000000000000e+02
3.017018651962280273e+01,6.870000000000000000e+02
3.024338102340698242e+01,6.880000000000000000e+02
3.024549555778503418e+01,6.890000000000000000e+02
3.031858515739440918e+01,6.900000000000000000e+02
3.032082796096801758e+01,6.910000000000000000e+02
3.039399623870849609e+01,6.920000000000000000e+02
3.039623689651489258e+01,6.930000000000000000e+02
3.046980905532836914e+01,6.940000000000000000e+02
3.047203135490417480e+01,6.950000000000000000e+02
3.054524779319763184e+01,6.960000000000000000e+02
3.054742908477783203e+01,6.970000000000000000e+02
3.062057423591613770e+01,6.980000000000000000e+02
3.062276005744934082e+01,6.990000000000000000e+02
3.069589543342590332e+01,7.000000000000000000e+02
3.069810295104980469e+01,7.010000000000000000e+02
3.077120471000671387e+01,7.020000000000000000e+02
3.077337527275085449e+01,7.030000000000000000e+02
3.084864115715026855e+01,7.040000000000000000e+02
3.092174887657165527e+01,7.050000000000000000e+02
3.099494624137878418e+01,7.060000000000000000e+02
3.099891901016235352e+01,7.070000000000000000e+02
3.107217741012573242e+01,7.080000000000000000e+02
3.107441711425781250e+01,7.090000000000000000e+02
3.114762330055236816e+01,7.100000000000000000e+02
3.114985990524291992e+01,7.110000000000000000e+02
3.122507691383361816e+01,7.120000000000000000e+02
3.129792642593383789e+01,7.130000000000000000e+02
3.137114000320434570e+01,7.140000000000000000e+02
3.137331604957580566e+01,7.150000000000000000e+02
3.144647741317749023e+01,7.160000000000000000e+02
3.154417824745178223e+01,7.170000000000000000e+02
3.154762268066406250e+01,7.180000000000000000e+02
3.163274717330932617e+01,7.190000000000000000e+02
3.170567131042480469e+01,7.200000000000000000e+02
3.170785093307495117e+01,7.210000000000000000e+02
3.178096151351928711e+01,7.220000000000000000e+02
3.178307414054870605e+01,7.230000000000000000e+02
3.185619759559631348e+01,7.240000000000000000e+02
3.185837268829345703e+01,7.250000000000000000e+02
3.193143415451049805e+01,7.260000000000000000e+02
3.193357110023498535e+01,7.270000000000000000e+02
3.200736284255981445e+01,7.280000000000000000e+02
3.201014232635498047e+01,7.290000000000000000e+02
3.208329153060913086e+01,7.300000000000000000e+02
3.208548450469970703e+01,7.310000000000000000e+02
3.215901803970336914e+01,7.320000000000000000e+02
3.216168880462646484e+01,7.330000000000000000e+02
3.223490285873413086e+01,7.340000000000000000e+02
3.223708438873291016e+01,7.350000000000000000e+02
3.231022381782531738e+01,7.360000000000000000e+02
3.231233930587768555e+01,7.370000000000000000e+02
3.238545274734497070e+01,7.380000000000000000e+02
3.238761806488037109e+01,7.390000000000000000e+02
3.246074771881103516e+01,7.400000000000000000e+02
3.246288824081420898e+01,7.410000000000000000e+02
3.253633832931518555e+01,7.420000000000000000e+02
3.260955572128295898e+01,7.430000000000000000e+02
3.268273425102233887e+01,7.440000000000000000e+02
3.275589299201965332e+01,7.450000000000000000e+02
3.275803637504577637e+01,7.460000000000000000e+02
3.283325815200805664e+01,7.470000000000000000e+02
3.290607404708862305e+01,7.480000000000000000e+02
3.290816164016723633e+01,7.490000000000000000e+02
3.298131489753723145e+01,7.500000000000000000e+02
3.298356080055236816e+01,7.510000000000000000e+02
3.305672955513000488e+01,7.520000000000000000e+02
3.305894446372985840e+01,7.530000000000000000e+02
3.313206958770751953e+01,7.540000000000000000e+02
3.313431739807128906e+01,7.550000000000000000e+02
3.320743560791015625e+01,7.560000000000000000e+02
3.320968747138977051e+01,7.570000000000000000e+02
3.328276562690734863e+01,7.580000000000000000e+02
3.328500723838806152e+01,7.590000000000000000e+02
3.335812354087829590e+01,7.600000000000000000e+02
3.336034679412841797e+01,7.610000000000000000e+02
3.343350434303283691e+01,7.620000000000000000e+02
3.343562364578247070e+01,7.630000000000000000e+02
3.350949811935424805e+01,7.640000000000000000e+02
3.351218008995056152e+01,7.650000000000000000e+02
3.358527398109436035e+01,7.660000000000000000e+02
3.358749485015869141e+01,7.670000000000000000e+02
3.366065001487731934e+01,7.680000000000000000e+02
3.366286683082580566e+01,7.690000000000000000e+02
3.373598194122314453e+01,7.700000000000000000e+02
3.373821163177490234e+01,7.710000000000000000e+02
3.381131482124328613e+01,7.720000000000000000e+02
3.381349301338195801e+01,7.730000000000000000e+02
3.388659477233886719e+01,7.740000000000000000e+02
3.388879013061523438e+01,7.750000000000000000e+02
3.396207141876220703e+01,7.760000000000000000e+02
3.396435165405273438e+01,7.770000000000000000e+02
3.403754925727844238e+01,7.780000000000000000e+02
3.403975820541381836e+01,7.790000000000000000e+02
3.411294889450073242e+01,7.800000000000000000e+02
3.411516118049621582e+01,7.810000000000000000e+02
3.418829512596130371e+01,7.820000000000000000e+02
3.419050097465515137e+01,7.830000000000000000e+02
3.426355767250061035e+01,7.840000000000000000e+02
3.426578640937805176e+01,7.850000000000000000e+02
3.433891868591308594e+01,7.860000000000000000e+02
3.434114241600036621e+01,7.870000000000000000e+02
3.441465878486633301e+01,7.880000000000000000e+02
3.441744947433471680e+01,7.890000000000000000e+02
3.449057888984680176e+01,7.900000000000000000e+02
3.449278545379638672e+01,7.910000000000000000e+02
3.456598734855651855e+01,7.920000000000000000e+02
3.456820940971374512e+01,7.930000000000000000e+02
3.464140629768371582e+01,7.940000000000000000e+02
3.464371871948242188e+01,7.950000000000000000e+02
3.471684861183166504e+01,7.960000000000000000e+02
3.471901941299438477e+01,7.970000000000000000e+02
3.479207992553710938e+01,7.980000000000000000e+02
3.479427957534790039e+01,7.990000000000000000e+02
3.486736083030700684e+01,8.000000000000000000e+02
3.486953759193420410e+01,8.010000000000000000e+02
3.494260954856872559e+01,8.020000000000000000e+02
3.501638960838317871e+01,8.030000000000000000e+02
3.508955836296081543e+01,8.040000000000000000e+02
3.516275334358215332e+01,8.050000000000000000e+02
3.516561627388000488e+01,8.060000000000000000e+02
3.531589770317077637e+01,8.070000000000000000e+02
3.538872218132019043e+01,8.080000000000000000e+02
3.539086556434631348e+01,8.090000000000000000e+02
3.546403288841247559e+01,8.100000000000000000e+02
3.546619653701782227e+01,8.110000000000000000e+02
3.553936338424682617e+01,8.120000000000000000e+02
3.554155564308166504e+01,8.130000000000000000e+02
3.561474037170410156e+01,8.140000000000000000e+02
3.561694526672363281e+01,8.150000000000000000e+02
3.569019889831542969e+01,8.160000000000000000e+02
3.569239926338195801e+01,8.170000000000000000e+02
3.576556730270385742e+01,8.180000000000000000e+02
3.576776003837585449e+01,8.190000000000000000e+02
3.584096336364746094e+01,8.200000000000000000e+02
3.584366011619567871e+01,8.210000000000000000e+02
3.591693472862243652e+01,8.220000000000000000e+02
3.591908431053161621e+01,8.230000000000000000e+02
3.599221301078796387e+01,8.240000000000000000e+02
3.599435114860534668e+01,8.250000000000000000e+02
3.606805253028869629e+01,8.260000000000000000e+02
3.607028508186340332e+01,8.270000000000000000e+02
3.614409971237182617e+01,8.280000000000000000e+02
3.614639949798583984e+01,8.290000000000000000e+02
3.621959543228149414e+01,8.300000000000000000e+02
3.622179698944091797e+01,8.310000000000000000e+02
3.629497218132019043e+01,8.320000000000000000e+02
3.629721689224243164e+01,8.330000000000000000e+02
3.637041664123535156e+01,8.340000000000000000e+02
3.637271356582641602e+01,8.350000000000000000e+02
3.644594216346740723e+01,8.360000000000000000e+02
3.644815683364868164e+01,8.370000000000000000e+02
3.652169537544250488e+01,8.380000000000000000e+02
3.652443790435791016e+01,8.390000000000000000e+02
3.659758281707763672e+01,8.400000000000000000e+02
3.659977555274963379e+01,8.410000000000000000e+02
3.667290568351745605e+01,8.420000000000000000e+02
3.667506790161132812e+01,8.430000000000000000e+02
3.674821639060974121e+01,8.440000000000000000e+02
3.675041580200195312e+01,8.450000000000000000e+02
3.682351565361022949e+01,8.460000000000000000e+02
3.682620859146118164e+01,8.470000000000000000e+02
3.689929699897766113e+01,8.480000000000000000e+02
3.690152168273925781e+01,8.490000000000000000e+02
3.697457242012023926e+01,8.500000000000000000e+02
3.697669720649719238e+01,8.510000000000000000e+02
3.712313199043273926e+01,8.520000000000000000e+02
3.712533450126647949e+01,8.530000000000000000e+02
3.719841456413269043e+01,8.540000000000000000e+02
3.720053243637084961e+01,8.550000000000000000e+02
3.727368426322937012e+01,8.560000000000000000e+02
3.734684658050537109e+01,8.570000000000000000e+02
3.741999411582946777e+01,8.580000000000000000e+02
3.749524164199829102e+01,8.590000000000000000e+02
3.756853556632995605e+01,8.600000000000000000e+02
3.757110023498535156e+01,8.610000000000000000e+02
3.764441251754760742e+01,8.620000000000000000e+02
3.764673399925231934e+01,8.630000000000000000e+02
3.771986746788024902e+01,8.640000000000000000e+02
3.772207522392272949e+01,8.650000000000000000e+02
3.779523539543151855e+01,8.660000000000000000e+02
3.779740667343139648e+01,8.670000000000000000e+02
3.787050843238830566e+01,8.680000000000000000e+02
3.787259912490844727e+01,8.690000000000000000e+02
3.794572615623474121e+01,8.700000000000000000e+02
3.794780445098876953e+01,8.710000000000000000e+02
3.802131199836730957e+01,8.720000000000000000e+02
3.802412939071655273e+01,8.730000000000000000e+02
3.809735918045043945e+01,8.740000000000000000e+02
3.809948825836181641e+01,8.750000000000000000e+02
3.817252230644226074e+01,8.760000000000000000e+02
3.817464303970336914e+01,8.770000000000000000e+02
3.824783277511596680e+01,8.780000000000000000e+02
3.824999475479125977e+01,8.790000000000000000e+02
3.832314157485961914e+01,8.800000000000000000e+02
3.832528376579284668e+01,8.810000000000000000e+02
3.839835238456726074e+01,8.820000000000000000e+02
3.840050816535949707e+01,8.830000000000000000e+02
3.847364234924316406e+01,8.840000000000000000e+02
3.847577691078186035e+01,8.850000000000000000e+02
3.854896020889282227e+01,8.860000000000000000e+02
3.855104207992553711e+01,8.870000000000000000e+02
3.862418270111083984e+01,8.880000000000000000e+02
3.869738221168518066e+01,8.890000000000000000e+02
3.869956564903259277e+01,8.900000000000000000e+02
3.877277326583862305e+01,8.910000000000000000e+02
3.877493667602539062e+01,8.920000000000000000e+02
3.884822201728820801e+01,8.930000000000000000e+02
3.885036993026733398e+01,8.940000000000000000e+02
3.892379689216613770e+01,8.950000000000000000e+02
3.899862217903137207e+01,8.960000000000000000e+02
3.907960271835327148e+01,8.970000000000000000e+02
3.908266472816467285e+01,8.980000000000000000e+02
3.915613937377929688e+01,8.990000000000000000e+02
3.915840840339660645e+01,9.000000000000000000e+02
3.923173570632934570e+01,9.010000000000000000e+02
3.923406600952148438e+01,9.020000000000000000e+02
3.930724000930786133e+01,9.030000000000000000e+02
3.930948805809020996e+01,9.040000000000000000e+02
3.938263893127441406e+01,9.050000000000000000e+02
3.945589709281921387e+01,9.060000000000000000e+02
3.945808482170104980e+01,9.070000000000000000e+02
3.953188061714172363e+01,9.080000000000000000e+02
3.953482460975646973e+01,9.090000000000000000e+02
3.960811614990234375e+01,9.100000000000000000e+02
3.961046504974365234e+01,9.110000000000000000e+02
3.968382549285888672e+01,9.120000000000000000e+02
3.975709176063537598e+01,9.130000000000000000e+02
3.975924110412597656e+01,9.140000000000000000e+02
3.983247733116149902e+01,9.150000000000000000e+02
3.983464670181274414e+01,9.160000000000000000e+02
3.990776896476745605e+01,9.170000000000000000e+02
3.990993690490722656e+01,9.180000000000000000e+02
3.998314952850341797e+01,9.190000000000000000e+02
4.005637788772583008e+01,9.200000000000000000e+02
4.013168621063232422e+01,9.210000000000000000e+02
4.020670557022094727e+01,9.220000000000000000e+02
4.027954459190368652e+01,9.230000000000000000e+02
4.028169536590576172e+01,9.240000000000000000e+02
4.035488080978393555e+01,9.250000000000000000e+02
4.035709714889526367e+01,9.260000000000000000e+02
4.043076157569885254e+01,9.270000000000000000e+02
4.043340539932250977e+01,9.280000000000000000e+02
4.051004266738891602e+01,9.290000000000000000e+02
4.058502507209777832e+01,9.300000000000000000e+02
4.065997910499572754e+01,9.310000000000000000e+02
4.073492431640625000e+01,9.320000000000000000e+02
4.080767989158630371e+01,9.330000000000000000e+02
4.088095164299011230e+01,9.340000000000000000e+02
4.088317537307739258e+01,9.350000000000000000e+02
4.095626950263977051e+01,9.360000000000000000e+02
4.095849180221557617e+01,9.370000000000000000e+02
4.103197741508483887e+01,9.380000000000000000e+02
4.103468918800354004e+01,9.390000000000000000e+02
4.110782909393310547e+01,9.400000000000000000e+02
4.111003613471984863e+01,9.410000000000000000e+02
4.118316125869750977e+01,9.420000000000000000e+02
4.118538665771484375e+01,9.430000000000000000e+02
4.125856089591979980e+01,9.440000000000000000e+02
4.126077103614807129e+01,9.450000000000000000e+02
4.133391618728637695e+01,9.460000000000000000e+02
4.133607649803161621e+01,9.470000000000000000e+02
4.140922737121582031e+01,9.480000000000000000e+02
4.141141533851623535e+01,9.490000000000000000e+02
4.148455381393432617e+01,9.500000000000000000e+02
4.148671364784240723e+01,9.510000000000000000e+02
4.155984091758728027e+01,9.520000000000000000e+02
4.156205940246582031e+01,9.530000000000000000e+02
4.163519096374511719e+01,9.540000000000000000e+02
4.163741111755371094e+01,9.550000000000000000e+02
4.171052265167236328e+01,9.560000000000000000e+02
4.171277928352355957e+01,9.570000000000000000e+02
4.178592777252197266e+01,9.580000000000000000e+02
4.178810882568359375e+01,9.590000000000000000e+02
4.186135625839233398e+01,9.600000000000000000e+02
4.186374330520629883e+01,9.610000000000000000e+02
4.193697404861450195e+01,9.620000000000000000e+02
4.193915104866027832e+01,9.630000000000000000e+02
4.201244020462036133e+01,9.640000000000000000e+02
4.201466393470764160e+01,9.650000000000000000e+02
4.208785414695739746e+01,9.660000000000000000e+02
4.209006786346435547e+01,9.670000000000000000e+02
4.216377592086791992e+01,9.680000000000000000e+02
4.216636896133422852e+01,9.690000000000000000e+02
4.223950815200805664e+01,9.700000000000000000e+02
4.224165558815002441e+01,9.710000000000000000e+02
4.231478571891784668e+01,9.720000000000000000e+02
4.231696081161499023e+01,9.730000000000000000e+02
4.239012336730957031e+01,9.740000000000000000e+02
4.239228057861328125e+01,9.750000000000000000e+02
4.246546220779418945e+01,9.760000000000000000e+02
4.253864407539367676e+01,9.770000000000000000e+02
4.261392354965209961e+01,9.780000000000000000e+02
4.268670678138732910e+01,9.790000000000000000e+02
4.268888473510742188e+01,9.800000000000000000e+02
4.276201176643371582e+01,9.810000000000000000e+02
4.283530497550964355e+01,9.820000000000000000e+02
4.290854597091674805e+01,9.830000000000000000e+02
4.291067433357238770e+01,9.840000000000000000e+02
4.298382306098937988e+01,9.850000000000000000e+02
4.298593139648437500e+01,9.860000000000000000e+02
4.305910229682922363e+01,9.870000000000000000e+02
4.306141424179077148e+01,9.880000000000000000e+02
4.313452410697937012e+01,9.890000000000000000e+02
4.313670897483825684e+01,9.900000000000000000e+02
4.320988368988037109e+01,9.910000000000000000e+02
4.321205139160156250e+01,9.920000000000000000e+02
4.328519344329833984e+01,9.930000000000000000e+02
4.328735327720642090e+01,9.940000000000000000e+02
4.336043334007263184e+01,9.950000000000000000e+02
4.336261177062988281e+01,9.960000000000000000e+02
4.343570613861083984e+01,9.970000000000000000e+02
4.343783926963806152e+01,9.980000000000000000e+02
4.351104688644409180e+01,9.990000000000000000e+02
4.351326012611389160e+01,1.000000000000000000e+03
4.358640956878662109e+01,1.001000000000000000e+03
4.358865094184875488e+01,1.002000000000000000e+03
4.366180610656738281e+01,1.003000000000000000e+03
4.366399097442626953e+01,1.004000000000000000e+03
4.373714184761047363e+01,1.005000000000000000e+03
4.373937559127807617e+01,1.006000000000000000e+03
4.381245183944702148e+01,1.007000000000000000e+03
4.388566875457763672e+01,1.008000000000000000e+03
4.395892310142517090e+01,1.009000000000000000e+03
4.403217244148254395e+01,1.010000000000000000e+03
4.403499531745910645e+01,1.011000000000000000e+03
4.410821461677551270e+01,1.012000000000000000e+03
4.411044430732727051e+01,1.013000000000000000e+03
4.418356466293334961e+01,1.014000000000000000e+03
4.418584156036376953e+01,1.015000000000000000e+03
4.425901079177856445e+01,1.016000000000000000e+03
4.426126933097839355e+01,1.017000000000000000e+03
4.433433580398559570e+01,1.018000000000000000e+03
4.433657431602478027e+01,1.019000000000000000e+03
4.440973067283630371e+01,1.020000000000000000e+03
4.441198515892028809e+01,1.021000000000000000e+03
4.448515892028808594e+01,1.022000000000000000e+03
4.448737716674804688e+01,1.023000000000000000e+03
4.456054925918579102e+01,1.024000000000000000e+03
4.456278491020202637e+01,1.025000000000000000e+03
4.463608050346374512e+01,1.026000000000000000e+03
4.463831210136413574e+01,1.027000000000000000e+03
4.471147608757019043e+01,1.028000000000000000e+03
4.471373414993286133e+01,1.029000000000000000e+03
4.478683757781982422e+01,1.030000000000000000e+03
4.478909778594970703e+01,1.031000000000000000e+03
4.486234498023986816e+01,1.032000000000000000e+03
4.486463165283203125e+01,1.033000000000000000e+03
4.493780827522277832e+01,1.034000000000000000e+03
4.494002223014831543e+01,1.035000000000000000e+03
4.501335668563842773e+01,1.036000000000000000e+03
4.501563000679016113e+01,1.037000000000000000e+03
4.508880805969238281e+01,1.038000000000000000e+03
4.509107351303100586e+01,1.039000000000000000e+03
4.516485309600830078e+01,1.040000000000000000e+03
4.516737484931945801e+01,1.041000000000000000e+03
4.524046277999877930e+01,1.042000000000000000e+03
4.524271631240844727e+01,1.043000000000000000e+03
4.531586289405822754e+01,1.044000000000000000e+03
4.531814622879028320e+01,1.045000000000000000e+03
4.539123749732971191e+01,1.046000000000000000e+03
4.539353322982788086e+01,1.047000000000000000e+03
4.546674346923828125e+01,1.048000000000000000e+03
4.546897077560424805e+01,1.049000000000000000e+03
4.554285645484924316e+01,1.050000000000000000e+03
4.554537296295166016e+01,1.051000000000000000e+03
4.561851096153259277e+01,1.052000000000000000e+03
4.562069249153137207e+01,1.053000000000000000e+03
4.569378447532653809e+01,1.054000000000000000e+03
4.569597601890563965e+01,1.055000000000000000e+03
4.576912307739257812e+01,1.056000000000000000e+03
4.577132105827331543e+01,1.057000000000000000e+03
4.584444546699523926e+01,1.058000000000000000e+03
4.584658861160278320e+01,1.059000000000000000e+03
4.591973590850830078e+01,1.060000000000000000e+03
4.592184948921203613e+01,1.061000000000000000e+03
4.599496102333068848e+01,1.062000000000000000e+03
4.599738240242004395e+01,1.063000000000000000e+03
4.607082176208496094e+01,1.064000000000000000e+03
4.607325053215026855e+01,1.065000000000000000e+03
4.614662718772888184e+01,1.066000000000000000e+03
4.614880061149597168e+01,1.067000000000000000e+03
4.622214627265930176e+01,1.068000000000000000e+03
4.622445321083068848e+01,1.069000000000000000e+03
4.629785180091857910e+01,1.070000000000000000e+03
4.630016088485717773e+01,1.071000000000000000e+03
4.637346243858337402e+01,1.072000000000000000e+03
4.637577915191650391e+01,1.073000000000000000e+03
4.644912171363830566e+01,1.074000000000000000e+03
4.645131969451904297e+01,1.075000000000000000e+03
4.652896213531494141e+01,1.076000000000000000e+03
4.660502839088439941e+01,1.077000000000000000e+03
4.660872054100036621e+01,1.078000000000000000e+03
4.668423962593078613e+01,1.079000000000000000e+03
4.675718569755554199e+01,1.080000000000000000e+03
4.675947046279907227e+01,1.081000000000000000e+03
4.683499121665954590e+01,1.082000000000000000e+03
4.690796947479248047e+01,1.083000000000000000e+03
4.691031885147094727e+01,1.084000000000000000e+03
4.698343348503112793e+01,1.085000000000000000e+03
4.698557901382446289e+01,1.086000000000000000e+03
4.705871248245239258e+01,1.087000000000000000e+03
4.706091570854187012e+01,1.088000000000000000e+03
4.713404607772827148e+01,1.089000000000000000e+03
4.713625216484069824e+01,1.090000000000000000e+03
4.720943450927734375e+01,1.091000000000000000e+03
4.721167659759521484e+01,1.092000000000000000e+03
4.728482604026794434e+01,1.093000000000000000e+03
4.728702259063720703e+01,1.094000000000000000e+03
4.736024880409240723e+01,1.095000000000000000e+03
4.736243200302124023e+01,1.096000000000000000e+03
4.743570423126220703e+01,1.097000000000000000e+03
4.743793678283691406e+01,1.098000000000000000e+03
4.751152992248535156e+01,1.099000000000000000e+03
4.751384496688842773e+01,1.100000000000000000e+03
4.758698534965515137e+01,1.101000000000000000e+03
4.758923625946044922e+01,1.102000000000000000e+03
4.766233062744140625e+01,1.103000000000000000e+03
4.766453051567077637e+01,1.104000000000000000e+03
4.773975324630737305e+01,1.105000000000000000e+03
4.781256985664367676e+01,1.106000000000000000e+03
4.781478428840637207e+01,1.107000000000000000e+03
4.788790297508239746e+01,1.108000000000000000e+03
4.789014792442321777e+01,1.109000000000000000e+03
4.796333456039428711e+01,1.110000000000000000e+03
4.796556782722473145e+01,1.111000000000000000e+03
4.803913474082946777e+01,1.112000000000000000e+03
4.804191112518310547e+01,1.113000000000000000e+03
4.811505866050720215e+01,1.114000000000000000e+03
4.811727738380432129e+01,1.115000000000000000e+03
4.819043111801147461e+01,1.116000000000000000e+03
4.819266867637634277e+01,1.117000000000000000e+03
4.826577425003051758e+01,1.118000000000000000e+03
4.826790261268615723e+01,1.119000000000000000e+03
4.834099626541137695e+01,1.120000000000000000e+03
4.834315967559814453e+01,1.121000000000000000e+03
4.841627478599548340e+01,1.122000000000000000e+03
4.841846799850463867e+01,1.123000000000000000e+03
4.849375081062316895e+01,1.124000000000000000e+03
4.856689095497131348e+01,1.125000000000000000e+03
4.856911063194274902e+01,1.126000000000000000e+03
4.864225268363952637e+01,1.127000000000000000e+03
4.864432144165039062e+01,1.128000000000000000e+03
4.871744036674499512e+01,1.129000000000000000e+03
4.871961665153503418e+01,1.130000000000000000e+03
4.879274058341979980e+01,1.131000000000000000e+03
4.879492282867431641e+01,1.132000000000000000e+03
4.886799573898315430e+01,1.133000000000000000e+03
4.894461512565612793e+01,1.134000000000000000e+03
4.901856493949890137e+01,1.135000000000000000e+03
4.909177088737487793e+01,1.136000000000000000e+03
4.916501879692077637e+01,1.137000000000000000e+03
4.916725778579711914e+01,1.138000000000000000e+03
4.924039006233215332e+01,1.139000000000000000e+03
4.924258971214294434e+01,1.140000000000000000e+03
4.931574773788452148e+01,1.141000000000000000e+03
4.931799554824829102e+01,1.142000000000000000e+03
4.939115715026855469e+01,1.143000000000000000e+03
4.939339375495910645e+01,1.144000000000000000e+03
4.946865344047546387e+01,1.145000000000000000e+03
4.954143238067626953e+01,1.146000000000000000e+03
4.954366016387939453e+01,1.147000000000000000e+03
4.961682581901550293e+01,1.148000000000000000e+03
4.961906743049621582e+01,1.149000000000000000e+03
4.969225096702575684e+01,1.150000000000000000e+03
4.969445610046386719e+01,1.151000000000000000e+03
4.976755475997924805e+01,1.152000000000000000e+03
4.976980543136596680e+01,1.153000000000000000e+03
4.984291481971740723e+01,1.154000000000000000e+03
4.991615724563598633e+01,1.155000000000000000e+03
4.991839694976806641e+01,1.156000000000000000e+03
4.999149608612060547e+01,1.157000000000000000e+03
5.006467366218566895e+01,1.158000000000000000e+03
5.006690239906311035e+01,1.159000000000000000e+03
5.014034843444824219e+01,1.160000000000000000e+03
5.014320850372314453e+01,1.161000000000000000e+03
5.021644830703735352e+01,1.162000000000000000e+03
5.021866989135742188e+01,1.163000000000000000e+03
5.029182147979736328e+01,1.164000000000000000e+03
5.029405641555786133e+01,1.165000000000000000e+03
5.036725568771362305e+01,1.166000000000000000e+03
5.036950063705444336e+01,1.167000000000000000e+03
5.044267344474792480e+01,1.168000000000000000e+03
5.044489502906799316e+01,1.169000000000000000e+03
5.051817822456359863e+01,1.170000000000000000e+03
5.052073359489440918e+01,1.171000000000000000e+03
5.059426426887512207e+01,1.172000000000000000e+03
5.059655356407165527e+01,1.173000000000000000e+03
5.066993212699890137e+01,1.174000000000000000e+03
5.067215013504028320e+01,1.175000000000000000e+03
5.074543023109436035e+01,1.176000000000000000e+03
5.074762678146362305e+01,1.177000000000000000e+03
5.082100749015808105e+01,1.178000000000000000e+03
5.082325887680053711e+01,1.179000000000000000e+03
5.089663267135620117e+01,1.180000000000000000e+03
5.089919757843017578e+01,1.181000000000000000e+03
5.097251892089843750e+01,1.182000000000000000e+03
5.097498917579650879e+01,1.183000000000000000e+03
5.104829287528991699e+01,1.184000000000000000e+03
5.105070185661315918e+01,1.185000000000000000e+03
5.112414789199829102e+01,1.186000000000000000e+03
5.112640857696533203e+01,1.187000000000000000e+03
5.119972300529479980e+01,1.188000000000000000e+03
5.120201826095581055e+01,1.189000000000000000e+03
5.127525734901428223e+01,1.190000000000000000e+03
5.127772164344787598e+01,1.191000000000000000e+03
5.135098123550415039e+01,1.192000000000000000e+03
5.135353064537048340e+01,1.193000000000000000e+03
5.142685389518737793e+01,1.194000000000000000e+03
5.142916727066040039e+01,1.195000000000000000e+03
5.150330305099487305e+01,1.196000000000000000e+03
5.150753831863403320e+01,1.197000000000000000e+03
5.158090972900390625e+01,1.198000000000000000e+03
5.158319664001464844e+01,1.199000000000000000e+03
5.165653157234191895e+01,1.200000000000000000e+03
5.165883064270019531e+01,1.201000000000000000e+03
5.173215484619140625e+01,1.202000000000000000e+03
5.173437261581420898e+01,1.203000000000000000e+03
5.180993819236755371e+01,1.204000000000000000e+03
5.188327622413635254e+01,1.205000000000000000e+03
5.188556122779846191e+01,1.206000000000000000e+03
5.195883965492248535e+01,1.207000000000000000e+03
5.196111559867858887e+01,1.208000000000000000e+03
5.203540945053100586e+01,1.209000000000000000e+03
5.203805041313171387e+01,1.210000000000000000e+03
5.211147427558898926e+01,1.211000000000000000e+03
5.211377573013305664e+01,1.212000000000000000e+03
5.218714666366577148e+01,1.213000000000000000e+03
5.218941760063171387e+01,1.214000000000000000e+03
5.226257371902465820e+01,1.215000000000000000e+03
5.226491022109985352e+01,1.216000000000000000e+03
5.233825039863586426e+01,1.217000000000000000e+03
5.234053421020507812e+01,1.218000000000000000e+03
5.241394209861755371e+01,1.219000000000000000e+03
5.241622042655944824e+01,1.220000000000000000e+03
5.248939037322998047e+01,1.221000000000000000e+03
5.249179315567016602e+01,1.222000000000000000e+03
5.256516480445861816e+01,1.223000000000000000e+03
5.256740403175354004e+01,1.224000000000000000e+03
5.264095616340637207e+01,1.225000000000000000e+03
5.264370965957641602e+01,1.226000000000000000e+03
5.271702051162719727e+01,1.227000000000000000e+03
5.271932864189147949e+01,1.228000000000000000e+03
5.279262876510620117e+01,1.229000000000000000e+03
5.279499530792236328e+01,1.230000000000000000e+03
5.286825156211853027e+01,1.231000000000000000e+03
5.287054944038391113e+01,1.232000000000000000e+03
5.294374728202819824e+01,1.233000000000000000e+03
5.294613742828369141e+01,1.234000000000000000e+03
5.301951932907104492e+01,1.235000000000000000e+03
5.302187299728393555e+01,1.236000000000000000e+03
5.309733366966247559e+01,1.237000000000000000e+03
5.317246985435485840e+01,1.238000000000000000e+03
5.324547886848449707e+01,1.239000000000000000e+03
5.324770951271057129e+01,1.240000000000000000e+03
5.332101035118103027e+01,1.241000000000000000e+03
5.332329058647155762e+01,1.242000000000000000e+03
5.339674592018127441e+01,1.243000000000000000e+03
5.339899802207946777e+01,1.244000000000000000e+03
5.347233390808105469e+01,1.245000000000000000e+03
5.347458887100219727e+01,1.246000000000000000e+03
5.354791808128356934e+01,1.247000000000000000e+03
5.355020070075988770e+01,1.248000000000000000e+03
5.362355208396911621e+01,1.249000000000000000e+03
5.362580871582031250e+01,1.250000000000000000e+03
5.370138120651245117e+01,1.251000000000000000e+03
5.377469396591186523e+01,1.252000000000000000e+03
5.377701377868652344e+01,1.253000000000000000e+03
5.385037875175476074e+01,1.254000000000000000e+03
5.385290098190307617e+01,1.255000000000000000e+03
5.392655444145202637e+01,1.256000000000000000e+03
5.392961549758911133e+01,1.257000000000000000e+03
5.400984787940979004e+01,1.258000000000000000e+03
5.402094244956970215e+01,1.259000000000000000e+03
5.410033869743347168e+01,1.260000000000000000e+03
5.410338473320007324e+01,1.261000000000000000e+03
5.417885351181030273e+01,1.262000000000000000e+03
5.425411033630371094e+01,1.263000000000000000e+03
5.432920169830322266e+01,1.264000000000000000e+03
5.440428090095520020e+01,1.265000000000000000e+03
5.447739195823669434e+01,1.266000000000000000e+03
5.447959017753601074e+01,1.267000000000000000e+03
5.455303454399108887e+01,1.268000000000000000e+03
5.455529785156250000e+01,1.269000000000000000e+03
5.462873721122741699e+01,1.270000000000000000e+03
5.463100028038024902e+01,1.271000000000000000e+03
5.470643925666809082e+01,1.272000000000000000e+03
5.477940130233764648e+01,1.273000000000000000e+03
5.478153657913208008e+01,1.274000000000000000e+03
5.485485482215881348e+01,1.275000000000000000e+03
5.485732316970825195e+01,1.276000000000000000e+03
5.493269371986389160e+01,1.277000000000000000e+03
5.500928139686584473e+01,1.278000000000000000e+03
5.508427190780639648e+01,1.279000000000000000e+03
5.515961551666259766e+01,1.280000000000000000e+03
5.523475980758666992e+01,1.281000000000000000e+03
5.530766248703002930e+01,1.282000000000000000e+03
5.530989503860473633e+01,1.283000000000000000e+03
5.538322734832763672e+01,1.284000000000000000e+03
5.538544702529907227e+01,1.285000000000000000e+03
5.546092200279235840e+01,1.286000000000000000e+03
5.553400874137878418e+01,1.287000000000000000e+03
5.553645896911621094e+01,1.288000000000000000e+03
5.560975933074951172e+01,1.289000000000000000e+03
5.561211824417114258e+01,1.290000000000000000e+03
5.568554830551147461e+01,1.291000000000000000e+03
5.568777871131896973e+01,1.292000000000000000e+03
5.576117324829101562e+01,1.293000000000000000e+03
5.576345705986022949e+01,1.294000000000000000e+03
5.583680081367492676e+01,1.295000000000000000e+03
5.583902668952941895e+01,1.296000000000000000e+03
5.591241550445556641e+01,1.297000000000000000e+03
5.598596572875976562e+01,1.298000000000000000e+03
5.598829579353332520e+01,1.299000000000000000e+03
5.606177735328674316e+01,1.300000000000000000e+03
5.606399965286254883e+01,1.301000000000000000e+03
5.613830113410949707e+01,1.302000000000000000e+03
5.614126825332641602e+01,1.303000000000000000e+03
5.621444702148437500e+01,1.304000000000000000e+03
5.621661877632141113e+01,1.305000000000000000e+03
5.628974914550781250e+01,1.306000000000000000e+03
5.629192686080932617e+01,1.307000000000000000e+03
5.636514210700988770e+01,1.308000000000000000e+03
5.636732387542724609e+01,1.309000000000000000e+03
5.644046425819396973e+01,1.310000000000000000e+03
5.644262051582336426e+01,1.311000000000000000e+03
5.651602721214294434e+01,1.312000000000000000e+03
5.651841545104980469e+01,1.313000000000000000e+03
5.659162354469299316e+01,1.314000000000000000e+03
5.659393000602722168e+01,1.315000000000000000e+03
5.666712093353271484e+01,1.316000000000000000e+03
5.666948604583740234e+01,1.317000000000000000e+03
5.674265718460083008e+01,1.318000000000000000e+03
5.674487376213073730e+01,1.319000000000000000e+03
5.681799697875976562e+01,1.320000000000000000e+03
5.682016992568969727e+01,1.321000000000000000e+03
5.689329600334167480e+01,1.322000000000000000e+03
5.689545679092407227e+01,1.323000000000000000e+03
5.696869182586669922e+01,1.324000000000000000e+03
5.697090029716491699e+01,1.325000000000000000e+03
5.704628705978393555e+01,1.326000000000000000e+03
5.711938214302062988e+01,1.327000000000000000e+03
5.712158441543579102e+01,1.328000000000000000e+03
5.719472336769104004e+01,1.329000000000000000e+03
5.719705986976623535e+01,1.330000000000000000e+03
5.727024364471435547e+01,1.331000000000000000e+03
5.727244329452514648e+01,1.332000000000000000e+03
5.734563660621643066e+01,1.333000000000000000e+03
5.734783601760864258e+01,1.334000000000000000e+03
5.742102575302124023e+01,1.335000000000000000e+03
5.742326641082763672e+01,1.336000000000000000e+03
5.749642276763916016e+01,1.337000000000000000e+03
5.749886822700500488e+01,1.338000000000000000e+03
5.757220005989074707e+01,1.339000000000000000e+03
5.757460212707519531e+01,1.340000000000000000e+03
5.764797830581665039e+01,1.341000000000000000e+03
5.765025091171264648e+01,1.342000000000000000e+03
5.772360873222351074e+01,1.343000000000000000e+03
5.772595477104187012e+01,1.344000000000000000e+03
5.779929208755493164e+01,1.345000000000000000e+03
5.780171632766723633e+01,1.346000000000000000e+03
5.787511467933654785e+01,1.347000000000000000e+03
5.787756681442260742e+01,1.348000000000000000e+03
5.795097970962524414e+01,1.349000000000000000e+03
5.795334720611572266e+01,1.350000000000000000e+03
5.802767634391784668e+01,1.351000000000000000e+03
5.803047227859497070e+01,1.352000000000000000e+03
5.810380840301513672e+01,1.353000000000000000e+03
5.810607099533081055e+01,1.354000000000000000e+03
5.817942595481872559e+01,1.355000000000000000e+03
5.818175959587097168e+01,1.356000000000000000e+03
5.825505471229553223e+01,1.357000000000000000e+03
5.825743031501770020e+01,1.358000000000000000e+03
5.833068561553955078e+01,1.359000000000000000e+03
5.833298349380493164e+01,1.360000000000000000e+03
5.840684795379638672e+01,1.361000000000000000e+03
5.840951776504516602e+01,1.362000000000000000e+03
5.848291587829589844e+01,1.363000000000000000e+03
5.848538160324096680e+01,1.364000000000000000e+03
5.855882072448730469e+01,1.365000000000000000e+03
5.856112670898437500e+01,1.366000000000000000e+03
5.863454508781433105e+01,1.367000000000000000e+03
5.870797300338745117e+01,1.368000000000000000e+03
5.871025204658508301e+01,1.369000000000000000e+03
5.878361439704895020e+01,1.370000000000000000e+03
5.878582024574279785e+01,1.371000000000000000e+03
5.885932993888854980e+01,1.372000000000000000e+03
5.886200547218322754e+01,1.373000000000000000e+03
5.893734908103942871e+01,1.374000000000000000e+03
5.894061398506164551e+01,1.375000000000000000e+03
5.901437568664550781e+01,1.376000000000000000e+03
5.901701617240905762e+01,1.377000000000000000e+03
5.909024739265441895e+01,1.378000000000000000e+03
5.909236884117126465e+01,1.379000000000000000e+03
5.916587448120117188e+01,1.380000000000000000e+03
5.916848707199096680e+01,1.381000000000000000e+03
5.924172973632812500e+01,1.382000000000000000e+03
5.924464464187622070e+01,1.383000000000000000e+03
5.931779980659484863e+01,1.384000000000000000e+03
5.931987619400024414e+01,1.385000000000000000e+03
5.939512562751770020e+01,1.386000000000000000e+03
5.947000050544738770e+01,1.387000000000000000e+03
5.954278850555419922e+01,1.388000000000000000e+03
5.954498934745788574e+01,1.389000000000000000e+03
5.961814332008361816e+01,1.390000000000000000e+03
5.962029147148132324e+01,1.391000000000000000e+03
5.969345712661743164e+01,1.392000000000000000e+03
5.969564652442932129e+01,1.393000000000000000e+03
5.976883268356323242e+01,1.394000000000000000e+03
5.977100300788879395e+01,1.395000000000000000e+03
5.984499430656433105e+01,1.396000000000000000e+03
5.984712481498718262e+01,1.397000000000000000e+03
5.992076683044433594e+01,1.398000000000000000e+03
5.992333793640136719e+01,1.399000000000000000e+03
5.999674987792968750e+01,1.400000000000000000e+03
6.007003331184387207e+01,1.401000000000000000e+03
2.789974212646484375e-03,1.000000000000000000e+00
7.609510421752929688e-02,2.000000000000000000e+00
1.492967605590820312e-01,3.000000000000000000e+00
2.651317119598388672e-01,4.000000000000000000e+00
3.379561901092529297e-01,5.000000000000000000e+00
3.401947021484375000e-01,6.000000000000000000e+00
4.154827594757080078e-01,7.000000000000000000e+00
4.882950782775878906e-01,8.000000000000000000e+00
4.904935359954833984e-01,9.000000000000000000e+00
5.637333393096923828e-01,1.000000000000000000e+01
5.672926902770996094e-01,1.100000000000000000e+01
6.413621902465820312e-01,1.200000000000000000e+01
6.439223289489746094e-01,1.300000000000000000e+01
7.175602912902832031e-01,1.400000000000000000e+01
7.207393646240234375e-01,1.500000000000000000e+01
7.939791679382324219e-01,1.600000000000000000e+01
8.697869777679443359e-01,1.700000000000000000e+01
9.427709579467773438e-01,1.800000000000000000e+01
9.457828998565673828e-01,1.900000000000000000e+01
1.021272182464599609e+00,2.000000000000000000e+01
1.098580360412597656e+00,2.100000000000000000e+01
1.172293663024902344e+00,2.200000000000000000e+01
1.174922943115234375e+00,2.300000000000000000e+01
1.255438566207885742e+00,2.400000000000000000e+01
1.329183578491210938e+00,2.500000000000000000e+01
1.332026481628417969e+00,2.600000000000000000e+01
1.414821147918701172e+00,2.700000000000000000e+01
1.489512443542480469e+00,2.800000000000000000e+01
1.492455482482910156e+00,2.900000000000000000e+01
1.567880868911743164e+00,3.000000000000000000e+01
1.642121315002441406e+00,3.100000000000000000e+01
1.717118740081787109e+00,3.200000000000000000e+01
1.719959974288940430e+00,3.300000000000000000e+01
1.794118165969848633e+00,3.400000000000000000e+01
1.867998838424682617e+00,3.500000000000000000e+01
1.870651721954345703e+00,3.600000000000000000e+01
1.945664405822753906e+00,3.700000000000000000e+01
2.020990371704101562e+00,3.800000000000000000e+01
2.095921039581298828e+00,3.900000000000000000e+01
2.168746948242187500e+00,4.000000000000000000e+01
2.170898675918579102e+00,4.100000000000000000e+01
2.243994712829589844e+00,4.200000000000000000e+01
2.246155261993408203e+00,4.300000000000000000e+01
2.319287061691284180e+00,4.400000000000000000e+01
2.321511030197143555e+00,4.500000000000000000e+01
2.394643783569335938e+00,4.600000000000000000e+01
2.396809101104736328e+00,4.700000000000000000e+01
2.472011327743530273e+00,4.800000000000000000e+01
2.544778585433959961e+00,4.900000000000000000e+01
2.546925306320190430e+00,5.000000000000000000e+01
2.620133161544799805e+00,5.100000000000000000e+01
2.622489213943481445e+00,5.200000000000000000e+01
2.695821046829223633e+00,5.300000000000000000e+01
2.698057651519775391e+00,5.400000000000000000e+01
2.771415233612060547e+00,5.500000000000000000e+01
2.773708820343017578e+00,5.600000000000000000e+01
2.847635507583618164e+00,5.700000000000000000e+01
2.850500345230102539e+00,5.800000000000000000e+01
2.925208568572998047e+00,5.900000000000000000e+01
2.927784681320190430e+00,6.000000000000000000e+01
3.000922203063964844e+00,6.100000000000000000e+01
3.003323554992675781e+00,6.200000000000000000e+01
3.077025890350341797e+00,6.300000000000000000e+01
3.079509019851684570e+00,6.400000000000000000e+01
3.154714107513427734e+00,6.500000000000000000e+01
3.227515697479248047e+00,6.600000000000000000e+01
3.229671478271484375e+00,6.700000000000000000e+01
3.302892684936523438e+00,6.800000000000000000e+01
3.305159330368041992e+00,6.900000000000000000e+01
3.378443002700805664e+00,7.000000000000000000e+01
3.380762100219726562e+00,7.100000000000000000e+01
3.454288244247436523e+00,7.200000000000000000e+01
3.457101583480834961e+00,7.300000000000000000e+01
3.530348539352416992e+00,7.400000000000000000e+01
3.532610654830932617e+00,7.500000000000000000e+01
3.605724573135375977e+00,7.600000000000000000e+01
3.607949018478393555e+00,7.700000000000000000e+01
3.681078195571899414e+00,7.800000000000000000e+01
3.683317899703979492e+00,7.900000000000000000e+01
3.756476640701293945e+00,8.000000000000000000e+01
3.758706092834472656e+00,8.100000000000000000e+01
3.831802368164062500e+00,8.200000000000000000e+01
3.834028959274291992e+00,8.300000000000000000e+01
3.907192707061767578e+00,8.400000000000000000e+01
3.909492254257202148e+00,8.500000000000000000e+01
3.984938621520996094e+00,8.600000000000000000e+01
4.058781147003173828e+00,8.700000000000000000e+01
4.061681032180786133e+00,8.800000000000000000e+01
4.134824275970458984e+00,8.900000000000000000e+01
4.137071371078491211e+00,9.000000000000000000e+01
4.210232257843017578e+00,9.100000000000000000e+01
4.212459325790405273e+00,9.200000000000000000e+01
4.285623073577880859e+00,9.300000000000000000e+01
4.287949562072753906e+00,9.400000000000000000e+01
4.361135482788085938e+00,9.500000000000000000e+01
4.363367557525634766e+00,9.600000000000000000e+01
4.436768531799316406e+00,9.700000000000000000e+01
4.439118862152099609e+00,9.800000000000000000e+01
4.512334108352661133e+00,9.900000000000000000e+01
4.514869689941406250e+00,1.000000000000000000e+02
4.588413000106811523e+00,1.010000000000000000e+02
4.591083526611328125e+00,1.020000000000000000e+02
4.664302825927734375e+00,1.030000000000000000e+02
4.666825056076049805e+00,1.040000000000000000e+02
4.740361452102661133e+00,1.050000000000000000e+02
4.742873668670654297e+00,1.060000000000000000e+02
4.816304206848144531e+00,1.070000000000000000e+02
4.818711996078491211e+00,1.080000000000000000e+02
4.892187356948852539e+00,1.090000000000000000e+02
4.894661426544189453e+00,1.100000000000000000e+02
4.968383312225341797e+00,1.110000000000000000e+02
4.970883369445800781e+00,1.120000000000000000e+02
5.044400453567504883e+00,1.130000000000000000e+02
5.046797990798950195e+00,1.140000000000000000e+02
5.122480869293212891e+00,1.150000000000000000e+02
5.197743892669677734e+00,1.160000000000000000e+02
5.270578622817993164e+00,1.170000000000000000e+02
5.272789001464843750e+00,1.180000000000000000e+02
5.346798419952392578e+00,1.190000000000000000e+02
5.351809501647949219e+00,1.200000000000000000e+02
5.439098358154296875e+00,1.210000000000000000e+02
5.513418674468994141e+00,1.220000000000000000e+02
5.516349792480468750e+00,1.230000000000000000e+02
5.594467163085937500e+00,1.240000000000000000e+02
5.674303054809570312e+00,1.250000000000000000e+02
5.752665758132934570e+00,1.260000000000000000e+02
5.765054225921630859e+00,1.270000000000000000e+02
5.849452018737792969e+00,1.280000000000000000e+02
5.855586528778076172e+00,1.290000000000000000e+02
5.958097696304321289e+00,1.300000000000000000e+02
5.975547552108764648e+00,1.310000000000000000e+02
5.979397058486938477e+00,1.320000000000000000e+02
6.055098772048950195e+00,1.330000000000000000e+02
6.059917449951171875e+00,1.340000000000000000e+02
6.138716459274291992e+00,1.350000000000000000e+02
6.217240333557128906e+00,1.360000000000000000e+02
6.292038440704345703e+00,1.370000000000000000e+02
6.366694927215576172e+00,1.380000000000000000e+02
6.442606687545776367e+00,1.390000000000000000e+02
6.518805742263793945e+00,1.400000000000000000e+02
6.603431701660156250e+00,1.410000000000000000e+02
6.678042650222778320e+00,1.420000000000000000e+02
6.681313037872314453e+00,1.430000000000000000e+02
6.758534669876098633e+00,1.440000000000000000e+02
6.854464292526245117e+00,1.450000000000000000e+02
6.931919336318969727e+00,1.460000000000000000e+02
6.947563171386718750e+00,1.470000000000000000e+02
7.032045602798461914e+00,1.480000000000000000e+02
7.040425777435302734e+00,1.490000000000000000e+02
7.117854118347167969e+00,1.500000000000000000e+02
7.122053146362304688e+00,1.510000000000000000e+02
7.199568033218383789e+00,1.520000000000000000e+02
7.272866964340209961e+00,1.530000000000000000e+02
7.350453138351440430e+00,1.540000000000000000e+02
7.424687623977661133e+00,1.550000000000000000e+02
7.501634836196899414e+00,1.560000000000000000e+02
7.515199422836303711e+00,1.570000000000000000e+02
7.591902494430541992e+00,1.580000000000000000e+02
7.667508840560913086e+00,1.590000000000000000e+02
7.740897893905639648e+00,1.600000000000000000e+02
7.743459701538085938e+00,1.610000000000000000e+02
7.829941034317016602e+00,1.620000000000000000e+02
7.922339677810668945e+00,1.630000000000000000e+02
7.948483943939208984e+00,1.640000000000000000e+02
8.051291227340698242e+00,1.650000000000000000e+02
8.065815448760986328e+00,1.660000000000000000e+02
8.141455411911010742e+00,1.670000000000000000e+02
8.146100759506225586e+00,1.680000000000000000e+02
8.220364093780517578e+00,1.690000000000000000e+02
8.293731451034545898e+00,1.700000000000000000e+02
8.296081542968750000e+00,1.710000000000000000e+02
8.369444608688354492e+00,1.720000000000000000e+02
8.371703863143920898e+00,1.730000000000000000e+02
8.445453166961669922e+00,1.740000000000000000e+02
8.448239803314208984e+00,1.750000000000000000e+02
8.521649599075317383e+00,1.760000000000000000e+02
8.594993591308593750e+00,1.770000000000000000e+02
8.597299575805664062e+00,1.780000000000000000e+02
8.670691967010498047e+00,1.790000000000000000e+02
8.673035621643066406e+00,1.800000000000000000e+02
8.746363401412963867e+00,1.810000000000000000e+02
8.748676538467407227e+00,1.820000000000000000e+02
8.822154998779296875e+00,1.830000000000000000e+02
8.824696063995361328e+00,1.840000000000000000e+02
8.897895336151123047e+00,1.850000000000000000e+02
8.900066614151000977e+00,1.860000000000000000e+02
8.973295688629150391e+00,1.870000000000000000e+02
8.975526571273803711e+00,1.880000000000000000e+02
9.048702716827392578e+00,1.890000000000000000e+02
9.050883054733276367e+00,1.900000000000000000e+02
9.124118089675903320e+00,1.910000000000000000e+02
9.126281738281250000e+00,1.920000000000000000e+02
9.199351787567138672e+00,1.930000000000000000e+02
9.201510429382324219e+00,1.940000000000000000e+02
9.274628639221191406e+00,1.950000000000000000e+02
9.347886085510253906e+00,1.960000000000000000e+02
9.421528339385986328e+00,1.970000000000000000e+02
9.497297286987304688e+00,1.980000000000000000e+02
9.572243452072143555e+00,1.990000000000000000e+02
9.645036220550537109e+00,2.000000000000000000e+02
9.647145509719848633e+00,2.010000000000000000e+02
9.720279216766357422e+00,2.020000000000000000e+02
9.722356796264648438e+00,2.030000000000000000e+02
9.795454502105712891e+00,2.040000000000000000e+02
9.797580957412719727e+00,2.050000000000000000e+02
9.870673894882202148e+00,2.060000000000000000e+02
9.872842550277709961e+00,2.070000000000000000e+02
9.946067333221435547e+00,2.080000000000000000e+02
9.948934793472290039e+00,2.090000000000000000e+02
1.002205753326416016e+01,2.100000000000000000e+02
1.002420926094055176e+01,2.110000000000000000e+02
1.009943079948425293e+01,2.120000000000000000e+02
1.017434954643249512e+01,2.130000000000000000e+02
1.024709033966064453e+01,2.140000000000000000e+02
1.024914455413818359e+01,2.150000000000000000e+02
1.032247638702392578e+01,2.160000000000000000e+02
1.032545280456542969e+01,2.170000000000000000e+02
1.039865016937255859e+01,2.180000000000000000e+02
1.040080618858337402e+01,2.190000000000000000e+02
1.047393751144409180e+01,2.200000000000000000e+02
1.047613406181335449e+01,2.210000000000000000e+02
1.054921603202819824e+01,2.220000000000000000e+02
1.055136895179748535e+01,2.230000000000000000e+02
1.062449717521667480e+01,2.240000000000000000e+02
1.069771337509155273e+01,2.250000000000000000e+02
1.077095007896423340e+01,2.260000000000000000e+02
1.084417176246643066e+01,2.270000000000000000e+02
1.092019414901733398e+01,2.280000000000000000e+02
1.099302220344543457e+01,2.290000000000000000e+02
1.099508070945739746e+01,2.300000000000000000e+02
1.106822133064270020e+01,2.310000000000000000e+02
1.107036232948303223e+01,2.320000000000000000e+02
1.114361810684204102e+01,2.330000000000000000e+02
1.114603710174560547e+01,2.340000000000000000e+02
1.121945190429687500e+01,2.350000000000000000e+02
1.122181987762451172e+01,2.360000000000000000e+02
1.129504752159118652e+01,2.370000000000000000e+02
1.129725217819213867e+01,2.380000000000000000e+02
1.137034988403320312e+01,2.390000000000000000e+02
1.144363355636596680e+01,2.400000000000000000e+02
1.151688098907470703e+01,2.410000000000000000e+02
1.151909565925598145e+01,2.420000000000000000e+02
1.159227228164672852e+01,2.430000000000000000e+02
1.159447312355041504e+01,2.440000000000000000e+02
1.166764879226684570e+01,2.450000000000000000e+02
1.166984438896179199e+01,2.460000000000000000e+02
1.174298191070556641e+01,2.470000000000000000e+02
1.174516510963439941e+01,2.480000000000000000e+02
1.181836986541748047e+01,2.490000000000000000e+02
1.182054042816162109e+01,2.500000000000000000e+02
1.189376544952392578e+01,2.510000000000000000e+02
1.189600992202758789e+01,2.520000000000000000e+02
1.196919012069702148e+01,2.530000000000000000e+02
1.204243230819702148e+01,2.540000000000000000e+02
1.211771702766418457e+01,2.550000000000000000e+02
1.219050550460815430e+01,2.560000000000000000e+02
1.219276046752929688e+01,2.570000000000000000e+02
1.226801657676696777e+01,2.580000000000000000e+02
1.234289908409118652e+01,2.590000000000000000e+02
1.241569113731384277e+01,2.600000000000000000e+02
1.241796731948852539e+01,2.610000000000000000e+02
1.249117064476013184e+01,2.620000000000000000e+02
1.249341273307800293e+01,2.630000000000000000e+02
1.256651020050048828e+01,2.640000000000000000e+02
1.256873321533203125e+01,2.650000000000000000e+02
1.264183568954467773e+01,2.660000000000000000e+02
1.264405918121337891e+01,2.670000000000000000e+02
1.271717619895935059e+01,2.680000000000000000e+02
1.271934509277343750e+01,2.690000000000000000e+02
1.279247069358825684e+01,2.700000000000000000e+02
1.279457163810729980e+01,2.710000000000000000e+02
1.286768102645874023e+01,2.720000000000000000e+02
1.286985230445861816e+01,2.730000000000000000e+02
1.294340109825134277e+01,2.740000000000000000e+02
1.301666378974914551e+01,2.750000000000000000e+02
1.301884269714355469e+01,2.760000000000000000e+02
1.309195971488952637e+01,2.770000000000000000e+02
1.309410929679870605e+01,2.780000000000000000e+02
1.316716241836547852e+01,2.790000000000000000e+02
1.316932582855224609e+01,2.800000000000000000e+02
1.324238061904907227e+01,2.810000000000000000e+02
1.324459648132324219e+01,2.820000000000000000e+02
1.331772899627685547e+01,2.830000000000000000e+02
1.331983685493469238e+01,2.840000000000000000e+02
1.339304709434509277e+01,2.850000000000000000e+02
1.339522337913513184e+01,2.860000000000000000e+02
1.346838474273681641e+01,2.870000000000000000e+02
1.347067570686340332e+01,2.880000000000000000e+02
1.354380917549133301e+01,2.890000000000000000e+02
1.354592418670654297e+01,2.900000000000000000e+02
1.361901211738586426e+01,2.910000000000000000e+02
1.369224452972412109e+01,2.920000000000000000e+02
1.376543331146240234e+01,2.930000000000000000e+02
1.383856415748596191e+01,2.940000000000000000e+02
1.384078788757324219e+01,2.950000000000000000e+02
1.391386866569519043e+01,2.960000000000000000e+02
1.391632509231567383e+01,2.970000000000000000e+02
1.399162983894348145e+01,2.980000000000000000e+02
1.406445670127868652e+01,2.990000000000000000e+02
1.413764667510986328e+01,3.000000000000000000e+02
1.413976716995239258e+01,3.010000000000000000e+02
1.421294736862182617e+01,3.020000000000000000e+02
1.421505284309387207e+01,3.030000000000000000e+02
1.428829240798950195e+01,3.040000000000000000e+02
1.436147570610046387e+01,3.050000000000000000e+02
1.436358332633972168e+01,3.060000000000000000e+02
1.443706417083740234e+01,3.070000000000000000e+02
1.443920636177062988e+01,3.080000000000000000e+02
1.451240062713623047e+01,3.090000000000000000e+02
1.451450753211975098e+01,3.100000000000000000e+02
1.458759951591491699e+01,3.110000000000000000e+02
1.466078376770019531e+01,3.120000000000000000e+02
1.473398399353027344e+01,3.130000000000000000e+02
1.480927133560180664e+01,3.140000000000000000e+02
1.488243341445922852e+01,3.150000000000000000e+02
1.488456010818481445e+01,3.160000000000000000e+02
1.495784926414489746e+01,3.170000000000000000e+02
1.496035408973693848e+01,3.180000000000000000e+02
1.503348517417907715e+01,3.190000000000000000e+02
1.503583812713623047e+01,3.200000000000000000e+02
1.510913896560668945e+01,3.210000000000000000e+02
1.511147713661193848e+01,3.220000000000000000e+02
1.518484020233154297e+01,3.230000000000000000e+02
1.518705487251281738e+01,3.240000000000000000e+02
1.526033258438110352e+01,3.250000000000000000e+02
1.526262640953063965e+01,3.260000000000000000e+02
1.533582472801208496e+01,3.270000000000000000e+02
1.533831048011779785e+01,3.280000000000000000e+02
1.541164970397949219e+01,3.290000000000000000e+02
1.541395401954650879e+01,3.300000000000000000e+02
1.549002909660339355e+01,3.310000000000000000e+02
1.549943947792053223e+01,3.320000000000000000e+02
1.557361555099487305e+01,3.330000000000000000e+02
1.557683825492858887e+01,3.340000000000000000e+02
1.565016102790832520e+01,3.350000000000000000e+02
1.565245056152343750e+01,3.360000000000000000e+02
1.572577357292175293e+01,3.370000000000000000e+02
1.572808885574340820e+01,3.380000000000000000e+02
1.580146002769470215e+01,3.390000000000000000e+02
1.580378818511962891e+01,3.400000000000000000e+02
1.587705445289611816e+01,3.410000000000000000e+02
1.587938380241394043e+01,3.420000000000000000e+02
1.595375967025756836e+01,3.430000000000000000e+02
1.595643901824951172e+01,3.440000000000000000e+02
1.602977681159973145e+01,3.450000000000000000e+02
1.603210711479187012e+01,3.460000000000000000e+02
1.610544013977050781e+01,3.470000000000000000e+02
1.610776782035827637e+01,3.480000000000000000e+02
1.618370723724365234e+01,3.490000000000000000e+02
1.618639492988586426e+01,3.500000000000000000e+02
1.625968551635742188e+01,3.510000000000000000e+02
1.626199126243591309e+01,3.520000000000000000e+02
1.633539128303527832e+01,3.530000000000000000e+02
1.633771061897277832e+01,3.540000000000000000e+02
1.641112446784973145e+01,3.550000000000000000e+02
1.641343927383422852e+01,3.560000000000000000e+02
1.648883032798767090e+01,3.570000000000000000e+02
1.656234383583068848e+01,3.580000000000000000e+02
1.656480979919433594e+01,3.590000000000000000e+02
1.663826036453247070e+01,3.600000000000000000e+02
1.664046096801757812e+01,3.610000000000000000e+02
1.671381402015686035e+01,3.620000000000000000e+02
1.671617579460144043e+01,3.630000000000000000e+02
1.678963780403137207e+01,3.640000000000000000e+02
1.679202485084533691e+01,3.650000000000000000e+02
1.686525917053222656e+01,3.660000000000000000e+02
1.686759901046752930e+01,3.670000000000000000e+02
1.694185256958007812e+01,3.680000000000000000e+02
1.694474482536315918e+01,3.690000000000000000e+02
1.702041363716125488e+01,3.700000000000000000e+02
1.709350299835205078e+01,3.710000000000000000e+02
1.709582924842834473e+01,3.720000000000000000e+02
1.716901588439941406e+01,3.730000000000000000e+02
1.717154502868652344e+01,3.740000000000000000e+02
1.724695348739624023e+01,3.750000000000000000e+02
1.732207679748535156e+01,3.760000000000000000e+02
1.739511251449584961e+01,3.770000000000000000e+02
1.739755344390869141e+01,3.780000000000000000e+02
1.747399783134460449e+01,3.790000000000000000e+02
1.754694938659667969e+01,3.800000000000000000e+02
1.754919886589050293e+01,3.810000000000000000e+02
1.762458872795104980e+01,3.820000000000000000e+02
1.769750380516052246e+01,3.830000000000000000e+02
1.769981145858764648e+01,3.840000000000000000e+02
1.777325105667114258e+01,3.850000000000000000e+02
1.777561998367309570e+01,3.860000000000000000e+02
1.784941864013671875e+01,3.870000000000000000e+02
1.785209846496582031e+01,3.880000000000000000e+02
1.792606782913208008e+01,3.890000000000000000e+02
1.792880606651306152e+01,3.900000000000000000e+02
1.800196027755737305e+01,3.910000000000000000e+02
1.800416922569274902e+01,3.920000000000000000e+02
1.807798242568969727e+01,3.930000000000000000e+02
1.808064842224121094e+01,3.940000000000000000e+02
1.815583395957946777e+01,3.950000000000000000e+02
1.822868561744689941e+01,3.960000000000000000e+02
1.823083138465881348e+01,3.970000000000000000e+02
1.830603861808776855e+01,3.980000000000000000e+02
1.837882947921752930e+01,3.990000000000000000e+02
1.838102936744689941e+01,4.000000000000000000e+02
1.845459794998168945e+01,4.010000000000000000e+02
1.845739555358886719e+01,4.020000000000000000e+02
1.853262186050415039e+01,4.030000000000000000e+02
1.860541558265686035e+01,4.040000000000000000e+02
1.860752320289611816e+01,4.050000000000000000e+02
1.868063139915466309e+01,4.060000000000000000e+02
1.868283462524414062e+01,4.070000000000000000e+02
1.875596976280212402e+01,4.080000000000000000e+02
1.875814628601074219e+01,4.090000000000000000e+02
1.883131432533264160e+01,4.100000000000000000e+02
1.883343219757080078e+01,4.110000000000000000e+02
1.890662193298339844e+01,4.120000000000000000e+02
1.890885615348815918e+01,4.130000000000000000e+02
1.898204612731933594e+01,4.140000000000000000e+02
1.898435688018798828e+01,4.150000000000000000e+02
1.905793190002441406e+01,4.160000000000000000e+02
1.906070613861083984e+01,4.170000000000000000e+02
1.913384199142456055e+01,4.180000000000000000e+02
1.913609147071838379e+01,4.190000000000000000e+02
1.920921587944030762e+01,4.200000000000000000e+02
1.921137332916259766e+01,4.210000000000000000e+02
1.928447270393371582e+01,4.220000000000000000e+02
1.928661131858825684e+01,4.230000000000000000e+02
1.935977363586425781e+01,4.240000000000000000e+02
1.936197137832641602e+01,4.250000000000000000e+02
1.943517637252807617e+01,4.260000000000000000e+02
1.943739295005798340e+01,4.270000000000000000e+02
1.951058912277221680e+01,4.280000000000000000e+02
1.951274061203002930e+01,4.290000000000000000e+02
1.958594679832458496e+01,4.300000000000000000e+02
1.958820867538452148e+01,4.310000000000000000e+02
1.966130661964416504e+01,4.320000000000000000e+02
1.966346979141235352e+01,4.330000000000000000e+02
1.973661541938781738e+01,4.340000000000000000e+02
1.973876285552978516e+01,4.350000000000000000e+02
1.981196451187133789e+01,4.360000000000000000e+02
1.981412148475646973e+01,4.370000000000000000e+02
1.988733744621276855e+01,4.380000000000000000e+02
1.988948655128479004e+01,4.390000000000000000e+02
1.996261143684387207e+01,4.400000000000000000e+02
1.996490025520324707e+01,4.410000000000000000e+02
2.003804826736450195e+01,4.420000000000000000e+02
2.004027056694030762e+01,4.430000000000000000e+02
2.011343574523925781e+01,4.440000000000000000e+02
2.011559104919433594e+01,4.450000000000000000e+02
2.018870973587036133e+01,4.460000000000000000e+02
2.019093155860900879e+01,4.470000000000000000e+02
2.026404690742492676e+01,4.480000000000000000e+02
2.026625585556030273e+01,4.490000000000000000e+02
2.033937716484069824e+01,4.500000000000000000e+02
2.041259813308715820e+01,4.510000000000000000e+02
2.048805642127990723e+01,4.520000000000000000e+02
2.056083750724792480e+01,4.530000000000000000e+02
2.063405013084411621e+01,4.540000000000000000e+02
2.070722818374633789e+01,4.550000000000000000e+02
2.070945501327514648e+01,4.560000000000000000e+02
2.078262996673583984e+01,4.570000000000000000e+02
2.078482937812805176e+01,4.580000000000000000e+02
2.085808062553405762e+01,4.590000000000000000e+02
2.086082983016967773e+01,4.600000000000000000e+02
2.093486237525939941e+01,4.610000000000000000e+02
2.093757081031799316e+01,4.620000000000000000e+02
2.101073718070983887e+01,4.630000000000000000e+02
2.101293730735778809e+01,4.640000000000000000e+02
2.108623981475830078e+01,4.650000000000000000e+02
2.108875203132629395e+01,4.660000000000000000e+02
2.116391062736511230e+01,4.670000000000000000e+02
2.123667669296264648e+01,4.680000000000000000e+02
2.123881602287292480e+01,4.690000000000000000e+02
2.131197786331176758e+01,4.700000000000000000e+02
2.131413078308105469e+01,4.710000000000000000e+02
2.138729643821716309e+01,4.720000000000000000e+02
2.138958859443664551e+01,4.730000000000000000e+02
2.146272921562194824e+01,4.740000000000000000e+02
2.146495008468627930e+01,4.750000000000000000e+02
2.153806114196777344e+01,4.760000000000000000e+02
2.154027700424194336e+01,4.770000000000000000e+02
2.161344957351684570e+01,4.780000000000000000e+02
2.161554026603698730e+01,4.790000000000000000e+02
2.168869566917419434e+01,4.800000000000000000e+02
2.169089508056640625e+01,4.810000000000000000e+02
2.176409959793090820e+01,4.820000000000000000e+02
2.176620745658874512e+01,4.830000000000000000e+02
2.183940815925598145e+01,4.840000000000000000e+02
2.184157109260559082e+01,4.850000000000000000e+02
2.191478466987609863e+01,4.860000000000000000e+02
2.191726827621459961e+01,4.870000000000000000e+02
2.199051475524902344e+01,4.880000000000000000e+02
2.199278450012207031e+01,4.890000000000000000e+02
2.206599998474121094e+01,4.900000000000000000e+02
2.206829524040222168e+01,4.910000000000000000e+02
2.214151859283447266e+01,4.920000000000000000e+02
2.214412903785705566e+01,4.930000000000000000e+02
2.221782255172729492e+01,4.940000000000000000e+02
2.222040367126464844e+01,4.950000000000000000e+02
2.229386806488037109e+01,4.960000000000000000e+02
2.229620575904846191e+01,4.970000000000000000e+02
2.236960411071777344e+01,4.980000000000000000e+02
2.237193393707275391e+01,4.990000000000000000e+02
2.244583630561828613e+01,5.000000000000000000e+02
2.244884133338928223e+01,5.010000000000000000e+02
2.252228617668151855e+01,5.020000000000000000e+02
2.259556651115417480e+01,5.030000000000000000e+02
2.259772682189941406e+01,5.040000000000000000e+02
2.267082428932189941e+01,5.050000000000000000e+02
2.267296862602233887e+01,5.060000000000000000e+02
2.274621748924255371e+01,5.070000000000000000e+02
2.274836659431457520e+01,5.080000000000000000e+02
2.282155323028564453e+01,5.090000000000000000e+02
2.289470887184143066e+01,5.100000000000000000e+02
2.297030162811279297e+01,5.110000000000000000e+02
2.304314994812011719e+01,5.120000000000000000e+02
2.311641836166381836e+01,5.130000000000000000e+02
2.311861109733581543e+01,5.140000000000000000e+02
2.319177937507629395e+01,5.150000000000000000e+02
2.319409751892089844e+01,5.160000000000000000e+02
2.326725006103515625e+01,5.170000000000000000e+02
2.326949453353881836e+01,5.180000000000000000e+02
2.334471607208251953e+01,5.190000000000000000e+02
2.341988539695739746e+01,5.200000000000000000e+02
2.349602413177490234e+01,5.210000000000000000e+02
2.349894571304321289e+01,5.220000000000000000e+02
2.357239842414855957e+01,5.230000000000000000e+02
2.357465410232543945e+01,5.240000000000000000e+02
2.364808082580566406e+01,5.250000000000000000e+02
2.365030074119567871e+01,5.260000000000000000e+02
2.372576785087585449e+01,5.270000000000000000e+02
2.380096197128295898e+01,5.280000000000000000e+02
2.387647056579589844e+01,5.290000000000000000e+02
2.394956016540527344e+01,5.300000000000000000e+02
2.395273208618164062e+01,5.310000000000000000e+02
2.402815413475036621e+01,5.320000000000000000e+02
2.410327100753784180e+01,5.330000000000000000e+02
2.417615795135498047e+01,5.340000000000000000e+02
2.417842650413513184e+01,5.350000000000000000e+02
2.425165700912475586e+01,5.360000000000000000e+02
2.425395703315734863e+01,5.370000000000000000e+02
2.432707810401916504e+01,5.380000000000000000e+02
2.432936239242553711e+01,5.390000000000000000e+02
2.440256381034851074e+01,5.400000000000000000e+02
2.440485548973083496e+01,5.410000000000000000e+02
2.447799706459045410e+01,5.420000000000000000e+02
2.448027706146240234e+01,5.430000000000000000e+02
2.455344247817993164e+01,5.440000000000000000e+02
2.462662458419799805e+01,5.450000000000000000e+02
2.462879896163940430e+01,5.460000000000000000e+02
2.470195102691650391e+01,5.470000000000000000e+02
2.470411562919616699e+01,5.480000000000000000e+02
2.477727413177490234e+01,5.490000000000000000e+02
2.477945995330810547e+01,5.500000000000000000e+02
2.485263633728027344e+01,5.510000000000000000e+02
2.485482382774353027e+01,5.520000000000000000e+02
2.492868733406066895e+01,5.530000000000000000e+02
2.493149638175964355e+01,5.540000000000000000e+02
2.500471997261047363e+01,5.550000000000000000e+02
2.500689220428466797e+01,5.560000000000000000e+02
2.508043885231018066e+01,5.570000000000000000e+02
2.508312296867370605e+01,5.580000000000000000e+02
2.515630698204040527e+01,5.590000000000000000e+02
2.515856742858886719e+01,5.600000000000000000e+02
2.523180556297302246e+01,5.610000000000000000e+02
2.530507063865661621e+01,5.620000000000000000e+02
2.530726027488708496e+01,5.630000000000000000e+02
2.538042283058166504e+01,5.640000000000000000e+02
2.538255310058593750e+01,5.650000000000000000e+02
2.545606040954589844e+01,5.660000000000000000e+02
2.545872688293457031e+01,5.670000000000000000e+02
2.553192806243896484e+01,5.680000000000000000e+02
2.553411102294921875e+01,5.690000000000000000e+02
2.560737371444702148e+01,5.700000000000000000e+02
2.560959029197692871e+01,5.710000000000000000e+02
2.568272995948791504e+01,5.720000000000000000e+02
2.568487954139709473e+01,5.730000000000000000e+02
2.575803804397583008e+01,5.740000000000000000e+02
2.583127808570861816e+01,5.750000000000000000e+02
2.590663146972656250e+01,5.760000000000000000e+02
2.597943282127380371e+01,5.770000000000000000e+02
2.598160529136657715e+01,5.780000000000000000e+02
2.605726456642150879e+01,5.790000000000000000e+02
2.613011670112609863e+01,5.800000000000000000e+02
2.613238835334777832e+01,5.810000000000000000e+02
2.620554089546203613e+01,5.820000000000000000e+02
2.620772409439086914e+01,5.830000000000000000e+02
2.628084206581115723e+01,5.840000000000000000e+02
2.628305435180664062e+01,5.850000000000000000e+02
2.635825490951538086e+01,5.860000000000000000e+02
2.643167090415954590e+01,5.870000000000000000e+02
2.643416738510131836e+01,5.880000000000000000e+02
2.650946712493896484e+01,5.890000000000000000e+02
2.658228611946105957e+01,5.900000000000000000e+02
2.658451986312866211e+01,5.910000000000000000e+02
2.665766930580139160e+01,5.920000000000000000e+02
2.665983676910400391e+01,5.930000000000000000e+02
2.673294925689697266e+01,5.940000000000000000e+02
2.673541045188903809e+01,5.950000000000000000e+02
2.680857205390930176e+01,5.960000000000000000e+02
2.681073307991027832e+01,5.970000000000000000e+02
2.688382744789123535e+01,5.980000000000000000e+02
2.688601565361022949e+01,5.990000000000000000e+02
2.695948529243469238e+01,6.000000000000000000e+02
2.696222758293151855e+01,6.010000000000000000e+02
2.703538131713867188e+01,6.020000000000000000e+02
2.703749942779541016e+01,6.030000000000000000e+02
2.711066031455993652e+01,6.040000000000000000e+02
2.711286616325378418e+01,6.050000000000000000e+02
2.718595051765441895e+01,6.060000000000000000e+02
2.718817496299743652e+01,6.070000000000000000e+02
2.726125311851501465e+01,6.080000000000000000e+02
2.726344633102416992e+01,6.090000000000000000e+02
2.733659219741821289e+01,6.100000000000000000e+02
2.733870506286621094e+01,6.110000000000000000e+02
2.741188263893127441e+01,6.120000000000000000e+02
2.741405677795410156e+01,6.130000000000000000e+02
2.748720169067382812e+01,6.140000000000000000e+02
2.748939824104309082e+01,6.150000000000000000e+02
2.756247520446777344e+01,6.160000000000000000e+02
2.756468081474304199e+01,6.170000000000000000e+02
2.763778400421142578e+01,6.180000000000000000e+02
2.763997054100036621e+01,6.190000000000000000e+02
2.771315956115722656e+01,6.200000000000000000e+02
2.771539330482482910e+01,6.210000000000000000e+02
2.778859496116638184e+01,6.220000000000000000e+02
2.779077672958374023e+01,6.230000000000000000e+02
2.786620545387268066e+01,6.240000000000000000e+02
2.793968391418457031e+01,6.250000000000000000e+02
2.794189119338989258e+01,6.260000000000000000e+02
2.801505589485168457e+01,6.270000000000000000e+02
2.801729893684387207e+01,6.280000000000000000e+02
2.809046792984008789e+01,6.290000000000000000e+02
2.809269213676452637e+01,6.300000000000000000e+02
2.816582083702087402e+01,6.310000000000000000e+02
2.816801667213439941e+01,6.320000000000000000e+02
2.824125885963439941e+01,6.330000000000000000e+02
2.824348735809326172e+01,6.340000000000000000e+02
2.831661248207092285e+01,6.350000000000000000e+02
2.831881713867187500e+01,6.360000000000000000e+02
2.839220952987670898e+01,6.370000000000000000e+02
2.839459180831909180e+01,6.380000000000000000e+02
2.846845078468322754e+01,6.390000000000000000e+02
2.847130203247070312e+01,6.400000000000000000e+02
2.854462909698486328e+01,6.410000000000000000e+02
2.854692673683166504e+01,6.420000000000000000e+02
2.862031579017639160e+01,6.430000000000000000e+02
2.862255716323852539e+01,6.440000000000000000e+02
2.869599580764770508e+01,6.450000000000000000e+02
2.869825983047485352e+01,6.460000000000000000e+02
2.877147650718688965e+01,6.470000000000000000e+02
2.877391171455383301e+01,6.480000000000000000e+02
2.884729528427124023e+01,6.490000000000000000e+02
2.884954667091369629e+01,6.500000000000000000e+02
2.892358970642089844e+01,6.510000000000000000e+02
2.892659926414489746e+01,6.520000000000000000e+02
2.899980354309082031e+01,6.530000000000000000e+02
2.900197982788085938e+01,6.540000000000000000e+02
2.907546806335449219e+01,6.550000000000000000e+02
2.907819962501525879e+01,6.560000000000000000e+02
2.915135192871093750e+01,6.570000000000000000e+02
2.915362167358398438e+01,6.580000000000000000e+02
2.922896361351013184e+01,6.590000000000000000e+02
2.930206727981567383e+01,6.600000000000000000e+02
2.930424427986145020e+01,6.610000000000000000e+02
2.937735366821289062e+01,6.620000000000000000e+02
2.937947869300842285e+01,6.630000000000000000e+02
2.945283889770507812e+01,6.640000000000000000e+02
2.945556521415710449e+01,6.650000000000000000e+02
2.952874016761779785e+01,6.660000000000000000e+02
2.953092455863952637e+01,6.670000000000000000e+02
2.960410571098327637e+01,6.680000000000000000e+02
2.960621857643127441e+01,6.690000000000000000e+02
2.967935872077941895e+01,6.700000000000000000e+02
2.968153738975524902e+01,6.710000000000000000e+02
2.975467181205749512e+01,6.720000000000000000e+02
2.975689244270324707e+01,6.730000000000000000e+02
2.983044362068176270e+01,6.740000000000000000e+02
2.983308506011962891e+01,6.750000000000000000e+02
2.990625572204589844e+01,6.760000000000000000e+02
2.990838813781738281e+01,6.770000000000000000e+02
2.998163890838623047e+01,6.780000000000000000e+02
2.998383259773254395e+01,6.790000000000000000e+02
3.005736303329467773e+01,6.800000000000000000e+02
3.006004571914672852e+01,6.810000000000000000e+02
3.013329529762268066e+01,6.820000000000000000e+02
3.013545703887939453e+01,6.830000000000000000e+02
3.020864963531494141e+01,6.840000000000000000e+02
3.021078181266784668e+01,6.850000000000000000e+02
3.028394317626953125e+01,6.860000000000000000e+02
3.028611874580383301e+01,6.870000000000000000e+02
3.035929298400878906e+01,6.880000000000000000e+02
3.043319535255432129e+01,6.890000000000000000e+02
3.050644683837890625e+01,6.900000000000000000e+02
3.058175730705261230e+01,6.910000000000000000e+02
3.065457987785339355e+01,6.920000000000000000e+02
3.072776675224304199e+01,6.930000000000000000e+02
3.073052310943603516e+01,6.940000000000000000e+02
3.080378198623657227e+01,6.950000000000000000e+02
3.080634570121765137e+01,6.960000000000000000e+02
3.087949728965759277e+01,6.970000000000000000e+02
3.088159704208374023e+01,6.980000000000000000e+02
3.095538711547851562e+01,6.990000000000000000e+02
3.095894098281860352e+01,7.000000000000000000e+02
3.104394793510437012e+01,7.010000000000000000e+02
3.111720943450927734e+01,7.020000000000000000e+02
3.111932539939880371e+01,7.030000000000000000e+02
3.119247221946716309e+01,7.040000000000000000e+02
3.119451308250427246e+01,7.050000000000000000e+02
3.126765584945678711e+01,7.060000000000000000e+02
3.134084701538085938e+01,7.070000000000000000e+02
3.141399788856506348e+01,7.080000000000000000e+02
3.148736953735351562e+01,7.090000000000000000e+02
3.148961305618286133e+01,7.100000000000000000e+02
3.156316399574279785e+01,7.110000000000000000e+02
3.156569147109985352e+01,7.120000000000000000e+02
3.163897156715393066e+01,7.130000000000000000e+02
3.164121222496032715e+01,7.140000000000000000e+02
3.171665191650390625e+01,7.150000000000000000e+02
3.178965306282043457e+01,7.160000000000000000e+02
3.179190349578857422e+01,7.170000000000000000e+02
3.186532497406005859e+01,7.180000000000000000e+02
3.186760425567626953e+01,7.190000000000000000e+02
3.194146156311035156e+01,7.200000000000000000e+02
3.194456386566162109e+01,7.210000000000000000e+02
3.202009463310241699e+01,7.220000000000000000e+02
3.209520649909973145e+01,7.230000000000000000e+02
3.217045569419860840e+01,7.240000000000000000e+02
3.224556612968444824e+01,7.250000000000000000e+02
3.231855964660644531e+01,7.260000000000000000e+02
3.232079148292541504e+01,7.270000000000000000e+02
3.239441895484924316e+01,7.280000000000000000e+02
3.239678359031677246e+01,7.290000000000000000e+02
3.246997976303100586e+01,7.300000000000000000e+02
3.247248482704162598e+01,7.310000000000000000e+02
3.254583668708801270e+01,7.320000000000000000e+02
3.254810762405395508e+01,7.330000000000000000e+02
3.262145400047302246e+01,7.340000000000000000e+02
3.269493126869201660e+01,7.350000000000000000e+02
3.269723129272460938e+01,7.360000000000000000e+02
3.277274703979492188e+01,7.370000000000000000e+02
3.284572267532348633e+01,7.380000000000000000e+02
3.284834027290344238e+01,7.390000000000000000e+02
3.292342019081115723e+01,7.400000000000000000e+02
3.292775821685791016e+01,7.410000000000000000e+02
3.300121521949768066e+01,7.420000000000000000e+02
3.300374722480773926e+01,7.430000000000000000e+02
3.307971930503845215e+01,7.440000000000000000e+02
3.315470123291015625e+01,7.450000000000000000e+02
3.322961831092834473e+01,7.460000000000000000e+02
3.330239629745483398e+01,7.470000000000000000e+02
3.330454277992248535e+01,7.480000000000000000e+02
3.337773966789245605e+01,7.490000000000000000e+02
3.337990307807922363e+01,7.500000000000000000e+02
3.345341444015502930e+01,7.510000000000000000e+02
3.345610928535461426e+01,7.520000000000000000e+02
3.352922177314758301e+01,7.530000000000000000e+02
3.353138232231140137e+01,7.540000000000000000e+02
3.360459351539611816e+01,7.550000000000000000e+02
3.360678100585937500e+01,7.560000000000000000e+02
3.368198633193969727e+01,7.570000000000000000e+02
3.375475311279296875e+01,7.580000000000000000e+02
3.375689601898193359e+01,7.590000000000000000e+02
3.382998418807983398e+01,7.600000000000000000e+02
3.383208680152893066e+01,7.610000000000000000e+02
3.390527701377868652e+01,7.620000000000000000e+02
3.390748977661132812e+01,7.630000000000000000e+02
3.398072504997253418e+01,7.640000000000000000e+02
3.398293256759643555e+01,7.650000000000000000e+02
3.405614471435546875e+01,7.660000000000000000e+02
3.405883598327636719e+01,7.670000000000000000e+02
3.413202786445617676e+01,7.680000000000000000e+02
3.413412594795227051e+01,7.690000000000000000e+02
3.420730328559875488e+01,7.700000000000000000e+02
3.420940995216369629e+01,7.710000000000000000e+02
3.428252148628234863e+01,7.720000000000000000e+02
3.428464698791503906e+01,7.730000000000000000e+02
3.435831975936889648e+01,7.740000000000000000e+02
3.436099672317504883e+01,7.750000000000000000e+02
3.443520617485046387e+01,7.760000000000000000e+02
3.443833327293395996e+01,7.770000000000000000e+02
3.451170539855957031e+01,7.780000000000000000e+02
3.451399230957031250e+01,7.790000000000000000e+02
3.458725023269653320e+01,7.800000000000000000e+02
3.458970332145690918e+01,7.810000000000000000e+02
3.466288518905639648e+01,7.820000000000000000e+02
3.466513085365295410e+01,7.830000000000000000e+02
3.474054455757141113e+01,7.840000000000000000e+02
3.481377720832824707e+01,7.850000000000000000e+02
3.481601190567016602e+01,7.860000000000000000e+02
3.488923931121826172e+01,7.870000000000000000e+02
3.489148330688476562e+01,7.880000000000000000e+02
3.496469998359680176e+01,7.890000000000000000e+02
3.496691513061523438e+01,7.900000000000000000e+02
3.504006505012512207e+01,7.910000000000000000e+02
3.504224038124084473e+01,7.920000000000000000e+02
3.511544322967529297e+01,7.930000000000000000e+02
3.511763739585876465e+01,7.940000000000000000e+02
3.519080758094787598e+01,7.950000000000000000e+02
3.519305872917175293e+01,7.960000000000000000e+02
3.526623821258544922e+01,7.970000000000000000e+02
3.526844382286071777e+01,7.980000000000000000e+02
3.534162950515747070e+01,7.990000000000000000e+02
3.534388446807861328e+01,8.000000000000000000e+02
3.541725611686706543e+01,8.010000000000000000e+02
3.541971755027770996e+01,8.020000000000000000e+02
3.549291563034057617e+01,8.030000000000000000e+02
3.549512124061584473e+01,8.040000000000000000e+02
3.556827592849731445e+01,8.050000000000000000e+02
3.557047939300537109e+01,8.060000000000000000e+02
3.564369153976440430e+01,8.070000000000000000e+02
3.564585685729980469e+01,8.080000000000000000e+02
3.571897864341735840e+01,8.090000000000000000e+02
3.572119784355163574e+01,8.100000000000000000e+02
3.579447627067565918e+01,8.110000000000000000e+02
3.579668784141540527e+01,8.120000000000000000e+02
3.586984896659851074e+01,8.130000000000000000e+02
3.587207937240600586e+01,8.140000000000000000e+02
3.594533348083496094e+01,8.150000000000000000e+02
3.594768691062927246e+01,8.160000000000000000e+02
3.602090120315551758e+01,8.170000000000000000e+02
3.602309966087341309e+01,8.180000000000000000e+02
3.609628844261169434e+01,8.190000000000000000e+02
3.609840250015258789e+01,8.200000000000000000e+02
3.617155027389526367e+01,8.210000000000000000e+02
3.624478769302368164e+01,8.220000000000000000e+02
3.631798744201660156e+01,8.230000000000000000e+02
3.639323282241821289e+01,8.240000000000000000e+02
3.646605420112609863e+01,8.250000000000000000e+02
3.646824741363525391e+01,8.260000000000000000e+02
3.654140853881835938e+01,8.270000000000000000e+02
3.654357671737670898e+01,8.280000000000000000e+02
3.661675620079040527e+01,8.290000000000000000e+02
3.661886954307556152e+01,8.300000000000000000e+02
3.669205927848815918e+01,8.310000000000000000e+02
3.669424510002136230e+01,8.320000000000000000e+02
3.676739549636840820e+01,8.330000000000000000e+02
3.676959681510925293e+01,8.340000000000000000e+02
3.684271001815795898e+01,8.350000000000000000e+02
3.684489107131958008e+01,8.360000000000000000e+02
3.691973185539245605e+01,8.370000000000000000e+02
3.692213892936706543e+01,8.380000000000000000e+02
3.699536728858947754e+01,8.390000000000000000e+02
3.699753785133361816e+01,8.400000000000000000e+02
3.707065725326538086e+01,8.410000000000000000e+02
3.707283329963684082e+01,8.420000000000000000e+02
3.714594364166259766e+01,8.430000000000000000e+02
3.714816904067993164e+01,8.440000000000000000e+02
3.722132706642150879e+01,8.450000000000000000e+02
3.722347879409790039e+01,8.460000000000000000e+02
3.729659342765808105e+01,8.470000000000000000e+02
3.729880881309509277e+01,8.480000000000000000e+02
3.737197971343994141e+01,8.490000000000000000e+02
3.737419557571411133e+01,8.500000000000000000e+02
3.744810676574707031e+01,8.510000000000000000e+02
3.745082020759582520e+01,8.520000000000000000e+02
3.752400803565979004e+01,8.530000000000000000e+02
3.752624487876892090e+01,8.540000000000000000e+02
3.759940624237060547e+01,8.550000000000000000e+02
3.760178327560424805e+01,8.560000000000000000e+02
3.767492651939392090e+01,8.570000000000000000e+02
3.767716479301452637e+01,8.580000000000000000e+02
3.775022935867309570e+01,8.590000000000000000e+02
3.775255966186523438e+01,8.600000000000000000e+02
3.782570409774780273e+01,8.610000000000000000e+02
3.782791948318481445e+01,8.620000000000000000e+02
3.790108394622802734e+01,8.630000000000000000e+02
3.790333342552185059e+01,8.640000000000000000e+02
3.797660803794860840e+01,8.650000000000000000e+02
3.797883558273315430e+01,8.660000000000000000e+02
3.805202746391296387e+01,8.670000000000000000e+02
3.805421137809753418e+01,8.680000000000000000e+02
3.812740802764892578e+01,8.690000000000000000e+02
3.812960767745971680e+01,8.700000000000000000e+02
3.820274066925048828e+01,8.710000000000000000e+02
3.820499992370605469e+01,8.720000000000000000e+02
3.827812981605529785e+01,8.730000000000000000e+02
3.828033232688903809e+01,8.740000000000000000e+02
3.835352134704589844e+01,8.750000000000000000e+02
3.835576820373535156e+01,8.760000000000000000e+02
3.842967772483825684e+01,8.770000000000000000e+02
3.843240070343017578e+01,8.780000000000000000e+02
3.850551438331604004e+01,8.790000000000000000e+02
3.850774478912353516e+01,8.800000000000000000e+02
3.858094120025634766e+01,8.810000000000000000e+02
3.858318376541137695e+01,8.820000000000000000e+02
3.865636348724365234e+01,8.830000000000000000e+02
3.865860366821289062e+01,8.840000000000000000e+02
3.873169493675231934e+01,8.850000000000000000e+02
3.873389458656311035e+01,8.860000000000000000e+02
3.880703616142272949e+01,8.870000000000000000e+02
3.880927968025207520e+01,8.880000000000000000e+02
3.888255000114440918e+01,8.890000000000000000e+02
3.888505291938781738e+01,8.900000000000000000e+02
3.895961093902587891e+01,8.910000000000000000e+02
3.896774744987487793e+01,8.920000000000000000e+02
3.904540276527404785e+01,8.930000000000000000e+02
3.904967975616455078e+01,8.940000000000000000e+02
3.912294101715087891e+01,8.950000000000000000e+02
3.919627165794372559e+01,8.960000000000000000e+02
3.926959466934204102e+01,8.970000000000000000e+02
3.934497189521789551e+01,8.980000000000000000e+02
3.941969776153564453e+01,8.990000000000000000e+02
3.942390823364257812e+01,9.000000000000000000e+02
3.949928236007690430e+01,9.010000000000000000e+02
3.957213664054870605e+01,9.020000000000000000e+02
3.964745140075683594e+01,9.030000000000000000e+02
3.972032976150512695e+01,9.040000000000000000e+02
3.972248029708862305e+01,9.050000000000000000e+02
3.979563546180725098e+01,9.060000000000000000e+02
3.979790711402893066e+01,9.070000000000000000e+02
3.987109708786010742e+01,9.080000000000000000e+02
3.987357091903686523e+01,9.090000000000000000e+02
3.994705152511596680e+01,9.100000000000000000e+02
3.994979500770568848e+01,9.110000000000000000e+02
4.002300906181335449e+01,9.120000000000000000e+02
4.002526021003723145e+01,9.130000000000000000e+02
4.009848666191101074e+01,9.140000000000000000e+02
4.017169880867004395e+01,9.150000000000000000e+02
4.017395019531250000e+01,9.160000000000000000e+02
4.024706506729125977e+01,9.170000000000000000e+02
4.032036304473876953e+01,9.180000000000000000e+02
4.032261538505554199e+01,9.190000000000000000e+02
4.039584398269653320e+01,9.200000000000000000e+02
4.039810371398925781e+01,9.210000000000000000e+02
4.047136664390563965e+01,9.220000000000000000e+02
4.047363591194152832e+01,9.230000000000000000e+02
4.054677486419677734e+01,9.240000000000000000e+02
4.054903721809387207e+01,9.250000000000000000e+02
4.062223529815673828e+01,9.260000000000000000e+02
4.062448334693908691e+01,9.270000000000000000e+02
4.069764471054077148e+01,9.280000000000000000e+02
4.069983243942260742e+01,9.290000000000000000e+02
4.077297759056091309e+01,9.300000000000000000e+02
4.084620332717895508e+01,9.310000000000000000e+02
4.092582893371582031e+01,9.320000000000000000e+02
4.099859237670898438e+01,9.330000000000000000e+02
4.107183670997619629e+01,9.340000000000000000e+02
4.114501881599426270e+01,9.350000000000000000e+02
4.114717817306518555e+01,9.360000000000000000e+02
4.122251558303833008e+01,9.370000000000000000e+02
4.129739260673522949e+01,9.380000000000000000e+02
4.137026858329772949e+01,9.390000000000000000e+02
4.137242722511291504e+01,9.400000000000000000e+02
4.144604969024658203e+01,9.410000000000000000e+02
4.151936912536621094e+01,9.420000000000000000e+02
4.152155733108520508e+01,9.430000000000000000e+02
4.159468698501586914e+01,9.440000000000000000e+02
4.159690165519714355e+01,9.450000000000000000e+02
4.167003703117370605e+01,9.460000000000000000e+02
4.167228031158447266e+01,9.470000000000000000e+02
4.174550795555114746e+01,9.480000000000000000e+02
4.174770092964172363e+01,9.490000000000000000e+02
4.182082223892211914e+01,9.500000000000000000e+02
4.182305431365966797e+01,9.510000000000000000e+02
4.189629244804382324e+01,9.520000000000000000e+02
4.196955347061157227e+01,9.530000000000000000e+02
4.197181344032287598e+01,9.540000000000000000e+02
4.204503583908081055e+01,9.550000000000000000e+02
4.204726338386535645e+01,9.560000000000000000e+02
4.212045764923095703e+01,9.570000000000000000e+02
4.212269902229309082e+01,9.580000000000000000e+02
4.219584608078002930e+01,9.590000000000000000e+02
4.226914644241333008e+01,9.600000000000000000e+02
4.234235167503356934e+01,9.610000000000000000e+02
4.241576218605041504e+01,9.620000000000000000e+02
4.241854119300842285e+01,9.630000000000000000e+02
4.249176526069641113e+01,9.640000000000000000e+02
4.249425435066223145e+01,9.650000000000000000e+02
4.256951379776000977e+01,9.660000000000000000e+02
4.264482808113098145e+01,9.670000000000000000e+02
4.271768808364868164e+01,9.680000000000000000e+02
4.272013568878173828e+01,9.690000000000000000e+02
4.279339313507080078e+01,9.700000000000000000e+02
4.279574227333068848e+01,9.710000000000000000e+02
4.286896824836730957e+01,9.720000000000000000e+02
4.287132525444030762e+01,9.730000000000000000e+02
4.294564199447631836e+01,9.740000000000000000e+02
4.294823336601257324e+01,9.750000000000000000e+02
4.302181339263916016e+01,9.760000000000000000e+02
4.302409434318542480e+01,9.770000000000000000e+02
4.309945249557495117e+01,9.780000000000000000e+02
4.317250180244445801e+01,9.790000000000000000e+02
4.317499732971191406e+01,9.800000000000000000e+02
4.325062441825866699e+01,9.810000000000000000e+02
4.332354521751403809e+01,9.820000000000000000e+02
4.332579684257507324e+01,9.830000000000000000e+02
4.339898562431335449e+01,9.840000000000000000e+02
4.340125346183776855e+01,9.850000000000000000e+02
4.347441315650939941e+01,9.860000000000000000e+02
4.347670435905456543e+01,9.870000000000000000e+02
4.355216503143310547e+01,9.880000000000000000e+02
4.362520384788513184e+01,9.890000000000000000e+02
4.362768793106079102e+01,9.900000000000000000e+02
4.370105791091918945e+01,9.910000000000000000e+02
4.370351576805114746e+01,9.920000000000000000e+02
4.377671551704406738e+01,9.930000000000000000e+02
4.377906489372253418e+01,9.940000000000000000e+02
4.385437703132629395e+01,9.950000000000000000e+02
4.385800266265869141e+01,9.960000000000000000e+02
4.393435406684875488e+01,9.970000000000000000e+02
4.400726103782653809e+01,9.980000000000000000e+02
4.408322167396545410e+01,9.990000000000000000e+02
4.415835094451904297e+01,1.000000000000000000e+03
4.423342680931091309e+01,1.001000000000000000e+03
4.430639195442199707e+01,1.002000000000000000e+03
4.430868697166442871e+01,1.003000000000000000e+03
4.438195800781250000e+01,1.004000000000000000e+03
4.438423442840576172e+01,1.005000000000000000e+03
4.445758867263793945e+01,1.006000000000000000e+03
4.445984053611755371e+01,1.007000000000000000e+03
4.453322386741638184e+01,1.008000000000000000e+03
4.453547859191894531e+01,1.009000000000000000e+03
4.460886502265930176e+01,1.010000000000000000e+03
4.461120104789733887e+01,1.011000000000000000e+03
4.468450117111206055e+01,1.012000000000000000e+03
4.468667149543762207e+01,1.013000000000000000e+03
4.475994968414306641e+01,1.014000000000000000e+03
4.476235294342041016e+01,1.015000000000000000e+03
4.483778333663940430e+01,1.016000000000000000e+03
4.491089391708374023e+01,1.017000000000000000e+03
4.491328096389770508e+01,1.018000000000000000e+03
4.498650336265563965e+01,1.019000000000000000e+03
4.498896718025207520e+01,1.020000000000000000e+03
4.506232714653015137e+01,1.021000000000000000e+03
4.506463718414306641e+01,1.022000000000000000e+03
4.513803625106811523e+01,1.023000000000000000e+03
4.514031004905700684e+01,1.024000000000000000e+03
4.521368670463562012e+01,1.025000000000000000e+03
4.521594738960266113e+01,1.026000000000000000e+03
4.528929948806762695e+01,1.027000000000000000e+03
4.529154658317565918e+01,1.028000000000000000e+03
4.536496448516845703e+01,1.029000000000000000e+03
4.536728882789611816e+01,1.030000000000000000e+03
4.544126105308532715e+01,1.031000000000000000e+03
4.544415187835693359e+01,1.032000000000000000e+03
4.551976704597473145e+01,1.033000000000000000e+03
4.559290194511413574e+01,1.034000000000000000e+03
4.559533047676086426e+01,1.035000000000000000e+03
4.566870093345642090e+01,1.036000000000000000e+03
4.567102098464965820e+01,1.037000000000000000e+03
4.574436354637145996e+01,1.038000000000000000e+03
4.574656796455383301e+01,1.039000000000000000e+03
4.581988978385925293e+01,1.040000000000000000e+03
4.582222914695739746e+01,1.041000000000000000e+03
4.589556932449340820e+01,1.042000000000000000e+03
4.589786195755004883e+01,1.043000000000000000e+03
4.597127628326416016e+01,1.044000000000000000e+03
4.597386598587036133e+01,1.045000000000000000e+03
4.604715347290039062e+01,1.046000000000000000e+03
4.604976081848144531e+01,1.047000000000000000e+03
4.612301063537597656e+01,1.048000000000000000e+03
4.612546372413635254e+01,1.049000000000000000e+03
4.619877004623413086e+01,1.050000000000000000e+03
4.620111060142517090e+01,1.051000000000000000e+03
4.627438807487487793e+01,1.052000000000000000e+03
4.627666282653808594e+01,1.053000000000000000e+03
4.635056900978088379e+01,1.054000000000000000e+03
4.635345387458801270e+01,1.055000000000000000e+03
4.642851281166076660e+01,1.056000000000000000e+03
4.643585562705993652e+01,1.057000000000000000e+03
4.651581454277038574e+01,1.058000000000000000e+03
4.652128982543945312e+01,1.059000000000000000e+03
4.659690785408020020e+01,1.060000000000000000e+03
4.667008042335510254e+01,1.061000000000000000e+03
4.667230129241943359e+01,1.062000000000000000e+03
4.674774575233459473e+01,1.063000000000000000e+03
4.689613628387451172e+01,1.064000000000000000e+03
4.689840316772460938e+01,1.065000000000000000e+03
4.697175693511962891e+01,1.066000000000000000e+03
4.697405099868774414e+01,1.067000000000000000e+03
4.704726195335388184e+01,1.068000000000000000e+03
4.704958224296569824e+01,1.069000000000000000e+03
4.712315511703491211e+01,1.070000000000000000e+03
4.712538099288940430e+01,1.071000000000000000e+03
4.720068573951721191e+01,1.072000000000000000e+03
4.727343869209289551e+01,1.073000000000000000e+03
4.727573633193969727e+01,1.074000000000000000e+03
4.734892225265502930e+01,1.075000000000000000e+03
4.735112547874450684e+01,1.076000000000000000e+03
4.742570352554321289e+01,1.077000000000000000e+03
4.742875862121582031e+01,1.078000000000000000e+03
4.750192165374755859e+01,1.079000000000000000e+03
4.750412249565124512e+01,1.080000000000000000e+03
4.757729291915893555e+01,1.081000000000000000e+03
4.757946252822875977e+01,1.082000000000000000e+03
4.765268111228942871e+01,1.083000000000000000e+03
4.765486001968383789e+01,1.084000000000000000e+03
4.773011898994445801e+01,1.085000000000000000e+03
4.780497956275939941e+01,1.086000000000000000e+03
4.787773513793945312e+01,1.087000000000000000e+03
4.787985014915466309e+01,1.088000000000000000e+03
4.795360612869262695e+01,1.089000000000000000e+03
4.795651483535766602e+01,1.090000000000000000e+03
4.802975583076477051e+01,1.091000000000000000e+03
4.803195762634277344e+01,1.092000000000000000e+03
4.810514903068542480e+01,1.093000000000000000e+03
4.810740876197814941e+01,1.094000000000000000e+03
4.818062758445739746e+01,1.095000000000000000e+03
4.825389432907104492e+01,1.096000000000000000e+03
4.825616168975830078e+01,1.097000000000000000e+03
4.832934236526489258e+01,1.098000000000000000e+03
4.840263366699218750e+01,1.099000000000000000e+03
4.840489506721496582e+01,1.100000000000000000e+03
4.847808337211608887e+01,1.101000000000000000e+03
4.848029208183288574e+01,1.102000000000000000e+03
4.855351161956787109e+01,1.103000000000000000e+03
4.855575275421142578e+01,1.104000000000000000e+03
4.862896060943603516e+01,1.105000000000000000e+03
4.863114690780639648e+01,1.106000000000000000e+03
4.870434188842773438e+01,1.107000000000000000e+03
4.877761602401733398e+01,1.108000000000000000e+03
4.885082793235778809e+01,1.109000000000000000e+03
4.892714715003967285e+01,1.110000000000000000e+03
4.899999046325683594e+01,1.111000000000000000e+03
4.900236225128173828e+01,1.112000000000000000e+03
4.907839775085449219e+01,1.113000000000000000e+03
4.915330934524536133e+01,1.114000000000000000e+03
4.922827911376953125e+01,1.115000000000000000e+03
4.930320143699645996e+01,1.116000000000000000e+03
4.937605118751525879e+01,1.117000000000000000e+03
4.937843894958496094e+01,1.118000000000000000e+03
4.945475769042968750e+01,1.119000000000000000e+03
4.952761149406433105e+01,1.120000000000000000e+03
4.952975130081176758e+01,1.121000000000000000e+03
4.960508584976196289e+01,1.122000000000000000e+03
4.967820835113525391e+01,1.123000000000000000e+03
4.968041348457336426e+01,1.124000000000000000e+03
4.975349068641662598e+01,1.125000000000000000e+03
4.982676100730895996e+01,1.126000000000000000e+03
4.982900071144104004e+01,1.127000000000000000e+03
4.990216946601867676e+01,1.128000000000000000e+03
4.990438270568847656e+01,1.129000000000000000e+03
4.997749686241149902e+01,1.130000000000000000e+03
4.997970890998840332e+01,1.131000000000000000e+03
5.005283689498901367e+01,1.132000000000000000e+03
5.005502748489379883e+01,1.133000000000000000e+03
5.012817883491516113e+01,1.134000000000000000e+03
5.013036322593688965e+01,1.135000000000000000e+03
5.020347881317138672e+01,1.136000000000000000e+03
5.020568418502807617e+01,1.137000000000000000e+03
5.027883434295654297e+01,1.138000000000000000e+03
5.028103923797607422e+01,1.139000000000000000e+03
5.035412430763244629e+01,1.140000000000000000e+03
5.042809796333312988e+01,1.141000000000000000e+03
5.050339889526367188e+01,1.142000000000000000e+03
5.057832145690917969e+01,1.143000000000000000e+03
5.065325641632080078e+01,1.144000000000000000e+03
5.072820806503295898e+01,1.145000000000000000e+03
5.080317211151123047e+01,1.146000000000000000e+03
5.087821340560913086e+01,1.147000000000000000e+03
5.095097184181213379e+01,1.148000000000000000e+03
5.095348811149597168e+01,1.149000000000000000e+03
5.102662777900695801e+01,1.150000000000000000e+03
5.102889275550842285e+01,1.151000000000000000e+03
5.110195660591125488e+01,1.152000000000000000e+03
5.110421180725097656e+01,1.153000000000000000e+03
5.117733263969421387e+01,1.154000000000000000e+03
5.117950677871704102e+01,1.155000000000000000e+03
5.125267004966735840e+01,1.156000000000000000e+03
5.125480341911315918e+01,1.157000000000000000e+03
5.132798027992248535e+01,1.158000000000000000e+03
5.133013010025024414e+01,1.159000000000000000e+03
5.140326905250549316e+01,1.160000000000000000e+03
5.147653913497924805e+01,1.161000000000000000e+03
5.147878503799438477e+01,1.162000000000000000e+03
5.155194497108459473e+01,1.163000000000000000e+03
5.155410146713256836e+01,1.164000000000000000e+03
5.162717938423156738e+01,1.165000000000000000e+03
5.162935805320739746e+01,1.166000000000000000e+03
5.170245885848999023e+01,1.167000000000000000e+03
5.170466899871826172e+01,1.168000000000000000e+03
5.177774238586425781e+01,1.169000000000000000e+03
5.177989506721496582e+01,1.170000000000000000e+03
5.185307478904724121e+01,1.171000000000000000e+03
5.185522675514221191e+01,1.172000000000000000e+03
5.192918610572814941e+01,1.173000000000000000e+03
5.193138647079467773e+01,1.174000000000000000e+03
5.200458407402038574e+01,1.175000000000000000e+03
5.200673365592956543e+01,1.176000000000000000e+03
5.208030676841735840e+01,1.177000000000000000e+03
5.208286619186401367e+01,1.178000000000000000e+03
5.215602278709411621e+01,1.179000000000000000e+03
5.215817523002624512e+01,1.180000000000000000e+03
5.223131060600280762e+01,1.181000000000000000e+03
5.223344159126281738e+01,1.182000000000000000e+03
5.230649161338806152e+01,1.183000000000000000e+03
5.237970471382141113e+01,1.184000000000000000e+03
5.245295810699462891e+01,1.185000000000000000e+03
5.252831268310546875e+01,1.186000000000000000e+03
5.260115289688110352e+01,1.187000000000000000e+03
5.260335755348205566e+01,1.188000000000000000e+03
5.267649865150451660e+01,1.189000000000000000e+03
5.267865347862243652e+01,1.190000000000000000e+03
5.275189208984375000e+01,1.191000000000000000e+03
5.275401163101196289e+01,1.192000000000000000e+03
5.282713341712951660e+01,1.193000000000000000e+03
5.282925558090209961e+01,1.194000000000000000e+03
5.290234351158142090e+01,1.195000000000000000e+03
5.290454959869384766e+01,1.196000000000000000e+03
5.297762346267700195e+01,1.197000000000000000e+03
5.297974634170532227e+01,1.198000000000000000e+03
5.305284428596496582e+01,1.199000000000000000e+03
5.305495476722717285e+01,1.200000000000000000e+03
5.312814283370971680e+01,1.201000000000000000e+03
5.313027858734130859e+01,1.202000000000000000e+03
5.320339989662170410e+01,1.203000000000000000e+03
5.320551729202270508e+01,1.204000000000000000e+03
5.327870345115661621e+01,1.205000000000000000e+03
5.328092598915100098e+01,1.206000000000000000e+03
5.335404014587402344e+01,1.207000000000000000e+03
5.335621809959411621e+01,1.208000000000000000e+03
5.342995786666870117e+01,1.209000000000000000e+03
5.343212652206420898e+01,1.210000000000000000e+03
5.350527524948120117e+01,1.211000000000000000e+03
5.350744271278381348e+01,1.212000000000000000e+03
5.358058381080627441e+01,1.213000000000000000e+03
5.358266878128051758e+01,1.214000000000000000e+03
5.365583014488220215e+01,1.215000000000000000e+03
5.365788912773132324e+01,1.216000000000000000e+03
5.373102951049804688e+01,1.217000000000000000e+03
5.373321938514709473e+01,1.218000000000000000e+03
5.380632305145263672e+01,1.219000000000000000e+03
5.380870199203491211e+01,1.220000000000000000e+03
5.388195466995239258e+01,1.221000000000000000e+03
5.388420748710632324e+01,1.222000000000000000e+03
5.395757436752319336e+01,1.223000000000000000e+03
5.396036267280578613e+01,1.224000000000000000e+03
5.403355193138122559e+01,1.225000000000000000e+03
5.403581309318542480e+01,1.226000000000000000e+03
5.410892295837402344e+01,1.227000000000000000e+03
5.411111593246459961e+01,1.228000000000000000e+03
5.418426299095153809e+01,1.229000000000000000e+03
5.418649125099182129e+01,1.230000000000000000e+03
5.425962281227111816e+01,1.231000000000000000e+03
5.426183295249938965e+01,1.232000000000000000e+03
5.433497452735900879e+01,1.233000000000000000e+03
5.440818548202514648e+01,1.234000000000000000e+03
5.448466420173645020e+01,1.235000000000000000e+03
5.455777025222778320e+01,1.236000000000000000e+03
5.463098120689392090e+01,1.237000000000000000e+03
5.463319063186645508e+01,1.238000000000000000e+03
5.470838117599487305e+01,1.239000000000000000e+03
5.478321933746337891e+01,1.240000000000000000e+03
5.485608696937561035e+01,1.241000000000000000e+03
5.485825419425964355e+01,1.242000000000000000e+03
5.493403911590576172e+01,1.243000000000000000e+03
5.500715327262878418e+01,1.244000000000000000e+03
5.500991129875183105e+01,1.245000000000000000e+03
5.508463263511657715e+01,1.246000000000000000e+03
5.515816783905029297e+01,1.247000000000000000e+03
5.516092944145202637e+01,1.248000000000000000e+03
5.523434853553771973e+01,1.249000000000000000e+03
5.523684668540954590e+01,1.250000000000000000e+03
5.531024789810180664e+01,1.251000000000000000e+03
5.531257200241088867e+01,1.252000000000000000e+03
5.538583493232727051e+01,1.253000000000000000e+03
5.538800191879272461e+01,1.254000000000000000e+03
5.546157622337341309e+01,1.255000000000000000e+03
5.546425509452819824e+01,1.256000000000000000e+03
5.553747105598449707e+01,1.257000000000000000e+03
5.553964781761169434e+01,1.258000000000000000e+03
5.561285662651062012e+01,1.259000000000000000e+03
5.561505842208862305e+01,1.260000000000000000e+03
5.568827700614929199e+01,1.261000000000000000e+03
5.569043684005737305e+01,1.262000000000000000e+03
5.576354908943176270e+01,1.263000000000000000e+03
5.576569485664367676e+01,1.264000000000000000e+03
5.583886504173278809e+01,1.265000000000000000e+03
5.584100246429443359e+01,1.266000000000000000e+03
5.591424274444580078e+01,1.267000000000000000e+03
5.591929316520690918e+01,1.268000000000000000e+03
5.599259519577026367e+01,1.269000000000000000e+03
5.599475789070129395e+01,1.270000000000000000e+03
5.607011055946350098e+01,1.271000000000000000e+03
5.614293813705444336e+01,1.272000000000000000e+03
5.614509487152099609e+01,1.273000000000000000e+03
5.621822619438171387e+01,1.274000000000000000e+03
5.622047281265258789e+01,1.275000000000000000e+03
5.629359459877014160e+01,1.276000000000000000e+03
5.629575681686401367e+01,1.277000000000000000e+03
5.636889886856079102e+01,1.278000000000000000e+03
5.637102150917053223e+01,1.279000000000000000e+03
5.644454383850097656e+01,1.280000000000000000e+03
5.644739890098571777e+01,1.281000000000000000e+03
5.652060461044311523e+01,1.282000000000000000e+03
5.652269935607910156e+01,1.283000000000000000e+03
5.659583210945129395e+01,1.284000000000000000e+03
5.659800243377685547e+01,1.285000000000000000e+03
5.667109060287475586e+01,1.286000000000000000e+03
5.667322015762329102e+01,1.287000000000000000e+03
5.674630904197692871e+01,1.288000000000000000e+03
5.674848699569702148e+01,1.289000000000000000e+03
5.682159066200256348e+01,1.290000000000000000e+03
5.682378149032592773e+01,1.291000000000000000e+03
5.689687442779541016e+01,1.292000000000000000e+03
5.689899325370788574e+01,1.293000000000000000e+03
5.697251200675964355e+01,1.294000000000000000e+03
5.697518348693847656e+01,1.295000000000000000e+03
5.704841446876525879e+01,1.296000000000000000e+03
5.705057144165039062e+01,1.297000000000000000e+03
5.712369656562805176e+01,1.298000000000000000e+03
5.719694781303405762e+01,1.299000000000000000e+03
5.719906330108642578e+01,1.300000000000000000e+03
5.727227640151977539e+01,1.301000000000000000e+03
5.727444243431091309e+01,1.302000000000000000e+03
5.734756660461425781e+01,1.303000000000000000e+03
5.734979534149169922e+01,1.304000000000000000e+03
5.742376255989074707e+01,1.305000000000000000e+03
5.742727708816528320e+01,1.306000000000000000e+03
5.750042796134948730e+01,1.307000000000000000e+03
5.750260925292968750e+01,1.308000000000000000e+03
5.757573699951171875e+01,1.309000000000000000e+03
5.757790899276733398e+01,1.310000000000000000e+03
5.765113973617553711e+01,1.311000000000000000e+03
5.765332341194152832e+01,1.312000000000000000e+03
5.772647786140441895e+01,1.313000000000000000e+03
5.772894263267517090e+01,1.314000000000000000e+03
5.780225515365600586e+01,1.315000000000000000e+03
5.780464816093444824e+01,1.316000000000000000e+03
5.787801766395568848e+01,1.317000000000000000e+03
5.788036203384399414e+01,1.318000000000000000e+03
5.795456290245056152e+01,1.319000000000000000e+03
5.795726680755615234e+01,1.320000000000000000e+03
5.803049540519714355e+01,1.321000000000000000e+03
5.803269529342651367e+01,1.322000000000000000e+03
5.810590863227844238e+01,1.323000000000000000e+03
5.810819196701049805e+01,1.324000000000000000e+03
5.818144369125366211e+01,1.325000000000000000e+03
5.818368983268737793e+01,1.326000000000000000e+03
5.825682830810546875e+01,1.327000000000000000e+03
5.825898981094360352e+01,1.328000000000000000e+03
5.833236670494079590e+01,1.329000000000000000e+03
5.833503675460815430e+01,1.330000000000000000e+03
5.840833806991577148e+01,1.331000000000000000e+03
5.841049003601074219e+01,1.332000000000000000e+03
5.848370289802551270e+01,1.333000000000000000e+03
5.848588442802429199e+01,1.334000000000000000e+03
5.855907011032104492e+01,1.335000000000000000e+03
5.856138730049133301e+01,1.336000000000000000e+03
5.863456010818481445e+01,1.337000000000000000e+03
5.863678073883056641e+01,1.338000000000000000e+03
5.870996284484863281e+01,1.339000000000000000e+03
5.871216011047363281e+01,1.340000000000000000e+03
5.878536772727966309e+01,1.341000000000000000e+03
5.878754949569702148e+01,1.342000000000000000e+03
5.886699366569519043e+01,1.343000000000000000e+03
5.887179708480834961e+01,1.344000000000000000e+03
5.894584274291992188e+01,1.345000000000000000e+03
5.894846224784851074e+01,1.346000000000000000e+03
5.909870910644531250e+01,1.347000000000000000e+03
5.917146611213684082e+01,1.348000000000000000e+03
5.917367053031921387e+01,1.349000000000000000e+03
5.924682116508483887e+01,1.350000000000000000e+03
5.924903583526611328e+01,1.351000000000000000e+03
5.932416939735412598e+01,1.352000000000000000e+03
5.939695262908935547e+01,1.353000000000000000e+03
5.939915347099304199e+01,1.354000000000000000e+03
5.947241020202636719e+01,1.355000000000000000e+03
5.947465968132019043e+01,1.356000000000000000e+03
5.954784893989562988e+01,1.357000000000000000e+03
5.955007743835449219e+01,1.358000000000000000e+03
5.962325716018676758e+01,1.359000000000000000e+03
5.962552666664123535e+01,1.360000000000000000e+03
5.969867539405822754e+01,1.361000000000000000e+03
5.970091366767883301e+01,1.362000000000000000e+03
5.977407574653625488e+01,1.363000000000000000e+03
5.977635574340820312e+01,1.364000000000000000e+03
5.984950637817382812e+01,1.365000000000000000e+03
5.985220217704772949e+01,1.366000000000000000e+03
5.992616319656372070e+01,1.367000000000000000e+03
5.992895078659057617e+01,1.368000000000000000e+03
6.000211977958679199e+01,1.369000000000000000e+03
