time,packet_count
1.600708961486816406e-01,1.000000000000000000e+00
2.352917194366455078e-01,2.000000000000000000e+00
3.105874061584472656e-01,3.000000000000000000e+00
3.858776092529296875e-01,4.000000000000000000e+00
4.612236022949218750e-01,5.000000000000000000e+00
5.365741252899169922e-01,6.000000000000000000e+00
6.123208999633789062e-01,7.000000000000000000e+00
6.876430511474609375e-01,8.000000000000000000e+00
7.628815174102783203e-01,9.000000000000000000e+00
8.382008075714111328e-01,1.000000000000000000e+01
9.865376949310302734e-01,1.100000000000000000e+01
1.061728954315185547e+00,1.200000000000000000e+01
1.208462476730346680e+00,1.300000000000000000e+01
1.281688213348388672e+00,1.400000000000000000e+01
1.354857683181762695e+00,1.500000000000000000e+01
1.357069492340087891e+00,1.600000000000000000e+01
1.430115938186645508e+00,1.700000000000000000e+01
1.432243347167968750e+00,1.800000000000000000e+01
1.507471323013305664e+00,1.900000000000000000e+01
1.582633018493652344e+00,2.000000000000000000e+01
1.657950401306152344e+00,2.100000000000000000e+01
1.733369827270507812e+00,2.200000000000000000e+01
1.809469461441040039e+00,2.300000000000000000e+01
1.884789228439331055e+00,2.400000000000000000e+01
1.960129499435424805e+00,2.500000000000000000e+01
2.035484313964843750e+00,2.600000000000000000e+01
2.131777048110961914e+00,2.700000000000000000e+01
2.204927682876586914e+00,2.800000000000000000e+01
2.278288841247558594e+00,2.900000000000000000e+01
2.280569553375244141e+00,3.000000000000000000e+01
2.353677511215209961e+00,3.100000000000000000e+01
2.355906486511230469e+00,3.200000000000000000e+01
2.428964376449584961e+00,3.300000000000000000e+01
2.431158065795898438e+00,3.400000000000000000e+01
2.506469488143920898e+00,3.500000000000000000e+01
2.581690311431884766e+00,3.600000000000000000e+01
2.656995534896850586e+00,3.700000000000000000e+01
2.732383012771606445e+00,3.800000000000000000e+01
2.807688474655151367e+00,3.900000000000000000e+01
2.883018970489501953e+00,4.000000000000000000e+01
2.958347558975219727e+00,4.100000000000000000e+01
3.033609628677368164e+00,4.200000000000000000e+01
3.108924865722656250e+00,4.300000000000000000e+01
3.257520914077758789e+00,4.400000000000000000e+01
3.332897901535034180e+00,4.500000000000000000e+01
3.408275365829467773e+00,4.600000000000000000e+01
3.483668327331542969e+00,4.700000000000000000e+01
3.630002737045288086e+00,4.800000000000000000e+01
3.703188657760620117e+00,4.900000000000000000e+01
3.776392698287963867e+00,5.000000000000000000e+01
3.778633117675781250e+00,5.100000000000000000e+01
3.854021549224853516e+00,5.200000000000000000e+01
3.929296016693115234e+00,5.300000000000000000e+01
4.005253076553344727e+00,5.400000000000000000e+01
4.080873012542724609e+00,5.500000000000000000e+01
4.156485319137573242e+00,5.600000000000000000e+01
4.239053249359130859e+00,5.700000000000000000e+01
4.312463998794555664e+00,5.800000000000000000e+01
4.459200620651245117e+00,5.900000000000000000e+01
4.461585044860839844e+00,6.000000000000000000e+01
4.534876346588134766e+00,6.100000000000000000e+01
4.537234544754028320e+00,6.200000000000000000e+01
4.689176797866821289e+00,6.300000000000000000e+01
4.762490510940551758e+00,6.400000000000000000e+01
4.764848232269287109e+00,6.500000000000000000e+01
4.838228225708007812e+00,6.600000000000000000e+01
4.840559482574462891e+00,6.700000000000000000e+01
4.913762807846069336e+00,6.800000000000000000e+01
4.916008949279785156e+00,6.900000000000000000e+01
5.082917213439941406e+00,7.000000000000000000e+01
5.156147956848144531e+00,7.100000000000000000e+01
5.158370733261108398e+00,7.200000000000000000e+01
5.231529474258422852e+00,7.300000000000000000e+01
5.233789443969726562e+00,7.400000000000000000e+01
5.306941509246826172e+00,7.500000000000000000e+01
5.309193372726440430e+00,7.600000000000000000e+01
5.382335901260375977e+00,7.700000000000000000e+01
5.384617328643798828e+00,7.800000000000000000e+01
5.457756042480468750e+00,7.900000000000000000e+01
5.460018634796142578e+00,8.000000000000000000e+01
5.533185958862304688e+00,8.100000000000000000e+01
5.535410881042480469e+00,8.200000000000000000e+01
5.609399318695068359e+00,8.300000000000000000e+01
5.614418029785156250e+00,8.400000000000000000e+01
5.687575340270996094e+00,8.500000000000000000e+01
5.760835886001586914e+00,8.600000000000000000e+01
5.763052940368652344e+00,8.700000000000000000e+01
5.910968303680419922e+00,8.800000000000000000e+01
5.913135051727294922e+00,8.900000000000000000e+01
5.986292123794555664e+00,9.000000000000000000e+01
5.988532066345214844e+00,9.100000000000000000e+01
6.063851833343505859e+00,9.200000000000000000e+01
6.140144348144531250e+00,9.300000000000000000e+01
6.213301897048950195e+00,9.400000000000000000e+01
6.215601444244384766e+00,9.500000000000000000e+01
6.290938615798950195e+00,9.600000000000000000e+01
6.366230010986328125e+00,9.700000000000000000e+01
6.441545248031616211e+00,9.800000000000000000e+01
6.516831159591674805e+00,9.900000000000000000e+01
6.592136859893798828e+00,1.000000000000000000e+02
6.667491197586059570e+00,1.010000000000000000e+02
6.742818355560302734e+00,1.020000000000000000e+02
6.818281412124633789e+00,1.030000000000000000e+02
6.893816232681274414e+00,1.040000000000000000e+02
6.969175815582275391e+00,1.050000000000000000e+02
7.044450283050537109e+00,1.060000000000000000e+02
7.193814277648925781e+00,1.070000000000000000e+02
7.269204378128051758e+00,1.080000000000000000e+02
7.344461202621459961e+00,1.090000000000000000e+02
7.419897556304931641e+00,1.100000000000000000e+02
7.495237827301025391e+00,1.110000000000000000e+02
7.570592880249023438e+00,1.120000000000000000e+02
7.646813631057739258e+00,1.130000000000000000e+02
7.722152948379516602e+00,1.140000000000000000e+02
7.798326492309570312e+00,1.150000000000000000e+02
7.873597145080566406e+00,1.160000000000000000e+02
7.948827505111694336e+00,1.170000000000000000e+02
8.095072031021118164e+00,1.180000000000000000e+02
8.168219327926635742e+00,1.190000000000000000e+02
8.170381069183349609e+00,1.200000000000000000e+02
8.243529796600341797e+00,1.210000000000000000e+02
8.245699644088745117e+00,1.220000000000000000e+02
8.318785667419433594e+00,1.230000000000000000e+02
8.321002960205078125e+00,1.240000000000000000e+02
8.394118785858154297e+00,1.250000000000000000e+02
8.396270275115966797e+00,1.260000000000000000e+02
8.469357490539550781e+00,1.270000000000000000e+02
8.471482992172241211e+00,1.280000000000000000e+02
8.544627904891967773e+00,1.290000000000000000e+02
8.546950817108154297e+00,1.300000000000000000e+02
8.620200395584106445e+00,1.310000000000000000e+02
8.623070955276489258e+00,1.320000000000000000e+02
8.696511745452880859e+00,1.330000000000000000e+02
8.698855161666870117e+00,1.340000000000000000e+02
8.772077798843383789e+00,1.350000000000000000e+02
8.774208545684814453e+00,1.360000000000000000e+02
8.847357749938964844e+00,1.370000000000000000e+02
8.849584341049194336e+00,1.380000000000000000e+02
8.922695875167846680e+00,1.390000000000000000e+02
8.924937009811401367e+00,1.400000000000000000e+02
9.003887414932250977e+00,1.410000000000000000e+02
9.077019691467285156e+00,1.420000000000000000e+02
9.150234222412109375e+00,1.430000000000000000e+02
9.152473926544189453e+00,1.440000000000000000e+02
9.225622177124023438e+00,1.450000000000000000e+02
9.227924108505249023e+00,1.460000000000000000e+02
9.301084280014038086e+00,1.470000000000000000e+02
9.303285121917724609e+00,1.480000000000000000e+02
9.378614187240600586e+00,1.490000000000000000e+02
9.454033374786376953e+00,1.500000000000000000e+02
9.529386520385742188e+00,1.510000000000000000e+02
9.604727983474731445e+00,1.520000000000000000e+02
9.680227041244506836e+00,1.530000000000000000e+02
9.755587339401245117e+00,1.540000000000000000e+02
9.830997705459594727e+00,1.550000000000000000e+02
9.906368732452392578e+00,1.560000000000000000e+02
9.981714487075805664e+00,1.570000000000000000e+02
1.005705356597900391e+01,1.580000000000000000e+02
1.013246679306030273e+01,1.590000000000000000e+02
1.028117704391479492e+01,1.600000000000000000e+02
1.035666966438293457e+01,1.610000000000000000e+02
1.043198466300964355e+01,1.620000000000000000e+02
1.050728654861450195e+01,1.630000000000000000e+02
1.058263731002807617e+01,1.640000000000000000e+02
1.072906041145324707e+01,1.650000000000000000e+02
1.080225658416748047e+01,1.660000000000000000e+02
1.087545347213745117e+01,1.670000000000000000e+02
1.087764167785644531e+01,1.680000000000000000e+02
1.095294475555419922e+01,1.690000000000000000e+02
1.102828264236450195e+01,1.700000000000000000e+02
1.110362577438354492e+01,1.710000000000000000e+02
1.117894935607910156e+01,1.720000000000000000e+02
1.125424695014953613e+01,1.730000000000000000e+02
1.132953691482543945e+01,1.740000000000000000e+02
1.140489959716796875e+01,1.750000000000000000e+02
1.148016881942749023e+01,1.760000000000000000e+02
1.155546236038208008e+01,1.770000000000000000e+02
1.163563776016235352e+01,1.780000000000000000e+02
1.170891475677490234e+01,1.790000000000000000e+02
1.171106624603271484e+01,1.800000000000000000e+02
1.178409385681152344e+01,1.810000000000000000e+02
1.178627109527587891e+01,1.820000000000000000e+02
1.185942959785461426e+01,1.830000000000000000e+02
1.186175560951232910e+01,1.840000000000000000e+02
1.193484735488891602e+01,1.850000000000000000e+02
1.193701148033142090e+01,1.860000000000000000e+02
1.201225638389587402e+01,1.870000000000000000e+02
1.208754897117614746e+01,1.880000000000000000e+02
1.216291451454162598e+01,1.890000000000000000e+02
1.223822736740112305e+01,1.900000000000000000e+02
1.231361579895019531e+01,1.910000000000000000e+02
1.238889765739440918e+01,1.920000000000000000e+02
1.246417999267578125e+01,1.930000000000000000e+02
1.253946900367736816e+01,1.940000000000000000e+02
1.261766743659973145e+01,1.950000000000000000e+02
1.269323992729187012e+01,1.960000000000000000e+02
1.276863718032836914e+01,1.970000000000000000e+02
1.284415268898010254e+01,1.980000000000000000e+02
1.291941738128662109e+01,1.990000000000000000e+02
1.299470758438110352e+01,2.000000000000000000e+02
1.306989026069641113e+01,2.010000000000000000e+02
1.314574623107910156e+01,2.020000000000000000e+02
1.322109150886535645e+01,2.030000000000000000e+02
1.329639029502868652e+01,2.040000000000000000e+02
1.337160611152648926e+01,2.050000000000000000e+02
1.352023530006408691e+01,2.060000000000000000e+02
1.359563183784484863e+01,2.070000000000000000e+02
1.367103719711303711e+01,2.080000000000000000e+02
1.374639320373535156e+01,2.090000000000000000e+02
1.396582770347595215e+01,2.100000000000000000e+02
1.403899431228637695e+01,2.110000000000000000e+02
1.404141068458557129e+01,2.120000000000000000e+02
1.411569547653198242e+01,2.130000000000000000e+02
1.411953282356262207e+01,2.140000000000000000e+02
1.419272780418395996e+01,2.150000000000000000e+02
1.426591706275939941e+01,2.160000000000000000e+02
1.426817750930786133e+01,2.170000000000000000e+02
1.434354639053344727e+01,2.180000000000000000e+02
1.441897606849670410e+01,2.190000000000000000e+02
1.449428510665893555e+01,2.200000000000000000e+02
1.456960439682006836e+01,2.210000000000000000e+02
1.464512372016906738e+01,2.220000000000000000e+02
1.472048544883728027e+01,2.230000000000000000e+02
1.479574394226074219e+01,2.240000000000000000e+02
1.487105822563171387e+01,2.250000000000000000e+02
1.494641184806823730e+01,2.260000000000000000e+02
1.502175807952880859e+01,2.270000000000000000e+02
1.509711694717407227e+01,2.280000000000000000e+02
1.517271137237548828e+01,2.290000000000000000e+02
1.524818396568298340e+01,2.300000000000000000e+02
1.532355189323425293e+01,2.310000000000000000e+02
1.539889836311340332e+01,2.320000000000000000e+02
1.554746532440185547e+01,2.330000000000000000e+02
1.562387990951538086e+01,2.340000000000000000e+02
1.569925951957702637e+01,2.350000000000000000e+02
1.577460145950317383e+01,2.360000000000000000e+02
1.592099666595458984e+01,2.370000000000000000e+02
1.599426460266113281e+01,2.380000000000000000e+02
1.606744241714477539e+01,2.390000000000000000e+02
1.606967830657958984e+01,2.400000000000000000e+02
1.614349770545959473e+01,2.410000000000000000e+02
1.614639663696289062e+01,2.420000000000000000e+02
1.621951365470886230e+01,2.430000000000000000e+02
1.622176837921142578e+01,2.440000000000000000e+02
1.629491877555847168e+01,2.450000000000000000e+02
1.629710102081298828e+01,2.460000000000000000e+02
1.637019777297973633e+01,2.470000000000000000e+02
1.637234115600585938e+01,2.480000000000000000e+02
1.644541454315185547e+01,2.490000000000000000e+02
1.644759535789489746e+01,2.500000000000000000e+02
1.652289986610412598e+01,2.510000000000000000e+02
1.659820485115051270e+01,2.520000000000000000e+02
1.667452311515808105e+01,2.530000000000000000e+02
1.674995183944702148e+01,2.540000000000000000e+02
1.682537746429443359e+01,2.550000000000000000e+02
1.690076112747192383e+01,2.560000000000000000e+02
1.697609162330627441e+01,2.570000000000000000e+02
1.705143570899963379e+01,2.580000000000000000e+02
1.712730932235717773e+01,2.590000000000000000e+02
1.720272779464721680e+01,2.600000000000000000e+02
1.727801299095153809e+01,2.610000000000000000e+02
1.735338091850280762e+01,2.620000000000000000e+02
1.742869615554809570e+01,2.630000000000000000e+02
1.750395798683166504e+01,2.640000000000000000e+02
1.765253543853759766e+01,2.650000000000000000e+02
1.772850060462951660e+01,2.660000000000000000e+02
1.780427026748657227e+01,2.670000000000000000e+02
1.787994313240051270e+01,2.680000000000000000e+02
1.795545554161071777e+01,2.690000000000000000e+02
1.803098654747009277e+01,2.700000000000000000e+02
1.810657143592834473e+01,2.710000000000000000e+02
1.818230628967285156e+01,2.720000000000000000e+02
1.825765490531921387e+01,2.730000000000000000e+02
1.833291149139404297e+01,2.740000000000000000e+02
1.840816164016723633e+01,2.750000000000000000e+02
1.855454611778259277e+01,2.760000000000000000e+02
1.862776350975036621e+01,2.770000000000000000e+02
1.870098137855529785e+01,2.780000000000000000e+02
1.870309019088745117e+01,2.790000000000000000e+02
1.877830243110656738e+01,2.800000000000000000e+02
1.885353732109069824e+01,2.810000000000000000e+02
1.892880868911743164e+01,2.820000000000000000e+02
1.900548434257507324e+01,2.830000000000000000e+02
1.908075046539306641e+01,2.840000000000000000e+02
1.915599203109741211e+01,2.850000000000000000e+02
1.923133492469787598e+01,2.860000000000000000e+02
1.930655169486999512e+01,2.870000000000000000e+02
1.938175058364868164e+01,2.880000000000000000e+02
1.945700049400329590e+01,2.890000000000000000e+02
1.953433847427368164e+01,2.900000000000000000e+02
1.961187505722045898e+01,2.910000000000000000e+02
1.978000831604003906e+01,2.920000000000000000e+02
1.992813181877136230e+01,2.930000000000000000e+02
1.993027496337890625e+01,2.940000000000000000e+02
2.000337624549865723e+01,2.950000000000000000e+02
2.000594282150268555e+01,2.960000000000000000e+02
2.007908892631530762e+01,2.970000000000000000e+02
2.008136796951293945e+01,2.980000000000000000e+02
2.015447616577148438e+01,2.990000000000000000e+02
2.015667033195495605e+01,3.000000000000000000e+02
2.022980427742004395e+01,3.010000000000000000e+02
2.023204064369201660e+01,3.020000000000000000e+02
2.030521106719970703e+01,3.030000000000000000e+02
2.030745530128479004e+01,3.040000000000000000e+02
2.038280749320983887e+01,3.050000000000000000e+02
2.045803093910217285e+01,3.060000000000000000e+02
2.053330588340759277e+01,3.070000000000000000e+02
2.061036872863769531e+01,3.080000000000000000e+02
2.068557572364807129e+01,3.090000000000000000e+02
2.076052570343017578e+01,3.100000000000000000e+02
2.083577990531921387e+01,3.110000000000000000e+02
2.091111850738525391e+01,3.120000000000000000e+02
2.098642659187316895e+01,3.130000000000000000e+02
2.106172227859497070e+01,3.140000000000000000e+02
2.113715600967407227e+01,3.150000000000000000e+02
2.121364402770996094e+01,3.160000000000000000e+02
2.128949236869812012e+01,3.170000000000000000e+02
2.136471939086914062e+01,3.180000000000000000e+02
2.144006896018981934e+01,3.190000000000000000e+02
2.151542949676513672e+01,3.200000000000000000e+02
2.159070801734924316e+01,3.210000000000000000e+02
2.166607379913330078e+01,3.220000000000000000e+02
2.181465721130371094e+01,3.230000000000000000e+02
2.188993668556213379e+01,3.240000000000000000e+02
2.196523523330688477e+01,3.250000000000000000e+02
2.211204242706298828e+01,3.260000000000000000e+02
2.218529701232910156e+01,3.270000000000000000e+02
2.225843858718872070e+01,3.280000000000000000e+02
2.226059103012084961e+01,3.290000000000000000e+02
2.233577322959899902e+01,3.300000000000000000e+02
2.241080999374389648e+01,3.310000000000000000e+02
2.248610854148864746e+01,3.320000000000000000e+02
2.256131649017333984e+01,3.330000000000000000e+02
2.263792109489440918e+01,3.340000000000000000e+02
2.271323060989379883e+01,3.350000000000000000e+02
2.278888773918151855e+01,3.360000000000000000e+02
2.286419129371643066e+01,3.370000000000000000e+02
2.293941164016723633e+01,3.380000000000000000e+02
2.301474738121032715e+01,3.390000000000000000e+02
2.309001755714416504e+01,3.400000000000000000e+02
2.316524004936218262e+01,3.410000000000000000e+02
2.324056291580200195e+01,3.420000000000000000e+02
2.331580066680908203e+01,3.430000000000000000e+02
2.339106512069702148e+01,3.440000000000000000e+02
2.346648907661437988e+01,3.450000000000000000e+02
2.354177689552307129e+01,3.460000000000000000e+02
2.361724567413330078e+01,3.470000000000000000e+02
2.369346094131469727e+01,3.480000000000000000e+02
2.376878404617309570e+01,3.490000000000000000e+02
2.384399676322937012e+01,3.500000000000000000e+02
2.391932845115661621e+01,3.510000000000000000e+02
2.399495363235473633e+01,3.520000000000000000e+02
2.407025241851806641e+01,3.530000000000000000e+02
2.414621424674987793e+01,3.540000000000000000e+02
2.422155261039733887e+01,3.550000000000000000e+02
2.429725337028503418e+01,3.560000000000000000e+02
2.437256765365600586e+01,3.570000000000000000e+02
2.444781208038330078e+01,3.580000000000000000e+02
2.452308368682861328e+01,3.590000000000000000e+02
2.466975259780883789e+01,3.600000000000000000e+02
2.474295258522033691e+01,3.610000000000000000e+02
2.481619238853454590e+01,3.620000000000000000e+02
2.481840038299560547e+01,3.630000000000000000e+02
2.489148473739624023e+01,3.640000000000000000e+02
2.489367890357971191e+01,3.650000000000000000e+02
2.496891593933105469e+01,3.660000000000000000e+02
2.504421520233154297e+01,3.670000000000000000e+02
2.512097239494323730e+01,3.680000000000000000e+02
2.519626545906066895e+01,3.690000000000000000e+02
2.527146840095520020e+01,3.700000000000000000e+02
2.534669923782348633e+01,3.710000000000000000e+02
2.542210769653320312e+01,3.720000000000000000e+02
2.549741029739379883e+01,3.730000000000000000e+02
2.557356953620910645e+01,3.740000000000000000e+02
2.564984011650085449e+01,3.750000000000000000e+02
2.572508907318115234e+01,3.760000000000000000e+02
2.580113816261291504e+01,3.770000000000000000e+02
2.587641286849975586e+01,3.780000000000000000e+02
2.595172619819641113e+01,3.790000000000000000e+02
2.602700281143188477e+01,3.800000000000000000e+02
2.610230088233947754e+01,3.810000000000000000e+02
2.617759418487548828e+01,3.820000000000000000e+02
2.625298237800598145e+01,3.830000000000000000e+02
2.632839345932006836e+01,3.840000000000000000e+02
2.640373134613037109e+01,3.850000000000000000e+02
2.647907161712646484e+01,3.860000000000000000e+02
2.655435419082641602e+01,3.870000000000000000e+02
2.663080453872680664e+01,3.880000000000000000e+02
2.670607280731201172e+01,3.890000000000000000e+02
2.678131198883056641e+01,3.900000000000000000e+02
2.685651040077209473e+01,3.910000000000000000e+02
2.693174958229064941e+01,3.920000000000000000e+02
2.700697541236877441e+01,3.930000000000000000e+02
2.708220291137695312e+01,3.940000000000000000e+02
2.715755939483642578e+01,3.950000000000000000e+02
2.723428893089294434e+01,3.960000000000000000e+02
2.731004190444946289e+01,3.970000000000000000e+02
2.738534283638000488e+01,3.980000000000000000e+02
2.746058511734008789e+01,3.990000000000000000e+02
2.753593921661376953e+01,4.000000000000000000e+02
2.761297178268432617e+01,4.010000000000000000e+02
2.768831110000610352e+01,4.020000000000000000e+02
2.776356458663940430e+01,4.030000000000000000e+02
2.783898425102233887e+01,4.040000000000000000e+02
2.791426277160644531e+01,4.050000000000000000e+02
2.798947429656982422e+01,4.060000000000000000e+02
2.813564252853393555e+01,4.070000000000000000e+02
2.820886111259460449e+01,4.080000000000000000e+02
2.821103048324584961e+01,4.090000000000000000e+02
2.828416728973388672e+01,4.100000000000000000e+02
2.828630232810974121e+01,4.110000000000000000e+02
2.835935783386230469e+01,4.120000000000000000e+02
2.836148452758789062e+01,4.130000000000000000e+02
2.843457531929016113e+01,4.140000000000000000e+02
2.843683767318725586e+01,4.150000000000000000e+02
2.850993943214416504e+01,4.160000000000000000e+02
2.851218247413635254e+01,4.170000000000000000e+02
2.858555650711059570e+01,4.180000000000000000e+02
2.858783531188964844e+01,4.190000000000000000e+02
2.866094565391540527e+01,4.200000000000000000e+02
2.866316699981689453e+01,4.210000000000000000e+02
2.873628687858581543e+01,4.220000000000000000e+02
2.873837232589721680e+01,4.230000000000000000e+02
2.881465768814086914e+01,4.240000000000000000e+02
2.888774394989013672e+01,4.250000000000000000e+02
2.888991975784301758e+01,4.260000000000000000e+02
2.896522593498229980e+01,4.270000000000000000e+02
2.904067301750183105e+01,4.280000000000000000e+02
2.911949133872985840e+01,4.290000000000000000e+02
2.919272756576538086e+01,4.300000000000000000e+02
2.919490098953247070e+01,4.310000000000000000e+02
2.926806640625000000e+01,4.320000000000000000e+02
2.927025675773620605e+01,4.330000000000000000e+02
2.934339857101440430e+01,4.340000000000000000e+02
2.934558033943176270e+01,4.350000000000000000e+02
2.941872167587280273e+01,4.360000000000000000e+02
2.942091083526611328e+01,4.370000000000000000e+02
2.956876659393310547e+01,4.380000000000000000e+02
2.957092380523681641e+01,4.390000000000000000e+02
2.964645600318908691e+01,4.400000000000000000e+02
2.972181892395019531e+01,4.410000000000000000e+02
2.979704761505126953e+01,4.420000000000000000e+02
2.987235164642333984e+01,4.430000000000000000e+02
2.994772410392761230e+01,4.440000000000000000e+02
3.002308249473571777e+01,4.450000000000000000e+02
3.009847044944763184e+01,4.460000000000000000e+02
3.017382669448852539e+01,4.470000000000000000e+02
3.024932909011840820e+01,4.480000000000000000e+02
3.032470631599426270e+01,4.490000000000000000e+02
3.047333788871765137e+01,4.500000000000000000e+02
3.054864788055419922e+01,4.510000000000000000e+02
3.062525892257690430e+01,4.520000000000000000e+02
3.070062661170959473e+01,4.530000000000000000e+02
3.077591466903686523e+01,4.540000000000000000e+02
3.085122704505920410e+01,4.550000000000000000e+02
3.092653036117553711e+01,4.560000000000000000e+02
3.100189495086669922e+01,4.570000000000000000e+02
3.109521937370300293e+01,4.580000000000000000e+02
3.109743475914001465e+01,4.590000000000000000e+02
3.117297196388244629e+01,4.600000000000000000e+02
3.124830198287963867e+01,4.610000000000000000e+02
3.132370758056640625e+01,4.620000000000000000e+02
3.139954304695129395e+01,4.630000000000000000e+02
3.147492527961730957e+01,4.640000000000000000e+02
3.155021333694458008e+01,4.650000000000000000e+02
3.162682056427001953e+01,4.660000000000000000e+02
3.170271968841552734e+01,4.670000000000000000e+02
3.177804470062255859e+01,4.680000000000000000e+02
3.185334992408752441e+01,4.690000000000000000e+02
3.192876124382019043e+01,4.700000000000000000e+02
3.200425601005554199e+01,4.710000000000000000e+02
3.207965564727783203e+01,4.720000000000000000e+02
3.215493440628051758e+01,4.730000000000000000e+02
3.223026251792907715e+01,4.740000000000000000e+02
3.230553722381591797e+01,4.750000000000000000e+02
3.238089585304260254e+01,4.760000000000000000e+02
3.245622754096984863e+01,4.770000000000000000e+02
3.253156447410583496e+01,4.780000000000000000e+02
3.260855388641357422e+01,4.790000000000000000e+02
3.268393397331237793e+01,4.800000000000000000e+02
3.275928974151611328e+01,4.810000000000000000e+02
3.283471870422363281e+01,4.820000000000000000e+02
3.291003227233886719e+01,4.830000000000000000e+02
3.298535680770874023e+01,4.840000000000000000e+02
3.306078743934631348e+01,4.850000000000000000e+02
3.313630795478820801e+01,4.860000000000000000e+02
3.321359491348266602e+01,4.870000000000000000e+02
3.328945064544677734e+01,4.880000000000000000e+02
3.336492323875427246e+01,4.890000000000000000e+02
3.344035077095031738e+01,4.900000000000000000e+02
3.351570677757263184e+01,4.910000000000000000e+02
3.359110832214355469e+01,4.920000000000000000e+02
3.366661596298217773e+01,4.930000000000000000e+02
3.374223375320434570e+01,4.940000000000000000e+02
3.381771135330200195e+01,4.950000000000000000e+02
3.391106319427490234e+01,4.960000000000000000e+02
3.391326570510864258e+01,4.970000000000000000e+02
3.399242758750915527e+01,4.980000000000000000e+02
3.406565165519714355e+01,4.990000000000000000e+02
3.406794857978820801e+01,5.000000000000000000e+02
3.414162278175354004e+01,5.010000000000000000e+02
3.414446663856506348e+01,5.020000000000000000e+02
3.429245305061340332e+01,5.030000000000000000e+02
3.429460763931274414e+01,5.040000000000000000e+02
3.436772298812866211e+01,5.050000000000000000e+02
3.436996746063232422e+01,5.060000000000000000e+02
3.444310641288757324e+01,5.070000000000000000e+02
3.444567561149597168e+01,5.080000000000000000e+02
3.461294746398925781e+01,5.090000000000000000e+02
3.468863964080810547e+01,5.100000000000000000e+02
3.469571161270141602e+01,5.110000000000000000e+02
3.477158236503601074e+01,5.120000000000000000e+02
3.484731531143188477e+01,5.130000000000000000e+02
3.492278838157653809e+01,5.140000000000000000e+02
3.499892783164978027e+01,5.150000000000000000e+02
3.507434749603271484e+01,5.160000000000000000e+02
3.515058732032775879e+01,5.170000000000000000e+02
3.522578525543212891e+01,5.180000000000000000e+02
3.530103302001953125e+01,5.190000000000000000e+02
3.537628102302551270e+01,5.200000000000000000e+02
3.567065286636352539e+01,5.210000000000000000e+02
3.567275524139404297e+01,5.220000000000000000e+02
3.574588942527770996e+01,5.230000000000000000e+02
3.574796247482299805e+01,5.240000000000000000e+02
3.582104873657226562e+01,5.250000000000000000e+02
3.582317852973937988e+01,5.260000000000000000e+02
3.589635753631591797e+01,5.270000000000000000e+02
3.589848184585571289e+01,5.280000000000000000e+02
3.597155570983886719e+01,5.290000000000000000e+02
3.597371387481689453e+01,5.300000000000000000e+02
3.604890203475952148e+01,5.310000000000000000e+02
3.612505912780761719e+01,5.320000000000000000e+02
3.620147776603698730e+01,5.330000000000000000e+02
3.627461338043212891e+01,5.340000000000000000e+02
3.627677440643310547e+01,5.350000000000000000e+02
3.634989047050476074e+01,5.360000000000000000e+02
3.635206246376037598e+01,5.370000000000000000e+02
3.642737793922424316e+01,5.380000000000000000e+02
3.650266695022583008e+01,5.390000000000000000e+02
3.657791590690612793e+01,5.400000000000000000e+02
3.665320658683776855e+01,5.410000000000000000e+02
3.672850084304809570e+01,5.420000000000000000e+02
3.680496287345886230e+01,5.430000000000000000e+02
3.688080215454101562e+01,5.440000000000000000e+02
3.695651221275329590e+01,5.450000000000000000e+02
3.703420162200927734e+01,5.460000000000000000e+02
3.710788726806640625e+01,5.470000000000000000e+02
3.711014699935913086e+01,5.480000000000000000e+02
3.718386578559875488e+01,5.490000000000000000e+02
3.718845129013061523e+01,5.500000000000000000e+02
3.726170253753662109e+01,5.510000000000000000e+02
3.733567833900451660e+01,5.520000000000000000e+02
3.733806514739990234e+01,5.530000000000000000e+02
3.741310572624206543e+01,5.540000000000000000e+02
3.741611051559448242e+01,5.550000000000000000e+02
3.756303310394287109e+01,5.560000000000000000e+02
3.756531763076782227e+01,5.570000000000000000e+02
3.779033017158508301e+01,5.580000000000000000e+02
3.779429745674133301e+01,5.590000000000000000e+02
3.786833691596984863e+01,5.600000000000000000e+02
3.794197368621826172e+01,5.610000000000000000e+02
3.794517731666564941e+01,5.620000000000000000e+02
3.802041077613830566e+01,5.630000000000000000e+02
3.809562206268310547e+01,5.640000000000000000e+02
3.816990733146667480e+01,5.650000000000000000e+02
3.824823451042175293e+01,5.660000000000000000e+02
3.825132918357849121e+01,5.670000000000000000e+02
3.832961368560791016e+01,5.680000000000000000e+02
3.840615439414978027e+01,5.690000000000000000e+02
3.848214673995971680e+01,5.700000000000000000e+02
3.855910754203796387e+01,5.710000000000000000e+02
3.863487195968627930e+01,5.720000000000000000e+02
3.871042346954345703e+01,5.730000000000000000e+02
3.878575038909912109e+01,5.740000000000000000e+02
3.886098098754882812e+01,5.750000000000000000e+02
3.893627953529357910e+01,5.760000000000000000e+02
3.901166009902954102e+01,5.770000000000000000e+02
3.908681726455688477e+01,5.780000000000000000e+02
3.916308069229125977e+01,5.790000000000000000e+02
3.923976564407348633e+01,5.800000000000000000e+02
3.931509423255920410e+01,5.810000000000000000e+02
3.939035940170288086e+01,5.820000000000000000e+02
3.946557903289794922e+01,5.830000000000000000e+02
3.961452794075012207e+01,5.840000000000000000e+02
3.969038176536560059e+01,5.850000000000000000e+02
3.976615786552429199e+01,5.860000000000000000e+02
3.984179735183715820e+01,5.870000000000000000e+02
3.991745758056640625e+01,5.880000000000000000e+02
3.999311065673828125e+01,5.890000000000000000e+02
4.006843948364257812e+01,5.900000000000000000e+02
4.014530777931213379e+01,5.910000000000000000e+02
4.022064375877380371e+01,5.920000000000000000e+02
4.029594206809997559e+01,5.930000000000000000e+02
4.037126159667968750e+01,5.940000000000000000e+02
4.051754117012023926e+01,5.950000000000000000e+02
4.059120655059814453e+01,5.960000000000000000e+02
4.066502952575683594e+01,5.970000000000000000e+02
4.066751456260681152e+01,5.980000000000000000e+02
4.074065065383911133e+01,5.990000000000000000e+02
4.074285292625427246e+01,6.000000000000000000e+02
4.081593918800354004e+01,6.010000000000000000e+02
4.081816387176513672e+01,6.020000000000000000e+02
4.089118862152099609e+01,6.030000000000000000e+02
4.089337778091430664e+01,6.040000000000000000e+02
4.096652030944824219e+01,6.050000000000000000e+02
4.096871829032897949e+01,6.060000000000000000e+02
4.104400181770324707e+01,6.070000000000000000e+02
4.112194657325744629e+01,6.080000000000000000e+02
4.119512844085693359e+01,6.090000000000000000e+02
4.119725441932678223e+01,6.100000000000000000e+02
4.127034139633178711e+01,6.110000000000000000e+02
4.127250146865844727e+01,6.120000000000000000e+02
4.134568572044372559e+01,6.130000000000000000e+02
4.134782004356384277e+01,6.140000000000000000e+02
4.142093014717102051e+01,6.150000000000000000e+02
4.142307257652282715e+01,6.160000000000000000e+02
4.149621057510375977e+01,6.170000000000000000e+02
4.149835324287414551e+01,6.180000000000000000e+02
4.157348489761352539e+01,6.190000000000000000e+02
4.164993000030517578e+01,6.200000000000000000e+02
4.172521686553955078e+01,6.210000000000000000e+02
4.180053496360778809e+01,6.220000000000000000e+02
4.187591052055358887e+01,6.230000000000000000e+02
4.195140933990478516e+01,6.240000000000000000e+02
4.202671170234680176e+01,6.250000000000000000e+02
4.210206794738769531e+01,6.260000000000000000e+02
4.217747426033020020e+01,6.270000000000000000e+02
4.225294566154479980e+01,6.280000000000000000e+02
4.232834291458129883e+01,6.290000000000000000e+02
4.240378451347351074e+01,6.300000000000000000e+02
4.247916221618652344e+01,6.310000000000000000e+02
4.255459260940551758e+01,6.320000000000000000e+02
4.263120102882385254e+01,6.330000000000000000e+02
4.270667505264282227e+01,6.340000000000000000e+02
4.278211808204650879e+01,6.350000000000000000e+02
4.293069076538085938e+01,6.360000000000000000e+02
4.300607299804687500e+01,6.370000000000000000e+02
4.308142161369323730e+01,6.380000000000000000e+02
4.315697526931762695e+01,6.390000000000000000e+02
4.323235273361206055e+01,6.400000000000000000e+02
4.330771946907043457e+01,6.410000000000000000e+02
4.345397758483886719e+01,6.420000000000000000e+02
4.376982140541076660e+01,6.430000000000000000e+02
4.384294724464416504e+01,6.440000000000000000e+02
4.384519577026367188e+01,6.450000000000000000e+02
4.391830158233642578e+01,6.460000000000000000e+02
4.392051362991333008e+01,6.470000000000000000e+02
4.399386763572692871e+01,6.480000000000000000e+02
4.399620175361633301e+01,6.490000000000000000e+02
4.406938266754150391e+01,6.500000000000000000e+02
4.407154679298400879e+01,6.510000000000000000e+02
4.414814877510070801e+01,6.520000000000000000e+02
4.429616928100585938e+01,6.530000000000000000e+02
4.429837250709533691e+01,6.540000000000000000e+02
4.437379240989685059e+01,6.550000000000000000e+02
4.444910812377929688e+01,6.560000000000000000e+02
4.452442002296447754e+01,6.570000000000000000e+02
4.460048866271972656e+01,6.580000000000000000e+02
4.467586660385131836e+01,6.590000000000000000e+02
4.475118970870971680e+01,6.600000000000000000e+02
4.482657098770141602e+01,6.610000000000000000e+02
4.490199780464172363e+01,6.620000000000000000e+02
4.497738647460937500e+01,6.630000000000000000e+02
4.505300855636596680e+01,6.640000000000000000e+02
4.512900114059448242e+01,6.650000000000000000e+02
4.520651245117187500e+01,6.660000000000000000e+02
4.528228235244750977e+01,6.670000000000000000e+02
4.535785984992980957e+01,6.680000000000000000e+02
4.543324971199035645e+01,6.690000000000000000e+02
4.550865149497985840e+01,6.700000000000000000e+02
4.558389997482299805e+01,6.710000000000000000e+02
4.565918135643005371e+01,6.720000000000000000e+02
4.573451614379882812e+01,6.730000000000000000e+02
4.580990791320800781e+01,6.740000000000000000e+02
4.588523411750793457e+01,6.750000000000000000e+02
4.596043205261230469e+01,6.760000000000000000e+02
4.603561568260192871e+01,6.770000000000000000e+02
4.611119127273559570e+01,6.780000000000000000e+02
4.618656754493713379e+01,6.790000000000000000e+02
4.626188898086547852e+01,6.800000000000000000e+02
4.633716392517089844e+01,6.810000000000000000e+02
4.641253829002380371e+01,6.820000000000000000e+02
4.648789596557617188e+01,6.830000000000000000e+02
4.656318473815917969e+01,6.840000000000000000e+02
4.663974618911743164e+01,6.850000000000000000e+02
4.671512722969055176e+01,6.860000000000000000e+02
4.679080724716186523e+01,6.870000000000000000e+02
4.686611700057983398e+01,6.880000000000000000e+02
4.694135785102844238e+01,6.890000000000000000e+02
4.701675891876220703e+01,6.900000000000000000e+02
4.709213566780090332e+01,6.910000000000000000e+02
4.717148017883300781e+01,6.920000000000000000e+02
4.724874138832092285e+01,6.930000000000000000e+02
4.732477641105651855e+01,6.940000000000000000e+02
4.740548110008239746e+01,6.950000000000000000e+02
4.755249714851379395e+01,6.960000000000000000e+02
4.755526018142700195e+01,6.970000000000000000e+02
4.762956047058105469e+01,6.980000000000000000e+02
4.763184189796447754e+01,6.990000000000000000e+02
4.770504403114318848e+01,7.000000000000000000e+02
4.777819037437438965e+01,7.010000000000000000e+02
4.778034186363220215e+01,7.020000000000000000e+02
4.785347223281860352e+01,7.030000000000000000e+02
4.785833358764648438e+01,7.040000000000000000e+02
4.793237280845642090e+01,7.050000000000000000e+02
4.793574953079223633e+01,7.060000000000000000e+02
4.800909709930419922e+01,7.070000000000000000e+02
4.808432078361511230e+01,7.080000000000000000e+02
4.808780622482299805e+01,7.090000000000000000e+02
4.816273593902587891e+01,7.100000000000000000e+02
4.823798942565917969e+01,7.110000000000000000e+02
4.831176424026489258e+01,7.120000000000000000e+02
4.838501882553100586e+01,7.130000000000000000e+02
4.838798666000366211e+01,7.140000000000000000e+02
4.846222972869873047e+01,7.150000000000000000e+02
4.846543335914611816e+01,7.160000000000000000e+02
4.853887867927551270e+01,7.170000000000000000e+02
4.861281824111938477e+01,7.180000000000000000e+02
4.861675667762756348e+01,7.190000000000000000e+02
4.869138717651367188e+01,7.200000000000000000e+02
4.876464009284973145e+01,7.210000000000000000e+02
4.891486072540283203e+01,7.220000000000000000e+02
4.891947245597839355e+01,7.230000000000000000e+02
4.899477982521057129e+01,7.240000000000000000e+02
4.906869316101074219e+01,7.250000000000000000e+02
4.914233398437500000e+01,7.260000000000000000e+02
4.914604854583740234e+01,7.270000000000000000e+02
4.929499459266662598e+01,7.280000000000000000e+02
4.936840844154357910e+01,7.290000000000000000e+02
4.937068009376525879e+01,7.300000000000000000e+02
4.951879000663757324e+01,7.310000000000000000e+02
4.952097845077514648e+01,7.320000000000000000e+02
4.959418416023254395e+01,7.330000000000000000e+02
4.967020797729492188e+01,7.340000000000000000e+02
4.974574184417724609e+01,7.350000000000000000e+02
4.982112932205200195e+01,7.360000000000000000e+02
4.989661097526550293e+01,7.370000000000000000e+02
4.997483420372009277e+01,7.380000000000000000e+02
5.005046772956848145e+01,7.390000000000000000e+02
5.012703156471252441e+01,7.400000000000000000e+02
5.020115995407104492e+01,7.410000000000000000e+02
5.020381212234497070e+01,7.420000000000000000e+02
5.027747201919555664e+01,7.430000000000000000e+02
5.027970361709594727e+01,7.440000000000000000e+02
5.035518741607666016e+01,7.450000000000000000e+02
5.036108756065368652e+01,7.460000000000000000e+02
5.050762057304382324e+01,7.470000000000000000e+02
5.058087587356567383e+01,7.480000000000000000e+02
5.065575194358825684e+01,7.490000000000000000e+02
5.065980052947998047e+01,7.500000000000000000e+02
5.073323321342468262e+01,7.510000000000000000e+02
5.081138205528259277e+01,7.520000000000000000e+02
5.081774997711181641e+01,7.530000000000000000e+02
5.089876651763916016e+01,7.540000000000000000e+02
5.097240996360778809e+01,7.550000000000000000e+02
5.097507405281066895e+01,7.560000000000000000e+02
5.104858374595642090e+01,7.570000000000000000e+02
5.105089592933654785e+01,7.580000000000000000e+02
5.121824026107788086e+01,7.590000000000000000e+02
5.129181265830993652e+01,7.600000000000000000e+02
5.129405093193054199e+01,7.610000000000000000e+02
5.136740541458129883e+01,7.620000000000000000e+02
5.137000632286071777e+01,7.630000000000000000e+02
5.144350361824035645e+01,7.640000000000000000e+02
5.144712662696838379e+01,7.650000000000000000e+02
5.152393221855163574e+01,7.660000000000000000e+02
5.159852099418640137e+01,7.670000000000000000e+02
5.167174720764160156e+01,7.680000000000000000e+02
5.174497628211975098e+01,7.690000000000000000e+02
5.174710059165954590e+01,7.700000000000000000e+02
5.182049059867858887e+01,7.710000000000000000e+02
5.182324743270874023e+01,7.720000000000000000e+02
5.197181439399719238e+01,7.730000000000000000e+02
5.197423791885375977e+01,7.740000000000000000e+02
5.204927277565002441e+01,7.750000000000000000e+02
5.205195212364196777e+01,7.760000000000000000e+02
5.227599740028381348e+01,7.770000000000000000e+02
5.234927821159362793e+01,7.780000000000000000e+02
5.235147690773010254e+01,7.790000000000000000e+02
5.242714023590087891e+01,7.800000000000000000e+02
5.250122308731079102e+01,7.810000000000000000e+02
5.250361061096191406e+01,7.820000000000000000e+02
5.257677745819091797e+01,7.830000000000000000e+02
5.257894110679626465e+01,7.840000000000000000e+02
5.265207290649414062e+01,7.850000000000000000e+02
5.265426373481750488e+01,7.860000000000000000e+02
5.272740435600280762e+01,7.870000000000000000e+02
5.272963690757751465e+01,7.880000000000000000e+02
5.280513143539428711e+01,7.890000000000000000e+02
5.288050413131713867e+01,7.900000000000000000e+02
5.304728579521179199e+01,7.910000000000000000e+02
5.304949283599853516e+01,7.920000000000000000e+02
5.312288260459899902e+01,7.930000000000000000e+02
5.312581300735473633e+01,7.940000000000000000e+02
5.319937539100646973e+01,7.950000000000000000e+02
5.320430588722229004e+01,7.960000000000000000e+02
5.327857232093811035e+01,7.970000000000000000e+02
5.335177206993103027e+01,7.980000000000000000e+02
5.342515349388122559e+01,7.990000000000000000e+02
5.342749404907226562e+01,8.000000000000000000e+02
5.350106072425842285e+01,8.010000000000000000e+02
5.350341868400573730e+01,8.020000000000000000e+02
5.357679414749145508e+01,8.030000000000000000e+02
5.357905578613281250e+01,8.040000000000000000e+02
5.365243339538574219e+01,8.050000000000000000e+02
5.365479040145874023e+01,8.060000000000000000e+02
5.372808432579040527e+01,8.070000000000000000e+02
5.373042273521423340e+01,8.080000000000000000e+02
5.380374646186828613e+01,8.090000000000000000e+02
5.380594873428344727e+01,8.100000000000000000e+02
5.387973761558532715e+01,8.110000000000000000e+02
5.388401985168457031e+01,8.120000000000000000e+02
5.395722103118896484e+01,8.130000000000000000e+02
5.403050327301025391e+01,8.140000000000000000e+02
5.403363561630249023e+01,8.150000000000000000e+02
5.410675239562988281e+01,8.160000000000000000e+02
5.410896253585815430e+01,8.170000000000000000e+02
5.418205404281616211e+01,8.180000000000000000e+02
5.418507099151611328e+01,8.190000000000000000e+02
5.425822019577026367e+01,8.200000000000000000e+02
5.426043510437011719e+01,8.210000000000000000e+02
5.433355474472045898e+01,8.220000000000000000e+02
5.433572053909301758e+01,8.230000000000000000e+02
5.440891146659851074e+01,8.240000000000000000e+02
5.441112852096557617e+01,8.250000000000000000e+02
5.457978582382202148e+01,8.260000000000000000e+02
5.465371608734130859e+01,8.270000000000000000e+02
5.472842168807983398e+01,8.280000000000000000e+02
5.473140192031860352e+01,8.290000000000000000e+02
5.480590867996215820e+01,8.300000000000000000e+02
5.488132500648498535e+01,8.310000000000000000e+02
5.504086470603942871e+01,8.320000000000000000e+02
5.511663198471069336e+01,8.330000000000000000e+02
5.519536757469177246e+01,8.340000000000000000e+02
5.527704858779907227e+01,8.350000000000000000e+02
5.535353183746337891e+01,8.360000000000000000e+02
5.542726159095764160e+01,8.370000000000000000e+02
5.550079369544982910e+01,8.380000000000000000e+02
5.557489585876464844e+01,8.390000000000000000e+02
5.557871150970458984e+01,8.400000000000000000e+02
5.572683310508728027e+01,8.410000000000000000e+02
5.580331420898437500e+01,8.420000000000000000e+02
5.587936568260192871e+01,8.430000000000000000e+02
5.588313770294189453e+01,8.440000000000000000e+02
5.595639824867248535e+01,8.450000000000000000e+02
5.602998781204223633e+01,8.460000000000000000e+02
5.610448718070983887e+01,8.470000000000000000e+02
5.610755825042724609e+01,8.480000000000000000e+02
5.618090844154357910e+01,8.490000000000000000e+02
5.618328762054443359e+01,8.500000000000000000e+02
5.625667762756347656e+01,8.510000000000000000e+02
5.625888538360595703e+01,8.520000000000000000e+02
5.633221292495727539e+01,8.530000000000000000e+02
5.633444714546203613e+01,8.540000000000000000e+02
5.641201448440551758e+01,8.550000000000000000e+02
5.642225432395935059e+01,8.560000000000000000e+02
5.651368117332458496e+01,8.570000000000000000e+02
5.658742856979370117e+01,8.580000000000000000e+02
5.658977556228637695e+01,8.590000000000000000e+02
5.666320371627807617e+01,8.600000000000000000e+02
5.666573452949523926e+01,8.610000000000000000e+02
5.673899459838867188e+01,8.620000000000000000e+02
5.674129915237426758e+01,8.630000000000000000e+02
5.681454706192016602e+01,8.640000000000000000e+02
5.681684899330139160e+01,8.650000000000000000e+02
5.689205479621887207e+01,8.660000000000000000e+02
5.696751213073730469e+01,8.670000000000000000e+02
5.704284095764160156e+01,8.680000000000000000e+02
5.711810469627380371e+01,8.690000000000000000e+02
5.719339013099670410e+01,8.700000000000000000e+02
5.726867294311523438e+01,8.710000000000000000e+02
5.734423851966857910e+01,8.720000000000000000e+02
5.741965007781982422e+01,8.730000000000000000e+02
5.749498867988586426e+01,8.740000000000000000e+02
5.757041454315185547e+01,8.750000000000000000e+02
5.764578604698181152e+01,8.760000000000000000e+02
5.772109961509704590e+01,8.770000000000000000e+02
5.779643177986145020e+01,8.780000000000000000e+02
5.787176823616027832e+01,8.790000000000000000e+02
5.794711470603942871e+01,8.800000000000000000e+02
5.811782145500183105e+01,8.810000000000000000e+02
5.819449329376220703e+01,8.820000000000000000e+02
5.826796293258666992e+01,8.830000000000000000e+02
5.827037167549133301e+01,8.840000000000000000e+02
5.834351181983947754e+01,8.850000000000000000e+02
5.834579467773437500e+01,8.860000000000000000e+02
5.841884469985961914e+01,8.870000000000000000e+02
5.842109942436218262e+01,8.880000000000000000e+02
5.849634480476379395e+01,8.890000000000000000e+02
5.857167577743530273e+01,8.900000000000000000e+02
5.865065407752990723e+01,8.910000000000000000e+02
5.872413206100463867e+01,8.920000000000000000e+02
5.872682881355285645e+01,8.930000000000000000e+02
5.880063462257385254e+01,8.940000000000000000e+02
5.887385463714599609e+01,8.950000000000000000e+02
5.887609529495239258e+01,8.960000000000000000e+02
5.894918656349182129e+01,8.970000000000000000e+02
5.895138096809387207e+01,8.980000000000000000e+02
5.902457737922668457e+01,8.990000000000000000e+02
5.902675867080688477e+01,9.000000000000000000e+02
5.909983587265014648e+01,9.010000000000000000e+02
5.910204529762268066e+01,9.020000000000000000e+02
5.917728877067565918e+01,9.030000000000000000e+02
5.925251722335815430e+01,9.040000000000000000e+02
5.932776713371276855e+01,9.050000000000000000e+02
5.940295839309692383e+01,9.060000000000000000e+02
5.947827315330505371e+01,9.070000000000000000e+02
5.955349874496459961e+01,9.080000000000000000e+02
5.962991142272949219e+01,9.090000000000000000e+02
5.970515298843383789e+01,9.100000000000000000e+02
5.978041815757751465e+01,9.110000000000000000e+02
5.985570287704467773e+01,9.120000000000000000e+02
5.993095254898071289e+01,9.130000000000000000e+02
6.000672006607055664e+01,9.140000000000000000e+02
6.008244156837463379e+01,9.150000000000000000e+02
6.023144578933715820e+01,9.160000000000000000e+02
6.030782604217529297e+01,9.170000000000000000e+02
6.038312697410583496e+01,9.180000000000000000e+02
6.045847415924072266e+01,9.190000000000000000e+02
6.053365540504455566e+01,9.200000000000000000e+02
6.061067819595336914e+01,9.210000000000000000e+02
6.068587350845336914e+01,9.220000000000000000e+02
6.076115298271179199e+01,9.230000000000000000e+02
6.083632993698120117e+01,9.240000000000000000e+02
6.091155505180358887e+01,9.250000000000000000e+02
6.098690867424011230e+01,9.260000000000000000e+02
6.113316679000854492e+01,9.270000000000000000e+02
6.120628404617309570e+01,9.280000000000000000e+02
6.120844554901123047e+01,9.290000000000000000e+02
6.128159356117248535e+01,9.300000000000000000e+02
6.128374838829040527e+01,9.310000000000000000e+02
6.135684561729431152e+01,9.320000000000000000e+02
6.135893654823303223e+01,9.330000000000000000e+02
6.143200731277465820e+01,9.340000000000000000e+02
6.143410563468933105e+01,9.350000000000000000e+02
6.150714921951293945e+01,9.360000000000000000e+02
6.150926232337951660e+01,9.370000000000000000e+02
6.158249115943908691e+01,9.380000000000000000e+02
6.158464431762695312e+01,9.390000000000000000e+02
6.165983629226684570e+01,9.400000000000000000e+02
6.173511219024658203e+01,9.410000000000000000e+02
6.181116795539855957e+01,9.420000000000000000e+02
6.188644647598266602e+01,9.430000000000000000e+02
6.196166682243347168e+01,9.440000000000000000e+02
6.203686165809631348e+01,9.450000000000000000e+02
6.211204099655151367e+01,9.460000000000000000e+02
6.218728518486022949e+01,9.470000000000000000e+02
6.226266193389892578e+01,9.480000000000000000e+02
6.233899307250976562e+01,9.490000000000000000e+02
6.241591787338256836e+01,9.500000000000000000e+02
6.249169373512268066e+01,9.510000000000000000e+02
6.273511219024658203e+01,9.520000000000000000e+02
6.273968601226806641e+01,9.530000000000000000e+02
6.281352663040161133e+01,9.540000000000000000e+02
6.288860011100769043e+01,9.550000000000000000e+02
6.296280074119567871e+01,9.560000000000000000e+02
6.296590065956115723e+01,9.570000000000000000e+02
6.304089164733886719e+01,9.580000000000000000e+02
6.326646852493286133e+01,9.590000000000000000e+02
6.334009528160095215e+01,9.600000000000000000e+02
6.334231996536254883e+01,9.610000000000000000e+02
6.341546034812927246e+01,9.620000000000000000e+02
6.341770339012145996e+01,9.630000000000000000e+02
6.349138092994689941e+01,9.640000000000000000e+02
6.349441337585449219e+01,9.650000000000000000e+02
6.364251160621643066e+01,9.660000000000000000e+02
6.364468836784362793e+01,9.670000000000000000e+02
6.371786999702453613e+01,9.680000000000000000e+02
6.372026252746582031e+01,9.690000000000000000e+02
6.379617691040039062e+01,9.700000000000000000e+02
6.380014610290527344e+01,9.710000000000000000e+02
6.387451505661010742e+01,9.720000000000000000e+02
6.394787740707397461e+01,9.730000000000000000e+02
6.402130246162414551e+01,9.740000000000000000e+02
6.402361440658569336e+01,9.750000000000000000e+02
6.409758687019348145e+01,9.760000000000000000e+02
6.410004091262817383e+01,9.770000000000000000e+02
6.424818038940429688e+01,9.780000000000000000e+02
6.425032091140747070e+01,9.790000000000000000e+02
6.432398080825805664e+01,9.800000000000000000e+02
6.432697105407714844e+01,9.810000000000000000e+02
6.447491717338562012e+01,9.820000000000000000e+02
6.447707867622375488e+01,9.830000000000000000e+02
6.455017971992492676e+01,9.840000000000000000e+02
6.455238127708435059e+01,9.850000000000000000e+02
6.462605810165405273e+01,9.860000000000000000e+02
6.462869906425476074e+01,9.870000000000000000e+02
6.470185875892639160e+01,9.880000000000000000e+02
6.470402479171752930e+01,9.890000000000000000e+02
6.477714323997497559e+01,9.900000000000000000e+02
6.477934551239013672e+01,9.910000000000000000e+02
6.485245227813720703e+01,9.920000000000000000e+02
6.485465049743652344e+01,9.930000000000000000e+02
6.492768740653991699e+01,9.940000000000000000e+02
6.492988133430480957e+01,9.950000000000000000e+02
6.500293350219726562e+01,9.960000000000000000e+02
6.500510382652282715e+01,9.970000000000000000e+02
6.508038163185119629e+01,9.980000000000000000e+02
6.515573191642761230e+01,9.990000000000000000e+02
6.523104882240295410e+01,1.000000000000000000e+03
6.530642557144165039e+01,1.001000000000000000e+03
6.538166427612304688e+01,1.002000000000000000e+03
6.545695543289184570e+01,1.003000000000000000e+03
6.553223872184753418e+01,1.004000000000000000e+03
6.560862493515014648e+01,1.005000000000000000e+03
6.568816542625427246e+01,1.006000000000000000e+03
6.576573896408081055e+01,1.007000000000000000e+03
6.576916408538818359e+01,1.008000000000000000e+03
6.591599941253662109e+01,1.009000000000000000e+03
6.598939061164855957e+01,1.010000000000000000e+03
6.599204015731811523e+01,1.011000000000000000e+03
6.606563711166381836e+01,1.012000000000000000e+03
6.613887524604797363e+01,1.013000000000000000e+03
6.614119911193847656e+01,1.014000000000000000e+03
6.621501207351684570e+01,1.015000000000000000e+03
6.621756529808044434e+01,1.016000000000000000e+03
6.629113006591796875e+01,1.017000000000000000e+03
6.629328179359436035e+01,1.018000000000000000e+03
6.636647033691406250e+01,1.019000000000000000e+03
6.636865639686584473e+01,1.020000000000000000e+03
6.644178009033203125e+01,1.021000000000000000e+03
6.644389772415161133e+01,1.022000000000000000e+03
6.651702618598937988e+01,1.023000000000000000e+03
6.651919031143188477e+01,1.024000000000000000e+03
6.659237194061279297e+01,1.025000000000000000e+03
6.659452748298645020e+01,1.026000000000000000e+03
6.666997599601745605e+01,1.027000000000000000e+03
6.674544858932495117e+01,1.028000000000000000e+03
6.682121181488037109e+01,1.029000000000000000e+03
6.689803051948547363e+01,1.030000000000000000e+03
6.697121047973632812e+01,1.031000000000000000e+03
6.697339797019958496e+01,1.032000000000000000e+03
6.704662346839904785e+01,1.033000000000000000e+03
6.704992413520812988e+01,1.034000000000000000e+03
6.712394499778747559e+01,1.035000000000000000e+03
6.712632846832275391e+01,1.036000000000000000e+03
6.719973683357238770e+01,1.037000000000000000e+03
6.720224261283874512e+01,1.038000000000000000e+03
6.727566504478454590e+01,1.039000000000000000e+03
6.727856492996215820e+01,1.040000000000000000e+03
6.735191154479980469e+01,1.041000000000000000e+03
6.742524528503417969e+01,1.042000000000000000e+03
6.742871618270874023e+01,1.043000000000000000e+03
6.750211405754089355e+01,1.044000000000000000e+03
6.750445771217346191e+01,1.045000000000000000e+03
6.757776093482971191e+01,1.046000000000000000e+03
6.758016586303710938e+01,1.047000000000000000e+03
6.765331411361694336e+01,1.048000000000000000e+03
6.765546512603759766e+01,1.049000000000000000e+03
6.772855830192565918e+01,1.050000000000000000e+03
6.773067378997802734e+01,1.051000000000000000e+03
6.780397558212280273e+01,1.052000000000000000e+03
6.780660581588745117e+01,1.053000000000000000e+03
6.787971091270446777e+01,1.054000000000000000e+03
6.788194751739501953e+01,1.055000000000000000e+03
6.795707869529724121e+01,1.056000000000000000e+03
6.803201103210449219e+01,1.057000000000000000e+03
6.810730624198913574e+01,1.058000000000000000e+03
6.818274879455566406e+01,1.059000000000000000e+03
6.825804305076599121e+01,1.060000000000000000e+03
6.833340191841125488e+01,1.061000000000000000e+03
6.840988135337829590e+01,1.062000000000000000e+03
6.848570656776428223e+01,1.063000000000000000e+03
6.856453561782836914e+01,1.064000000000000000e+03
6.863879561424255371e+01,1.065000000000000000e+03
6.864124035835266113e+01,1.066000000000000000e+03
6.871724200248718262e+01,1.067000000000000000e+03
6.879139995574951172e+01,1.068000000000000000e+03
6.894223475456237793e+01,1.069000000000000000e+03
6.909188699722290039e+01,1.070000000000000000e+03
6.909405088424682617e+01,1.071000000000000000e+03
6.924501800537109375e+01,1.072000000000000000e+03
6.931977081298828125e+01,1.073000000000000000e+03
6.932273101806640625e+01,1.074000000000000000e+03
6.939854717254638672e+01,1.075000000000000000e+03
6.947203278541564941e+01,1.076000000000000000e+03
6.954531645774841309e+01,1.077000000000000000e+03
6.954754781723022461e+01,1.078000000000000000e+03
6.971493792533874512e+01,1.079000000000000000e+03
6.978819513320922852e+01,1.080000000000000000e+03
6.979039168357849121e+01,1.081000000000000000e+03
6.986527585983276367e+01,1.082000000000000000e+03
6.986842894554138184e+01,1.083000000000000000e+03
6.994167041778564453e+01,1.084000000000000000e+03
7.001507663726806641e+01,1.085000000000000000e+03
7.001876831054687500e+01,1.086000000000000000e+03
7.011443328857421875e+01,1.087000000000000000e+03
7.018993949890136719e+01,1.088000000000000000e+03
7.026686811447143555e+01,1.089000000000000000e+03
7.034251880645751953e+01,1.090000000000000000e+03
7.041793274879455566e+01,1.091000000000000000e+03
7.049327063560485840e+01,1.092000000000000000e+03
7.056872153282165527e+01,1.093000000000000000e+03
7.064403510093688965e+01,1.094000000000000000e+03
7.072026824951171875e+01,1.095000000000000000e+03
7.079649972915649414e+01,1.096000000000000000e+03
7.087173032760620117e+01,1.097000000000000000e+03
7.094695258140563965e+01,1.098000000000000000e+03
7.102216362953186035e+01,1.099000000000000000e+03
7.116844797134399414e+01,1.100000000000000000e+03
7.131851291656494141e+01,1.101000000000000000e+03
7.132144856452941895e+01,1.102000000000000000e+03
7.139476490020751953e+01,1.103000000000000000e+03
7.146794867515563965e+01,1.104000000000000000e+03
7.147012972831726074e+01,1.105000000000000000e+03
7.154325628280639648e+01,1.106000000000000000e+03
7.154540205001831055e+01,1.107000000000000000e+03
7.161857438087463379e+01,1.108000000000000000e+03
7.162077045440673828e+01,1.109000000000000000e+03
7.169398570060729980e+01,1.110000000000000000e+03
7.169618272781372070e+01,1.111000000000000000e+03
7.176936531066894531e+01,1.112000000000000000e+03
7.177151727676391602e+01,1.113000000000000000e+03
7.184468865394592285e+01,1.114000000000000000e+03
7.184690833091735840e+01,1.115000000000000000e+03
7.192221808433532715e+01,1.116000000000000000e+03
7.199747610092163086e+01,1.117000000000000000e+03
7.207279515266418457e+01,1.118000000000000000e+03
7.214808249473571777e+01,1.119000000000000000e+03
7.222419905662536621e+01,1.120000000000000000e+03
7.229955744743347168e+01,1.121000000000000000e+03
7.237487554550170898e+01,1.122000000000000000e+03
7.245011329650878906e+01,1.123000000000000000e+03
7.252547550201416016e+01,1.124000000000000000e+03
7.262149047851562500e+01,1.125000000000000000e+03
7.269458198547363281e+01,1.126000000000000000e+03
7.269681358337402344e+01,1.127000000000000000e+03
7.276992130279541016e+01,1.128000000000000000e+03
7.277209973335266113e+01,1.129000000000000000e+03
7.284526109695434570e+01,1.130000000000000000e+03
7.284744334220886230e+01,1.131000000000000000e+03
7.292054128646850586e+01,1.132000000000000000e+03
7.292271232604980469e+01,1.133000000000000000e+03
7.299584674835205078e+01,1.134000000000000000e+03
7.299799680709838867e+01,1.135000000000000000e+03
7.307201910018920898e+01,1.136000000000000000e+03
7.307499599456787109e+01,1.137000000000000000e+03
7.314816856384277344e+01,1.138000000000000000e+03
7.315038585662841797e+01,1.139000000000000000e+03
7.322356414794921875e+01,1.140000000000000000e+03
7.322582864761352539e+01,1.141000000000000000e+03
7.329942250251770020e+01,1.142000000000000000e+03
7.330274367332458496e+01,1.143000000000000000e+03
7.337588524818420410e+01,1.144000000000000000e+03
7.337807106971740723e+01,1.145000000000000000e+03
7.345113921165466309e+01,1.146000000000000000e+03
7.345333814620971680e+01,1.147000000000000000e+03
7.360181856155395508e+01,1.148000000000000000e+03
7.360403513908386230e+01,1.149000000000000000e+03
7.367765259742736816e+01,1.150000000000000000e+03
7.368045496940612793e+01,1.151000000000000000e+03
7.375361180305480957e+01,1.152000000000000000e+03
7.375580763816833496e+01,1.153000000000000000e+03
7.382890415191650391e+01,1.154000000000000000e+03
7.383103251457214355e+01,1.155000000000000000e+03
7.390419483184814453e+01,1.156000000000000000e+03
7.390633440017700195e+01,1.157000000000000000e+03
7.405528569221496582e+01,1.158000000000000000e+03
7.405967044830322266e+01,1.159000000000000000e+03
7.413297033309936523e+01,1.160000000000000000e+03
7.420614099502563477e+01,1.161000000000000000e+03
7.420842599868774414e+01,1.162000000000000000e+03
7.428518915176391602e+01,1.163000000000000000e+03
7.435852313041687012e+01,1.164000000000000000e+03
7.436557364463806152e+01,1.165000000000000000e+03
7.452088165283203125e+01,1.166000000000000000e+03
7.452925992012023926e+01,1.167000000000000000e+03
7.469737768173217773e+01,1.168000000000000000e+03
7.477257084846496582e+01,1.169000000000000000e+03
7.484616947174072266e+01,1.170000000000000000e+03
7.492039513587951660e+01,1.171000000000000000e+03
7.492406702041625977e+01,1.172000000000000000e+03
7.499880719184875488e+01,1.173000000000000000e+03
7.507235670089721680e+01,1.174000000000000000e+03
7.514686799049377441e+01,1.175000000000000000e+03
7.515064620971679688e+01,1.176000000000000000e+03
7.522585630416870117e+01,1.177000000000000000e+03
7.537628126144409180e+01,1.178000000000000000e+03
7.544970726966857910e+01,1.179000000000000000e+03
7.545197701454162598e+01,1.180000000000000000e+03
7.552617621421813965e+01,1.181000000000000000e+03
7.552981996536254883e+01,1.182000000000000000e+03
7.567694568634033203e+01,1.183000000000000000e+03
7.575037837028503418e+01,1.184000000000000000e+03
7.575285458564758301e+01,1.185000000000000000e+03
7.582599759101867676e+01,1.186000000000000000e+03
7.582818627357482910e+01,1.187000000000000000e+03
7.590175890922546387e+01,1.188000000000000000e+03
7.590483880043029785e+01,1.189000000000000000e+03
7.605353355407714844e+01,1.190000000000000000e+03
7.605611824989318848e+01,1.191000000000000000e+03
7.613111114501953125e+01,1.192000000000000000e+03
7.613967037200927734e+01,1.193000000000000000e+03
7.622805666923522949e+01,1.194000000000000000e+03
7.631419157981872559e+01,1.195000000000000000e+03
7.639899587631225586e+01,1.196000000000000000e+03
7.654793524742126465e+01,1.197000000000000000e+03
7.662324690818786621e+01,1.198000000000000000e+03
7.670009899139404297e+01,1.199000000000000000e+03
7.677601480484008789e+01,1.200000000000000000e+03
7.685169792175292969e+01,1.201000000000000000e+03
7.693053793907165527e+01,1.202000000000000000e+03
7.700681185722351074e+01,1.203000000000000000e+03
7.708232188224792480e+01,1.204000000000000000e+03
7.716012549400329590e+01,1.205000000000000000e+03
7.723367547988891602e+01,1.206000000000000000e+03
7.723694133758544922e+01,1.207000000000000000e+03
7.731016659736633301e+01,1.208000000000000000e+03
7.731250882148742676e+01,1.209000000000000000e+03
7.738569092750549316e+01,1.210000000000000000e+03
7.738789963722229004e+01,1.211000000000000000e+03
7.746139693260192871e+01,1.212000000000000000e+03
7.746537184715270996e+01,1.213000000000000000e+03
7.761385655403137207e+01,1.214000000000000000e+03
7.761603474617004395e+01,1.215000000000000000e+03
7.768925547599792480e+01,1.216000000000000000e+03
7.769143033027648926e+01,1.217000000000000000e+03
7.776459765434265137e+01,1.218000000000000000e+03
7.776683115959167480e+01,1.219000000000000000e+03
7.784289813041687012e+01,1.220000000000000000e+03
7.784566187858581543e+01,1.221000000000000000e+03
7.799271774291992188e+01,1.222000000000000000e+03
7.806591200828552246e+01,1.223000000000000000e+03
7.806814169883728027e+01,1.224000000000000000e+03
7.814549374580383301e+01,1.225000000000000000e+03
7.821901774406433105e+01,1.226000000000000000e+03
7.822338676452636719e+01,1.227000000000000000e+03
7.829679489135742188e+01,1.228000000000000000e+03
7.837301182746887207e+01,1.229000000000000000e+03
7.837878656387329102e+01,1.230000000000000000e+03
7.845514822006225586e+01,1.231000000000000000e+03
7.853554725646972656e+01,1.232000000000000000e+03
7.861594915390014648e+01,1.233000000000000000e+03
7.869205069541931152e+01,1.234000000000000000e+03
7.876810526847839355e+01,1.235000000000000000e+03
7.892041444778442383e+01,1.236000000000000000e+03
7.899653887748718262e+01,1.237000000000000000e+03
7.907079243659973145e+01,1.238000000000000000e+03
7.914413619041442871e+01,1.239000000000000000e+03
7.921796798706054688e+01,1.240000000000000000e+03
7.922051215171813965e+01,1.241000000000000000e+03
7.929383134841918945e+01,1.242000000000000000e+03
7.929615068435668945e+01,1.243000000000000000e+03
7.937058115005493164e+01,1.244000000000000000e+03
7.937389302253723145e+01,1.245000000000000000e+03
7.944733047485351562e+01,1.246000000000000000e+03
7.952092981338500977e+01,1.247000000000000000e+03
7.952323651313781738e+01,1.248000000000000000e+03
7.959667348861694336e+01,1.249000000000000000e+03
7.959895992279052734e+01,1.250000000000000000e+03
7.967225170135498047e+01,1.251000000000000000e+03
7.967456579208374023e+01,1.252000000000000000e+03
7.982346820831298828e+01,1.253000000000000000e+03
7.982734799385070801e+01,1.254000000000000000e+03
7.998201584815979004e+01,1.255000000000000000e+03
7.998441886901855469e+01,1.256000000000000000e+03
8.006358337402343750e+01,1.257000000000000000e+03
8.013999223709106445e+01,1.258000000000000000e+03
8.021655416488647461e+01,1.259000000000000000e+03
8.029219007492065430e+01,1.260000000000000000e+03
8.036767959594726562e+01,1.261000000000000000e+03
8.044296598434448242e+01,1.262000000000000000e+03
8.051944994926452637e+01,1.263000000000000000e+03
8.059488821029663086e+01,1.264000000000000000e+03
8.067189860343933105e+01,1.265000000000000000e+03
8.074552536010742188e+01,1.266000000000000000e+03
8.074791717529296875e+01,1.267000000000000000e+03
8.082197427749633789e+01,1.268000000000000000e+03
8.082475781440734863e+01,1.269000000000000000e+03
8.089906430244445801e+01,1.270000000000000000e+03
8.090138268470764160e+01,1.271000000000000000e+03
8.097465610504150391e+01,1.272000000000000000e+03
8.104785966873168945e+01,1.273000000000000000e+03
8.105005502700805664e+01,1.274000000000000000e+03
8.112746357917785645e+01,1.275000000000000000e+03
8.127573728561401367e+01,1.276000000000000000e+03
8.127817320823669434e+01,1.277000000000000000e+03
8.135609412193298340e+01,1.278000000000000000e+03
8.136369323730468750e+01,1.279000000000000000e+03
8.151343965530395508e+01,1.280000000000000000e+03
8.158912372589111328e+01,1.281000000000000000e+03
8.167344570159912109e+01,1.282000000000000000e+03
8.175006103515625000e+01,1.283000000000000000e+03
8.183008050918579102e+01,1.284000000000000000e+03
8.183304738998413086e+01,1.285000000000000000e+03
8.190911436080932617e+01,1.286000000000000000e+03
8.200568604469299316e+01,1.287000000000000000e+03
8.215650153160095215e+01,1.288000000000000000e+03
8.223049664497375488e+01,1.289000000000000000e+03
8.223267889022827148e+01,1.290000000000000000e+03
8.230699372291564941e+01,1.291000000000000000e+03
8.230974674224853516e+01,1.292000000000000000e+03
8.238290119171142578e+01,1.293000000000000000e+03
8.254965400695800781e+01,1.294000000000000000e+03
8.262278509140014648e+01,1.295000000000000000e+03
8.262541794776916504e+01,1.296000000000000000e+03
8.269860720634460449e+01,1.297000000000000000e+03
8.270073390007019043e+01,1.298000000000000000e+03
8.277379274368286133e+01,1.299000000000000000e+03
8.277584815025329590e+01,1.300000000000000000e+03
8.284893941879272461e+01,1.301000000000000000e+03
8.285110783576965332e+01,1.302000000000000000e+03
8.292700815200805664e+01,1.303000000000000000e+03
8.307595133781433105e+01,1.304000000000000000e+03
8.307813191413879395e+01,1.305000000000000000e+03
8.315345382690429688e+01,1.306000000000000000e+03
8.322868943214416504e+01,1.307000000000000000e+03
8.330400323867797852e+01,1.308000000000000000e+03
8.338569998741149902e+01,1.309000000000000000e+03
8.353601264953613281e+01,1.310000000000000000e+03
8.360993576049804688e+01,1.311000000000000000e+03
8.368325138092041016e+01,1.312000000000000000e+03
8.368585968017578125e+01,1.313000000000000000e+03
8.375902247428894043e+01,1.314000000000000000e+03
8.376118826866149902e+01,1.315000000000000000e+03
8.383462548255920410e+01,1.316000000000000000e+03
8.384026861190795898e+01,1.317000000000000000e+03
8.391349959373474121e+01,1.318000000000000000e+03
8.399237275123596191e+01,1.319000000000000000e+03
8.406605696678161621e+01,1.320000000000000000e+03
8.414161443710327148e+01,1.321000000000000000e+03
8.421857070922851562e+01,1.322000000000000000e+03
8.429285097122192383e+01,1.323000000000000000e+03
8.436648797988891602e+01,1.324000000000000000e+03
8.443965172767639160e+01,1.325000000000000000e+03
8.444189310073852539e+01,1.326000000000000000e+03
8.451537632942199707e+01,1.327000000000000000e+03
8.451813817024230957e+01,1.328000000000000000e+03
8.459399819374084473e+01,1.329000000000000000e+03
8.459621477127075195e+01,1.330000000000000000e+03
8.466936492919921875e+01,1.331000000000000000e+03
8.474317097663879395e+01,1.332000000000000000e+03
8.474588727951049805e+01,1.333000000000000000e+03
8.481981897354125977e+01,1.334000000000000000e+03
8.482238006591796875e+01,1.335000000000000000e+03
8.489656996726989746e+01,1.336000000000000000e+03
8.496991968154907227e+01,1.337000000000000000e+03
8.497282910346984863e+01,1.338000000000000000e+03
8.504619526863098145e+01,1.339000000000000000e+03
8.504851078987121582e+01,1.340000000000000000e+03
8.519847702980041504e+01,1.341000000000000000e+03
8.527183842658996582e+01,1.342000000000000000e+03
8.527408623695373535e+01,1.343000000000000000e+03
8.534735226631164551e+01,1.344000000000000000e+03
8.534964299201965332e+01,1.345000000000000000e+03
8.542296886444091797e+01,1.346000000000000000e+03
8.542553544044494629e+01,1.347000000000000000e+03
8.549879002571105957e+01,1.348000000000000000e+03
8.550108170509338379e+01,1.349000000000000000e+03
8.557538247108459473e+01,1.350000000000000000e+03
8.557834005355834961e+01,1.351000000000000000e+03
8.565162038803100586e+01,1.352000000000000000e+03
8.565411376953125000e+01,1.353000000000000000e+03
8.572741508483886719e+01,1.354000000000000000e+03
8.580082631111145020e+01,1.355000000000000000e+03
8.580316376686096191e+01,1.356000000000000000e+03
8.597008943557739258e+01,1.357000000000000000e+03
8.604343247413635254e+01,1.358000000000000000e+03
8.604562139511108398e+01,1.359000000000000000e+03
8.611864829063415527e+01,1.360000000000000000e+03
8.612079429626464844e+01,1.361000000000000000e+03
8.619615840911865234e+01,1.362000000000000000e+03
8.627142310142517090e+01,1.363000000000000000e+03
8.634679865837097168e+01,1.364000000000000000e+03
8.642214584350585938e+01,1.365000000000000000e+03
8.649739193916320801e+01,1.366000000000000000e+03
8.657438325881958008e+01,1.367000000000000000e+03
8.664992237091064453e+01,1.368000000000000000e+03
8.672593832015991211e+01,1.369000000000000000e+03
8.680316972732543945e+01,1.370000000000000000e+03
8.687655448913574219e+01,1.371000000000000000e+03
8.687914562225341797e+01,1.372000000000000000e+03
8.695288991928100586e+01,1.373000000000000000e+03
8.695592546463012695e+01,1.374000000000000000e+03
8.702929186820983887e+01,1.375000000000000000e+03
8.710260725021362305e+01,1.376000000000000000e+03
8.710489797592163086e+01,1.377000000000000000e+03
8.717801713943481445e+01,1.378000000000000000e+03
8.718038344383239746e+01,1.379000000000000000e+03
8.725359940528869629e+01,1.380000000000000000e+03
8.725654697418212891e+01,1.381000000000000000e+03
8.732981777191162109e+01,1.382000000000000000e+03
8.733195328712463379e+01,1.383000000000000000e+03
8.740626811981201172e+01,1.384000000000000000e+03
8.740888357162475586e+01,1.385000000000000000e+03
8.748200178146362305e+01,1.386000000000000000e+03
8.748418736457824707e+01,1.387000000000000000e+03
8.755751824378967285e+01,1.388000000000000000e+03
8.756003189086914062e+01,1.389000000000000000e+03
8.763323879241943359e+01,1.390000000000000000e+03
8.763541507720947266e+01,1.391000000000000000e+03
8.770851278305053711e+01,1.392000000000000000e+03
8.771065711975097656e+01,1.393000000000000000e+03
8.778381395339965820e+01,1.394000000000000000e+03
8.778621053695678711e+01,1.395000000000000000e+03
8.785937476158142090e+01,1.396000000000000000e+03
8.786153769493103027e+01,1.397000000000000000e+03
8.797529935836791992e+01,1.398000000000000000e+03
8.797747778892517090e+01,1.399000000000000000e+03
8.805387616157531738e+01,1.400000000000000000e+03
8.813532114028930664e+01,1.401000000000000000e+03
8.820892310142517090e+01,1.402000000000000000e+03
8.821130800247192383e+01,1.403000000000000000e+03
8.835963153839111328e+01,1.404000000000000000e+03
8.836186623573303223e+01,1.405000000000000000e+03
8.843500518798828125e+01,1.406000000000000000e+03
8.843734312057495117e+01,1.407000000000000000e+03
8.860441899299621582e+01,1.408000000000000000e+03
8.867767477035522461e+01,1.409000000000000000e+03
8.868013286590576172e+01,1.410000000000000000e+03
8.875338721275329590e+01,1.411000000000000000e+03
8.875581479072570801e+01,1.412000000000000000e+03
8.882901906967163086e+01,1.413000000000000000e+03
8.883147954940795898e+01,1.414000000000000000e+03
8.890477514266967773e+01,1.415000000000000000e+03
8.890709996223449707e+01,1.416000000000000000e+03
8.905508685111999512e+01,1.417000000000000000e+03
8.905745053291320801e+01,1.418000000000000000e+03
8.913077330589294434e+01,1.419000000000000000e+03
8.913307857513427734e+01,1.420000000000000000e+03
8.920652008056640625e+01,1.421000000000000000e+03
8.920921206474304199e+01,1.422000000000000000e+03
8.928250956535339355e+01,1.423000000000000000e+03
8.928498387336730957e+01,1.424000000000000000e+03
8.935830545425415039e+01,1.425000000000000000e+03
8.936064481735229492e+01,1.426000000000000000e+03
8.952781987190246582e+01,1.427000000000000000e+03
8.960117006301879883e+01,1.428000000000000000e+03
8.960350465774536133e+01,1.429000000000000000e+03
8.971781444549560547e+01,1.430000000000000000e+03
8.972020554542541504e+01,1.431000000000000000e+03
8.979910540580749512e+01,1.432000000000000000e+03
8.987252354621887207e+01,1.433000000000000000e+03
8.987533283233642578e+01,1.434000000000000000e+03
8.994867038726806641e+01,1.435000000000000000e+03
8.995093202590942383e+01,1.436000000000000000e+03
9.002428960800170898e+01,1.437000000000000000e+03
9.002801966667175293e+01,1.438000000000000000e+03
9.010186362266540527e+01,1.439000000000000000e+03
9.010466217994689941e+01,1.440000000000000000e+03
9.017803192138671875e+01,1.441000000000000000e+03
9.025118064880371094e+01,1.442000000000000000e+03
9.025353717803955078e+01,1.443000000000000000e+03
9.032677078247070312e+01,1.444000000000000000e+03
9.032909917831420898e+01,1.445000000000000000e+03
9.040221500396728516e+01,1.446000000000000000e+03
9.040437912940979004e+01,1.447000000000000000e+03
9.047969675064086914e+01,1.448000000000000000e+03
9.055495762825012207e+01,1.449000000000000000e+03
9.063103985786437988e+01,1.450000000000000000e+03
9.070613527297973633e+01,1.451000000000000000e+03
9.078193187713623047e+01,1.452000000000000000e+03
9.085722398757934570e+01,1.453000000000000000e+03
9.093303465843200684e+01,1.454000000000000000e+03
9.100838255882263184e+01,1.455000000000000000e+03
9.108366775512695312e+01,1.456000000000000000e+03
9.115886211395263672e+01,1.457000000000000000e+03
9.123416447639465332e+01,1.458000000000000000e+03
9.130942463874816895e+01,1.459000000000000000e+03
9.138469219207763672e+01,1.460000000000000000e+03
9.146046638488769531e+01,1.461000000000000000e+03
9.153588533401489258e+01,1.462000000000000000e+03
9.161227178573608398e+01,1.463000000000000000e+03
9.168758821487426758e+01,1.464000000000000000e+03
9.176290154457092285e+01,1.465000000000000000e+03
9.191142082214355469e+01,1.466000000000000000e+03
9.198701214790344238e+01,1.467000000000000000e+03
9.206228303909301758e+01,1.468000000000000000e+03
9.213761496543884277e+01,1.469000000000000000e+03
9.228541183471679688e+01,1.470000000000000000e+03
9.235961699485778809e+01,1.471000000000000000e+03
9.243599152565002441e+01,1.472000000000000000e+03
9.250930714607238770e+01,1.473000000000000000e+03
9.258322548866271973e+01,1.474000000000000000e+03
9.258605647087097168e+01,1.475000000000000000e+03
9.266363525390625000e+01,1.476000000000000000e+03
9.267089128494262695e+01,1.477000000000000000e+03
9.274821996688842773e+01,1.478000000000000000e+03
9.282822322845458984e+01,1.479000000000000000e+03
9.290156006813049316e+01,1.480000000000000000e+03
9.290495467185974121e+01,1.481000000000000000e+03
9.297810888290405273e+01,1.482000000000000000e+03
9.305126500129699707e+01,1.483000000000000000e+03
9.305338621139526367e+01,1.484000000000000000e+03
9.312649512290954590e+01,1.485000000000000000e+03
9.312863349914550781e+01,1.486000000000000000e+03
9.320394635200500488e+01,1.487000000000000000e+03
9.328033018112182617e+01,1.488000000000000000e+03
9.335630989074707031e+01,1.489000000000000000e+03
9.342946267127990723e+01,1.490000000000000000e+03
9.343169784545898438e+01,1.491000000000000000e+03
9.350749683380126953e+01,1.492000000000000000e+03
9.358068799972534180e+01,1.493000000000000000e+03
9.358282876014709473e+01,1.494000000000000000e+03
9.365815401077270508e+01,1.495000000000000000e+03
9.373352169990539551e+01,1.496000000000000000e+03
9.380886197090148926e+01,1.497000000000000000e+03
9.388565158843994141e+01,1.498000000000000000e+03
9.396103429794311523e+01,1.499000000000000000e+03
9.403623843193054199e+01,1.500000000000000000e+03
9.411137676239013672e+01,1.501000000000000000e+03
9.418678212165832520e+01,1.502000000000000000e+03
9.426208829879760742e+01,1.503000000000000000e+03
9.433745670318603516e+01,1.504000000000000000e+03
9.441263556480407715e+01,1.505000000000000000e+03
9.448788642883300781e+01,1.506000000000000000e+03
9.456321215629577637e+01,1.507000000000000000e+03
9.463934826850891113e+01,1.508000000000000000e+03
9.471558904647827148e+01,1.509000000000000000e+03
9.479128122329711914e+01,1.510000000000000000e+03
9.486659407615661621e+01,1.511000000000000000e+03
9.494179868698120117e+01,1.512000000000000000e+03
9.501717019081115723e+01,1.513000000000000000e+03
9.509250688552856445e+01,1.514000000000000000e+03
9.524106049537658691e+01,1.515000000000000000e+03
9.531640005111694336e+01,1.516000000000000000e+03
9.546277952194213867e+01,1.517000000000000000e+03
9.553597426414489746e+01,1.518000000000000000e+03
9.560927057266235352e+01,1.519000000000000000e+03
9.561141991615295410e+01,1.520000000000000000e+03
9.585405683517456055e+01,1.521000000000000000e+03
9.592727088928222656e+01,1.522000000000000000e+03
9.592939329147338867e+01,1.523000000000000000e+03
9.600465917587280273e+01,1.524000000000000000e+03
9.607957839965820312e+01,1.525000000000000000e+03
9.615484523773193359e+01,1.526000000000000000e+03
9.623006200790405273e+01,1.527000000000000000e+03
9.630539870262145996e+01,1.528000000000000000e+03
9.638076543807983398e+01,1.529000000000000000e+03
9.645619940757751465e+01,1.530000000000000000e+03
9.653150320053100586e+01,1.531000000000000000e+03
9.660779595375061035e+01,1.532000000000000000e+03
9.668314599990844727e+01,1.533000000000000000e+03
9.675850081443786621e+01,1.534000000000000000e+03
9.683384108543395996e+01,1.535000000000000000e+03
9.690926694869995117e+01,1.536000000000000000e+03
9.698466801643371582e+01,1.537000000000000000e+03
9.705999374389648438e+01,1.538000000000000000e+03
9.713533377647399902e+01,1.539000000000000000e+03
9.735494685173034668e+01,1.540000000000000000e+03
9.745048570632934570e+01,1.541000000000000000e+03
9.759694194793701172e+01,1.542000000000000000e+03
9.767008280754089355e+01,1.543000000000000000e+03
9.774328899383544922e+01,1.544000000000000000e+03
9.774545741081237793e+01,1.545000000000000000e+03
9.782163023948669434e+01,1.546000000000000000e+03
9.789473176002502441e+01,1.547000000000000000e+03
9.789684963226318359e+01,1.548000000000000000e+03
9.797214174270629883e+01,1.549000000000000000e+03
9.804741287231445312e+01,1.550000000000000000e+03
9.812272834777832031e+01,1.551000000000000000e+03
9.819797515869140625e+01,1.552000000000000000e+03
9.827331423759460449e+01,1.553000000000000000e+03
9.834865164756774902e+01,1.554000000000000000e+03
9.842394995689392090e+01,1.555000000000000000e+03
9.849920248985290527e+01,1.556000000000000000e+03
9.857445907592773438e+01,1.557000000000000000e+03
9.864969754219055176e+01,1.558000000000000000e+03
9.872495174407958984e+01,1.559000000000000000e+03
9.880022406578063965e+01,1.560000000000000000e+03
9.887546396255493164e+01,1.561000000000000000e+03
9.897090888023376465e+01,1.562000000000000000e+03
9.904631185531616211e+01,1.563000000000000000e+03
9.912169265747070312e+01,1.564000000000000000e+03
9.919799709320068359e+01,1.565000000000000000e+03
9.927337956428527832e+01,1.566000000000000000e+03
9.934868431091308594e+01,1.567000000000000000e+03
9.942400693893432617e+01,1.568000000000000000e+03
9.949922800064086914e+01,1.569000000000000000e+03
9.957453751564025879e+01,1.570000000000000000e+03
9.964979338645935059e+01,1.571000000000000000e+03
9.972507023811340332e+01,1.572000000000000000e+03
9.987354922294616699e+01,1.573000000000000000e+03
9.994872117042541504e+01,1.574000000000000000e+03
1.000242121219635010e+02,1.575000000000000000e+03
1.000994815826416016e+02,1.576000000000000000e+03
1.002458019256591797e+02,1.577000000000000000e+03
1.003190357685089111e+02,1.578000000000000000e+03
1.003922140598297119e+02,1.579000000000000000e+03
1.003943743705749512e+02,1.580000000000000000e+03
1.004696021080017090e+02,1.581000000000000000e+03
1.005448448657989502e+02,1.582000000000000000e+03
1.006201283931732178e+02,1.583000000000000000e+03
1.006961178779602051e+02,1.584000000000000000e+03
1.007713339328765869e+02,1.585000000000000000e+03
1.008465530872344971e+02,1.586000000000000000e+03
1.009217319488525391e+02,1.587000000000000000e+03
1.009970479011535645e+02,1.588000000000000000e+03
1.010722584724426270e+02,1.589000000000000000e+03
1.011475448608398438e+02,1.590000000000000000e+03
1.012228405475616455e+02,1.591000000000000000e+03
1.013713281154632568e+02,1.592000000000000000e+03
1.014647164344787598e+02,1.593000000000000000e+03
1.014668548107147217e+02,1.594000000000000000e+03
1.015422012805938721e+02,1.595000000000000000e+03
1.016186866760253906e+02,1.596000000000000000e+03
1.016940627098083496e+02,1.597000000000000000e+03
1.017693419456481934e+02,1.598000000000000000e+03
1.018446712493896484e+02,1.599000000000000000e+03
1.019199578762054443e+02,1.600000000000000000e+03
1.019952259063720703e+02,1.601000000000000000e+03
1.020705354213714600e+02,1.602000000000000000e+03
1.022193105220794678e+02,1.603000000000000000e+03
1.022957324981689453e+02,1.604000000000000000e+03
1.023710396289825439e+02,1.605000000000000000e+03
1.024463317394256592e+02,1.606000000000000000e+03
1.025216412544250488e+02,1.607000000000000000e+03
1.025969138145446777e+02,1.608000000000000000e+03
1.027431597709655762e+02,1.609000000000000000e+03
1.028163487911224365e+02,1.610000000000000000e+03
1.028185055255889893e+02,1.611000000000000000e+03
1.028916103839874268e+02,1.612000000000000000e+03
1.028938193321228027e+02,1.613000000000000000e+03
1.029669654369354248e+02,1.614000000000000000e+03
1.029691731929779053e+02,1.615000000000000000e+03
1.030422773361206055e+02,1.616000000000000000e+03
1.030444579124450684e+02,1.617000000000000000e+03
1.031923918724060059e+02,1.618000000000000000e+03
1.031945486068725586e+02,1.619000000000000000e+03
1.032698872089385986e+02,1.620000000000000000e+03
1.033451690673828125e+02,1.621000000000000000e+03
1.034204342365264893e+02,1.622000000000000000e+03
1.034957277774810791e+02,1.623000000000000000e+03
1.035710120201110840e+02,1.624000000000000000e+03
1.036465320587158203e+02,1.625000000000000000e+03
1.037230648994445801e+02,1.626000000000000000e+03
1.037995054721832275e+02,1.627000000000000000e+03
1.038751626014709473e+02,1.628000000000000000e+03
1.039508490562438965e+02,1.629000000000000000e+03
1.040261914730072021e+02,1.630000000000000000e+03
1.041014852523803711e+02,1.631000000000000000e+03
1.041767859458923340e+02,1.632000000000000000e+03
1.042520849704742432e+02,1.633000000000000000e+03
1.043274464607238770e+02,1.634000000000000000e+03
1.044039697647094727e+02,1.635000000000000000e+03
1.044797816276550293e+02,1.636000000000000000e+03
1.045554282665252686e+02,1.637000000000000000e+03
1.046322202682495117e+02,1.638000000000000000e+03
1.047078480720520020e+02,1.639000000000000000e+03
1.047837312221527100e+02,1.640000000000000000e+03
1.048594329357147217e+02,1.641000000000000000e+03
1.049351654052734375e+02,1.642000000000000000e+03
1.050124490261077881e+02,1.643000000000000000e+03
1.051605668067932129e+02,1.644000000000000000e+03
1.051629393100738525e+02,1.645000000000000000e+03
1.052360765933990479e+02,1.646000000000000000e+03
1.052382321357727051e+02,1.647000000000000000e+03
1.053116500377655029e+02,1.648000000000000000e+03
1.053142507076263428e+02,1.649000000000000000e+03
1.053874151706695557e+02,1.650000000000000000e+03
1.053897087574005127e+02,1.651000000000000000e+03
1.054628798961639404e+02,1.652000000000000000e+03
1.054650452136993408e+02,1.653000000000000000e+03
1.055403125286102295e+02,1.654000000000000000e+03
1.056156268119812012e+02,1.655000000000000000e+03
1.056909756660461426e+02,1.656000000000000000e+03
1.057661604881286621e+02,1.657000000000000000e+03
1.058421900272369385e+02,1.658000000000000000e+03
1.059182786941528320e+02,1.659000000000000000e+03
1.059936592578887939e+02,1.660000000000000000e+03
1.060687849521636963e+02,1.661000000000000000e+03
1.061439518928527832e+02,1.662000000000000000e+03
1.062191305160522461e+02,1.663000000000000000e+03
1.062943413257598877e+02,1.664000000000000000e+03
1.063694863319396973e+02,1.665000000000000000e+03
1.064446949958801270e+02,1.666000000000000000e+03
1.065198242664337158e+02,1.667000000000000000e+03
1.065950202941894531e+02,1.668000000000000000e+03
1.066702361106872559e+02,1.669000000000000000e+03
1.067456529140472412e+02,1.670000000000000000e+03
1.068219544887542725e+02,1.671000000000000000e+03
1.068971478939056396e+02,1.672000000000000000e+03
1.069724676609039307e+02,1.673000000000000000e+03
1.070477495193481445e+02,1.674000000000000000e+03
1.071230366230010986e+02,1.675000000000000000e+03
1.071986539363861084e+02,1.676000000000000000e+03
1.072742211818695068e+02,1.677000000000000000e+03
1.074941070079803467e+02,1.678000000000000000e+03
1.075675609111785889e+02,1.679000000000000000e+03
1.075699629783630371e+02,1.680000000000000000e+03
1.076432905197143555e+02,1.681000000000000000e+03
1.076455976963043213e+02,1.682000000000000000e+03
1.077188336849212646e+02,1.683000000000000000e+03
1.077211289405822754e+02,1.684000000000000000e+03
1.077944936752319336e+02,1.685000000000000000e+03
1.077968051433563232e+02,1.686000000000000000e+03
1.078700714111328125e+02,1.687000000000000000e+03
1.078723726272583008e+02,1.688000000000000000e+03
1.079455201625823975e+02,1.689000000000000000e+03
1.079478781223297119e+02,1.690000000000000000e+03
1.080211842060089111e+02,1.691000000000000000e+03
1.080234651565551758e+02,1.692000000000000000e+03
1.080967843532562256e+02,1.693000000000000000e+03
1.080990767478942871e+02,1.694000000000000000e+03
1.081724123954772949e+02,1.695000000000000000e+03
1.081747088432312012e+02,1.696000000000000000e+03
1.082500412464141846e+02,1.697000000000000000e+03
1.083250782489776611e+02,1.698000000000000000e+03
1.084005289077758789e+02,1.699000000000000000e+03
1.084758336544036865e+02,1.700000000000000000e+03
1.085512485504150391e+02,1.701000000000000000e+03
1.086274082660675049e+02,1.702000000000000000e+03
1.087027945518493652e+02,1.703000000000000000e+03
1.087781436443328857e+02,1.704000000000000000e+03
1.088534669876098633e+02,1.705000000000000000e+03
1.089288403987884521e+02,1.706000000000000000e+03
1.090065336227416992e+02,1.707000000000000000e+03
1.090818693637847900e+02,1.708000000000000000e+03
1.091571934223175049e+02,1.709000000000000000e+03
1.092325081825256348e+02,1.710000000000000000e+03
1.093078207969665527e+02,1.711000000000000000e+03
1.093832173347473145e+02,1.712000000000000000e+03
1.094585976600646973e+02,1.713000000000000000e+03
1.095339734554290771e+02,1.714000000000000000e+03
1.096103019714355469e+02,1.715000000000000000e+03
1.096856181621551514e+02,1.716000000000000000e+03
1.097610161304473877e+02,1.717000000000000000e+03
1.098363687992095947e+02,1.718000000000000000e+03
1.099117379188537598e+02,1.719000000000000000e+03
1.099871356487274170e+02,1.720000000000000000e+03
1.100624279975891113e+02,1.721000000000000000e+03
1.101377806663513184e+02,1.722000000000000000e+03
1.102861945629119873e+02,1.723000000000000000e+03
1.104324994087219238e+02,1.724000000000000000e+03
1.105056488513946533e+02,1.725000000000000000e+03
1.105078830718994141e+02,1.726000000000000000e+03
1.105810275077819824e+02,1.727000000000000000e+03
1.105832574367523193e+02,1.728000000000000000e+03
1.106563880443572998e+02,1.729000000000000000e+03
1.106585216522216797e+02,1.730000000000000000e+03
1.107316162586212158e+02,1.731000000000000000e+03
1.107337343692779541e+02,1.732000000000000000e+03
1.108068108558654785e+02,1.733000000000000000e+03
1.108090155124664307e+02,1.734000000000000000e+03
1.108821339607238770e+02,1.735000000000000000e+03
1.108842732906341553e+02,1.736000000000000000e+03
1.109573414325714111e+02,1.737000000000000000e+03
1.109595260620117188e+02,1.738000000000000000e+03
1.110347895622253418e+02,1.739000000000000000e+03
1.111100995540618896e+02,1.740000000000000000e+03
1.111854128837585449e+02,1.741000000000000000e+03
1.112607598304748535e+02,1.742000000000000000e+03
1.113360729217529297e+02,1.743000000000000000e+03
1.114113605022430420e+02,1.744000000000000000e+03
1.114866580963134766e+02,1.745000000000000000e+03
1.115620138645172119e+02,1.746000000000000000e+03
1.116379785537719727e+02,1.747000000000000000e+03
1.117132880687713623e+02,1.748000000000000000e+03
1.117885982990264893e+02,1.749000000000000000e+03
1.118639349937438965e+02,1.750000000000000000e+03
1.120123775005340576e+02,1.751000000000000000e+03
1.120890443325042725e+02,1.752000000000000000e+03
1.121646418571472168e+02,1.753000000000000000e+03
1.122399272918701172e+02,1.754000000000000000e+03
1.123152692317962646e+02,1.755000000000000000e+03
1.123905799388885498e+02,1.756000000000000000e+03
1.124658997058868408e+02,1.757000000000000000e+03
1.126122028827667236e+02,1.758000000000000000e+03
1.126855885982513428e+02,1.759000000000000000e+03
1.127587606906890869e+02,1.760000000000000000e+03
1.127609694004058838e+02,1.761000000000000000e+03
1.128362629413604736e+02,1.762000000000000000e+03
1.129115731716156006e+02,1.763000000000000000e+03
1.129868776798248291e+02,1.764000000000000000e+03
1.130621542930603027e+02,1.765000000000000000e+03
1.131375346183776855e+02,1.766000000000000000e+03
1.132128396034240723e+02,1.767000000000000000e+03
1.132880804538726807e+02,1.768000000000000000e+03
1.133634200096130371e+02,1.769000000000000000e+03
1.134386203289031982e+02,1.770000000000000000e+03
1.135871031284332275e+02,1.771000000000000000e+03
1.136623334884643555e+02,1.772000000000000000e+03
1.137376258373260498e+02,1.773000000000000000e+03
1.139570636749267578e+02,1.774000000000000000e+03
1.140302891731262207e+02,1.775000000000000000e+03
1.140324244499206543e+02,1.776000000000000000e+03
1.141077222824096680e+02,1.777000000000000000e+03
1.141829266548156738e+02,1.778000000000000000e+03
1.142583086490631104e+02,1.779000000000000000e+03
1.143336606025695801e+02,1.780000000000000000e+03
1.144089312553405762e+02,1.781000000000000000e+03
1.144843049049377441e+02,1.782000000000000000e+03
1.145595963001251221e+02,1.783000000000000000e+03
1.146359200477600098e+02,1.784000000000000000e+03
1.147112219333648682e+02,1.785000000000000000e+03
1.147867546081542969e+02,1.786000000000000000e+03
1.148625605106353760e+02,1.787000000000000000e+03
1.149382197856903076e+02,1.788000000000000000e+03
1.150154950618743896e+02,1.789000000000000000e+03
1.150912659168243408e+02,1.790000000000000000e+03
1.151668305397033691e+02,1.791000000000000000e+03
1.152425036430358887e+02,1.792000000000000000e+03
1.153176846504211426e+02,1.793000000000000000e+03
1.153930373191833496e+02,1.794000000000000000e+03
1.154683010578155518e+02,1.795000000000000000e+03
1.155435383319854736e+02,1.796000000000000000e+03
1.156187121868133545e+02,1.797000000000000000e+03
1.156941406726837158e+02,1.798000000000000000e+03
1.157695267200469971e+02,1.799000000000000000e+03
1.158449418544769287e+02,1.800000000000000000e+03
1.159204692840576172e+02,1.801000000000000000e+03
1.159959816932678223e+02,1.802000000000000000e+03
1.160715587139129639e+02,1.803000000000000000e+03
1.161468770503997803e+02,1.804000000000000000e+03
1.162222652435302734e+02,1.805000000000000000e+03
1.162976007461547852e+02,1.806000000000000000e+03
1.163728196620941162e+02,1.807000000000000000e+03
1.164481575489044189e+02,1.808000000000000000e+03
1.165234482288360596e+02,1.809000000000000000e+03
1.165986046791076660e+02,1.810000000000000000e+03
1.166738207340240479e+02,1.811000000000000000e+03
1.168200905323028564e+02,1.812000000000000000e+03
1.168933241367340088e+02,1.813000000000000000e+03
1.168955376148223877e+02,1.814000000000000000e+03
1.169687349796295166e+02,1.815000000000000000e+03
1.169708871841430664e+02,1.816000000000000000e+03
1.170440611839294434e+02,1.817000000000000000e+03
1.170462348461151123e+02,1.818000000000000000e+03
1.171193716526031494e+02,1.819000000000000000e+03
1.171215338706970215e+02,1.820000000000000000e+03
1.171945331096649170e+02,1.821000000000000000e+03
1.171970674991607666e+02,1.822000000000000000e+03
1.172702009677886963e+02,1.823000000000000000e+03
1.172723925113677979e+02,1.824000000000000000e+03
1.173455014228820801e+02,1.825000000000000000e+03
1.173477470874786377e+02,1.826000000000000000e+03
1.174208428859710693e+02,1.827000000000000000e+03
1.174231581687927246e+02,1.828000000000000000e+03
1.174963042736053467e+02,1.829000000000000000e+03
1.174985086917877197e+02,1.830000000000000000e+03
1.175739035606384277e+02,1.831000000000000000e+03
1.176493048667907715e+02,1.832000000000000000e+03
1.177247319221496582e+02,1.833000000000000000e+03
1.178001401424407959e+02,1.834000000000000000e+03
1.178754200935363770e+02,1.835000000000000000e+03
1.179507608413696289e+02,1.836000000000000000e+03
1.180261595249176025e+02,1.837000000000000000e+03
1.181014804840087891e+02,1.838000000000000000e+03
1.181767933368682861e+02,1.839000000000000000e+03
1.182520906925201416e+02,1.840000000000000000e+03
1.183274619579315186e+02,1.841000000000000000e+03
1.184761648178100586e+02,1.842000000000000000e+03
1.185514888763427734e+02,1.843000000000000000e+03
1.186278376579284668e+02,1.844000000000000000e+03
1.187043719291687012e+02,1.845000000000000000e+03
1.187797026634216309e+02,1.846000000000000000e+03
1.188550446033477783e+02,1.847000000000000000e+03
1.189304637908935547e+02,1.848000000000000000e+03
1.190070917606353760e+02,1.849000000000000000e+03
1.190825064182281494e+02,1.850000000000000000e+03
1.191578543186187744e+02,1.851000000000000000e+03
1.192332305908203125e+02,1.852000000000000000e+03
1.193087873458862305e+02,1.853000000000000000e+03
1.193840906620025635e+02,1.854000000000000000e+03
1.194594326019287109e+02,1.855000000000000000e+03
1.195346517562866211e+02,1.856000000000000000e+03
1.196109459400177002e+02,1.857000000000000000e+03
1.196862745285034180e+02,1.858000000000000000e+03
1.197615761756896973e+02,1.859000000000000000e+03
1.199104361534118652e+02,1.860000000000000000e+03
1.201325776576995850e+02,1.861000000000000000e+03
1.201349658966064453e+02,1.862000000000000000e+03
1.202084646224975586e+02,1.863000000000000000e+03
1.202818708419799805e+02,1.864000000000000000e+03
1.202841694355010986e+02,1.865000000000000000e+03
1.203575508594512939e+02,1.866000000000000000e+03
1.203597459793090820e+02,1.867000000000000000e+03
1.204330425262451172e+02,1.868000000000000000e+03
1.204352953433990479e+02,1.869000000000000000e+03
1.205086073875427246e+02,1.870000000000000000e+03
1.205108413696289062e+02,1.871000000000000000e+03
1.205840129852294922e+02,1.872000000000000000e+03
1.205863494873046875e+02,1.873000000000000000e+03
1.206619157791137695e+02,1.874000000000000000e+03
1.207374911308288574e+02,1.875000000000000000e+03
1.208130993843078613e+02,1.876000000000000000e+03
1.208885428905487061e+02,1.877000000000000000e+03
1.209637584686279297e+02,1.878000000000000000e+03
1.210389134883880615e+02,1.879000000000000000e+03
1.211141464710235596e+02,1.880000000000000000e+03
1.211893339157104492e+02,1.881000000000000000e+03
1.212646148204803467e+02,1.882000000000000000e+03
1.213398180007934570e+02,1.883000000000000000e+03
1.214151852130889893e+02,1.884000000000000000e+03
1.214903314113616943e+02,1.885000000000000000e+03
1.215655238628387451e+02,1.886000000000000000e+03
1.216416816711425781e+02,1.887000000000000000e+03
1.217904734611511230e+02,1.888000000000000000e+03
1.218656532764434814e+02,1.889000000000000000e+03
1.220546894073486328e+02,1.890000000000000000e+03
1.221298263072967529e+02,1.891000000000000000e+03
1.222056977748870850e+02,1.892000000000000000e+03
1.222809543609619141e+02,1.893000000000000000e+03
1.223562753200531006e+02,1.894000000000000000e+03
1.224315645694732666e+02,1.895000000000000000e+03
1.225068576335906982e+02,1.896000000000000000e+03
1.225820679664611816e+02,1.897000000000000000e+03
1.226572592258453369e+02,1.898000000000000000e+03
1.227324306964874268e+02,1.899000000000000000e+03
1.228076701164245605e+02,1.900000000000000000e+03
1.228828856945037842e+02,1.901000000000000000e+03
1.229580872058868408e+02,1.902000000000000000e+03
1.231774940490722656e+02,1.903000000000000000e+03
1.232506909370422363e+02,1.904000000000000000e+03
1.233239061832427979e+02,1.905000000000000000e+03
1.233260936737060547e+02,1.906000000000000000e+03
1.234013469219207764e+02,1.907000000000000000e+03
1.234767713546752930e+02,1.908000000000000000e+03
1.235520787239074707e+02,1.909000000000000000e+03
1.236282360553741455e+02,1.910000000000000000e+03
1.237036383152008057e+02,1.911000000000000000e+03
1.237788190841674805e+02,1.912000000000000000e+03
1.238540723323822021e+02,1.913000000000000000e+03
1.239293441772460938e+02,1.914000000000000000e+03
1.240074298381805420e+02,1.915000000000000000e+03
1.240805995464324951e+02,1.916000000000000000e+03
1.240831339359283447e+02,1.917000000000000000e+03
1.241563050746917725e+02,1.918000000000000000e+03
1.241585426330566406e+02,1.919000000000000000e+03
1.242339789867401123e+02,1.920000000000000000e+03
1.243093335628509521e+02,1.921000000000000000e+03
1.243847429752349854e+02,1.922000000000000000e+03
1.244600288867950439e+02,1.923000000000000000e+03
1.245354125499725342e+02,1.924000000000000000e+03
1.246118302345275879e+02,1.925000000000000000e+03
1.246872098445892334e+02,1.926000000000000000e+03
1.247625317573547363e+02,1.927000000000000000e+03
1.248378617763519287e+02,1.928000000000000000e+03
1.249131762981414795e+02,1.929000000000000000e+03
1.249885373115539551e+02,1.930000000000000000e+03
1.250639090538024902e+02,1.931000000000000000e+03
1.251391818523406982e+02,1.932000000000000000e+03
1.252145109176635742e+02,1.933000000000000000e+03
1.252898097038269043e+02,1.934000000000000000e+03
1.253655335903167725e+02,1.935000000000000000e+03
1.254414105415344238e+02,1.936000000000000000e+03
1.255172266960144043e+02,1.937000000000000000e+03
1.256666820049285889e+02,1.938000000000000000e+03
1.257424786090850830e+02,1.939000000000000000e+03
1.258184864521026611e+02,1.940000000000000000e+03
1.258944985866546631e+02,1.941000000000000000e+03
1.259702749252319336e+02,1.942000000000000000e+03
1.260461492538452148e+02,1.943000000000000000e+03
1.261220271587371826e+02,1.944000000000000000e+03
1.262892475128173828e+02,1.945000000000000000e+03
1.262917282581329346e+02,1.946000000000000000e+03
1.263675553798675537e+02,1.947000000000000000e+03
1.264436848163604736e+02,1.948000000000000000e+03
1.265195493698120117e+02,1.949000000000000000e+03
1.265954678058624268e+02,1.950000000000000000e+03
1.266713809967041016e+02,1.951000000000000000e+03
1.267448179721832275e+02,1.952000000000000000e+03
1.267470893859863281e+02,1.953000000000000000e+03
1.268204984664916992e+02,1.954000000000000000e+03
1.268227379322052002e+02,1.955000000000000000e+03
1.268959758281707764e+02,1.956000000000000000e+03
1.268983950614929199e+02,1.957000000000000000e+03
1.269718174934387207e+02,1.958000000000000000e+03
1.269740588665008545e+02,1.959000000000000000e+03
1.271408491134643555e+02,1.960000000000000000e+03
1.272141032218933105e+02,1.961000000000000000e+03
1.272164232730865479e+02,1.962000000000000000e+03
1.272895929813385010e+02,1.963000000000000000e+03
1.272918136119842529e+02,1.964000000000000000e+03
1.273672266006469727e+02,1.965000000000000000e+03
1.274426012039184570e+02,1.966000000000000000e+03
1.275179204940795898e+02,1.967000000000000000e+03
1.275932555198669434e+02,1.968000000000000000e+03
1.276685163974761963e+02,1.969000000000000000e+03
1.277438855171203613e+02,1.970000000000000000e+03
1.278200552463531494e+02,1.971000000000000000e+03
1.278955199718475342e+02,1.972000000000000000e+03
1.279708747863769531e+02,1.973000000000000000e+03
1.280462529659271240e+02,1.974000000000000000e+03
1.281216113567352295e+02,1.975000000000000000e+03
1.281983563899993896e+02,1.976000000000000000e+03
1.282740488052368164e+02,1.977000000000000000e+03
1.283496444225311279e+02,1.978000000000000000e+03
1.284254426956176758e+02,1.979000000000000000e+03
1.285014617443084717e+02,1.980000000000000000e+03
1.285775010585784912e+02,1.981000000000000000e+03
1.286536777019500732e+02,1.982000000000000000e+03
1.287295355796813965e+02,1.983000000000000000e+03
1.288054475784301758e+02,1.984000000000000000e+03
1.288812749385833740e+02,1.985000000000000000e+03
1.289546592235565186e+02,1.986000000000000000e+03
1.289570529460906982e+02,1.987000000000000000e+03
1.290305643081665039e+02,1.988000000000000000e+03
1.290331330299377441e+02,1.989000000000000000e+03
1.291063909530639648e+02,1.990000000000000000e+03
1.291088514328002930e+02,1.991000000000000000e+03
1.291821496486663818e+02,1.992000000000000000e+03
1.291844699382781982e+02,1.993000000000000000e+03
1.292576744556427002e+02,1.994000000000000000e+03
1.292600588798522949e+02,1.995000000000000000e+03
1.293334310054779053e+02,1.996000000000000000e+03
1.293357863426208496e+02,1.997000000000000000e+03
1.294091482162475586e+02,1.998000000000000000e+03
1.294114410877227783e+02,1.999000000000000000e+03
1.294846673011779785e+02,2.000000000000000000e+03
1.294870476722717285e+02,2.001000000000000000e+03
1.295603704452514648e+02,2.002000000000000000e+03
1.295626733303070068e+02,2.003000000000000000e+03
1.296366679668426514e+02,2.004000000000000000e+03
1.296391108036041260e+02,2.005000000000000000e+03
1.297122223377227783e+02,2.006000000000000000e+03
1.297144408226013184e+02,2.007000000000000000e+03
1.297875740528106689e+02,2.008000000000000000e+03
1.297898077964782715e+02,2.009000000000000000e+03
1.298629744052886963e+02,2.010000000000000000e+03
1.298651905059814453e+02,2.011000000000000000e+03
1.299382381439208984e+02,2.012000000000000000e+03
1.299403862953186035e+02,2.013000000000000000e+03
1.300157699584960938e+02,2.014000000000000000e+03
1.300908865928649902e+02,2.015000000000000000e+03
1.301660397052764893e+02,2.016000000000000000e+03
1.302413036823272705e+02,2.017000000000000000e+03
1.303165047168731689e+02,2.018000000000000000e+03
1.303917121887207031e+02,2.019000000000000000e+03
1.304670107364654541e+02,2.020000000000000000e+03
1.306153316497802734e+02,2.021000000000000000e+03
1.306906814575195312e+02,2.022000000000000000e+03
1.307660040855407715e+02,2.023000000000000000e+03
1.309123232364654541e+02,2.024000000000000000e+03
1.309854991436004639e+02,2.025000000000000000e+03
1.310586316585540771e+02,2.026000000000000000e+03
1.310607323646545410e+02,2.027000000000000000e+03
1.311358644962310791e+02,2.028000000000000000e+03
1.312111132144927979e+02,2.029000000000000000e+03
1.312864003181457520e+02,2.030000000000000000e+03
1.313615956306457520e+02,2.031000000000000000e+03
1.314367783069610596e+02,2.032000000000000000e+03
1.315120480060577393e+02,2.033000000000000000e+03
1.315872006416320801e+02,2.034000000000000000e+03
1.316620025634765625e+02,2.035000000000000000e+03
1.318104596138000488e+02,2.036000000000000000e+03
1.319567792415618896e+02,2.037000000000000000e+03
1.320299992561340332e+02,2.038000000000000000e+03
1.321031827926635742e+02,2.039000000000000000e+03
1.321053359508514404e+02,2.040000000000000000e+03
1.322719552516937256e+02,2.041000000000000000e+03
1.323450994491577148e+02,2.042000000000000000e+03
1.323471980094909668e+02,2.043000000000000000e+03
1.324224176406860352e+02,2.044000000000000000e+03
1.324977030754089355e+02,2.045000000000000000e+03
1.325730631351470947e+02,2.046000000000000000e+03
1.326483483314514160e+02,2.047000000000000000e+03
1.327235879898071289e+02,2.048000000000000000e+03
1.327990779876708984e+02,2.049000000000000000e+03
1.328746635913848877e+02,2.050000000000000000e+03
1.329502642154693604e+02,2.051000000000000000e+03
1.330259549617767334e+02,2.052000000000000000e+03
1.331014995574951172e+02,2.053000000000000000e+03
1.331771245002746582e+02,2.054000000000000000e+03
1.332527632713317871e+02,2.055000000000000000e+03
1.333285076618194580e+02,2.056000000000000000e+03
1.334041261672973633e+02,2.057000000000000000e+03
1.334799189567565918e+02,2.058000000000000000e+03
1.335553998947143555e+02,2.059000000000000000e+03
1.336314384937286377e+02,2.060000000000000000e+03
1.337076377868652344e+02,2.061000000000000000e+03
1.337828776836395264e+02,2.062000000000000000e+03
1.338581964969635010e+02,2.063000000000000000e+03
1.339334480762481689e+02,2.064000000000000000e+03
1.340109217166900635e+02,2.065000000000000000e+03
1.340861558914184570e+02,2.066000000000000000e+03
1.341613779067993164e+02,2.067000000000000000e+03
1.342368333339691162e+02,2.068000000000000000e+03
1.343120563030242920e+02,2.069000000000000000e+03
1.343873376846313477e+02,2.070000000000000000e+03
1.344627568721771240e+02,2.071000000000000000e+03
1.345379838943481445e+02,2.072000000000000000e+03
1.346132626533508301e+02,2.073000000000000000e+03
1.346886131763458252e+02,2.074000000000000000e+03
1.347638297080993652e+02,2.075000000000000000e+03
1.348391604423522949e+02,2.076000000000000000e+03
1.349146935939788818e+02,2.077000000000000000e+03
1.349898858070373535e+02,2.078000000000000000e+03
1.350650897026062012e+02,2.079000000000000000e+03
1.351403758525848389e+02,2.080000000000000000e+03
1.352866854667663574e+02,2.081000000000000000e+03
1.353598814010620117e+02,2.082000000000000000e+03
1.354331157207489014e+02,2.083000000000000000e+03
1.354353003501892090e+02,2.084000000000000000e+03
1.356018855571746826e+02,2.085000000000000000e+03
1.356041893959045410e+02,2.086000000000000000e+03
1.356773600578308105e+02,2.087000000000000000e+03
1.356794404983520508e+02,2.088000000000000000e+03
1.357525296211242676e+02,2.089000000000000000e+03
1.357545964717864990e+02,2.090000000000000000e+03
1.358277912139892578e+02,2.091000000000000000e+03
1.358298377990722656e+02,2.092000000000000000e+03
1.359030044078826904e+02,2.093000000000000000e+03
1.359050717353820801e+02,2.094000000000000000e+03
1.359781193733215332e+02,2.095000000000000000e+03
1.359802320003509521e+02,2.096000000000000000e+03
1.360554153919219971e+02,2.097000000000000000e+03
1.361306495666503906e+02,2.098000000000000000e+03
1.362057662010192871e+02,2.099000000000000000e+03
1.362809224128723145e+02,2.100000000000000000e+03
1.363561437129974365e+02,2.101000000000000000e+03
1.364312996864318848e+02,2.102000000000000000e+03
1.365064711570739746e+02,2.103000000000000000e+03
1.365817773342132568e+02,2.104000000000000000e+03
1.366583263874053955e+02,2.105000000000000000e+03
1.367338030338287354e+02,2.106000000000000000e+03
1.368823065757751465e+02,2.107000000000000000e+03
1.369574518203735352e+02,2.108000000000000000e+03
1.370326123237609863e+02,2.109000000000000000e+03
1.372520954608917236e+02,2.110000000000000000e+03
1.373253109455108643e+02,2.111000000000000000e+03
1.373273737430572510e+02,2.112000000000000000e+03
1.374026563167572021e+02,2.113000000000000000e+03
1.374779200553894043e+02,2.114000000000000000e+03
1.375531635284423828e+02,2.115000000000000000e+03
1.376291086673736572e+02,2.116000000000000000e+03
1.377043521404266357e+02,2.117000000000000000e+03
1.377795839309692383e+02,2.118000000000000000e+03
1.378548345565795898e+02,2.119000000000000000e+03
1.379300968647003174e+02,2.120000000000000000e+03
1.380053620338439941e+02,2.121000000000000000e+03
1.380806250572204590e+02,2.122000000000000000e+03
1.381559147834777832e+02,2.123000000000000000e+03
1.382320196628570557e+02,2.124000000000000000e+03
1.383072385787963867e+02,2.125000000000000000e+03
1.383825645446777344e+02,2.126000000000000000e+03
1.384581203460693359e+02,2.127000000000000000e+03
1.385336012840270996e+02,2.128000000000000000e+03
1.386099283695220947e+02,2.129000000000000000e+03
1.386852848529815674e+02,2.130000000000000000e+03
1.387606606483459473e+02,2.131000000000000000e+03
1.389091024398803711e+02,2.132000000000000000e+03
1.390553200244903564e+02,2.133000000000000000e+03
1.391285321712493896e+02,2.134000000000000000e+03
1.391306421756744385e+02,2.135000000000000000e+03
1.392037761211395264e+02,2.136000000000000000e+03
1.392059662342071533e+02,2.137000000000000000e+03
1.392790699005126953e+02,2.138000000000000000e+03
1.392811803817749023e+02,2.139000000000000000e+03
1.393543131351470947e+02,2.140000000000000000e+03
1.393565344810485840e+02,2.141000000000000000e+03
1.394296765327453613e+02,2.142000000000000000e+03
1.394318737983703613e+02,2.143000000000000000e+03
1.395049579143524170e+02,2.144000000000000000e+03
1.395071494579315186e+02,2.145000000000000000e+03
1.395802676677703857e+02,2.146000000000000000e+03
1.395824673175811768e+02,2.147000000000000000e+03
1.396577017307281494e+02,2.148000000000000000e+03
1.397338418960571289e+02,2.149000000000000000e+03
1.398091464042663574e+02,2.150000000000000000e+03
1.398821885585784912e+02,2.151000000000000000e+03
1.398843848705291748e+02,2.152000000000000000e+03
1.399596467018127441e+02,2.153000000000000000e+03
1.400349969863891602e+02,2.154000000000000000e+03
1.401103079319000244e+02,2.155000000000000000e+03
1.401855347156524658e+02,2.156000000000000000e+03
1.402607395648956299e+02,2.157000000000000000e+03
1.403360166549682617e+02,2.158000000000000000e+03
1.404113028049468994e+02,2.159000000000000000e+03
1.404866325855255127e+02,2.160000000000000000e+03
1.405618326663970947e+02,2.161000000000000000e+03
1.406377325057983398e+02,2.162000000000000000e+03
1.407130742073059082e+02,2.163000000000000000e+03
1.407884111404418945e+02,2.164000000000000000e+03
1.408637611865997314e+02,2.165000000000000000e+03
1.409390835762023926e+02,2.166000000000000000e+03
1.410143797397613525e+02,2.167000000000000000e+03
1.410896627902984619e+02,2.168000000000000000e+03
1.411649773120880127e+02,2.169000000000000000e+03
1.412402610778808594e+02,2.170000000000000000e+03
1.413869192600250244e+02,2.171000000000000000e+03
1.414601356983184814e+02,2.172000000000000000e+03
1.415333325862884521e+02,2.173000000000000000e+03
1.415355067253112793e+02,2.174000000000000000e+03
1.416092796325683594e+02,2.175000000000000000e+03
1.416118259429931641e+02,2.176000000000000000e+03
1.417783687114715576e+02,2.177000000000000000e+03
1.418515646457672119e+02,2.178000000000000000e+03
1.418537049293518066e+02,2.179000000000000000e+03
1.419288709163665771e+02,2.180000000000000000e+03
1.420037636756896973e+02,2.181000000000000000e+03
1.420790240764617920e+02,2.182000000000000000e+03
1.421542501449584961e+02,2.183000000000000000e+03
1.422295887470245361e+02,2.184000000000000000e+03
1.423048937320709229e+02,2.185000000000000000e+03
1.423802034854888916e+02,2.186000000000000000e+03
1.424555256366729736e+02,2.187000000000000000e+03
1.426244382858276367e+02,2.188000000000000000e+03
1.426999559402465820e+02,2.189000000000000000e+03
1.427752611637115479e+02,2.190000000000000000e+03
1.428505897521972656e+02,2.191000000000000000e+03
1.429259858131408691e+02,2.192000000000000000e+03
1.430013406276702881e+02,2.193000000000000000e+03
1.430766642093658447e+02,2.194000000000000000e+03
1.431519405841827393e+02,2.195000000000000000e+03
1.432272784709930420e+02,2.196000000000000000e+03
1.433757629394531250e+02,2.197000000000000000e+03
1.434510886669158936e+02,2.198000000000000000e+03
1.435263636112213135e+02,2.199000000000000000e+03
1.436016635894775391e+02,2.200000000000000000e+03
1.437480027675628662e+02,2.201000000000000000e+03
1.438211944103240967e+02,2.202000000000000000e+03
1.438943421840667725e+02,2.203000000000000000e+03
1.438965106010437012e+02,2.204000000000000000e+03
1.439717559814453125e+02,2.205000000000000000e+03
1.440472595691680908e+02,2.206000000000000000e+03
1.441225204467773438e+02,2.207000000000000000e+03
1.441978590488433838e+02,2.208000000000000000e+03
1.442731189727783203e+02,2.209000000000000000e+03
1.443484001159667969e+02,2.210000000000000000e+03
1.444237260818481445e+02,2.211000000000000000e+03
1.444989228248596191e+02,2.212000000000000000e+03
1.445742275714874268e+02,2.213000000000000000e+03
1.447226951122283936e+02,2.214000000000000000e+03
1.447979702949523926e+02,2.215000000000000000e+03
1.448732223510742188e+02,2.216000000000000000e+03
1.449580764770507812e+02,2.217000000000000000e+03
1.450327281951904297e+02,2.218000000000000000e+03
1.450349655151367188e+02,2.219000000000000000e+03
1.451081144809722900e+02,2.220000000000000000e+03
1.451813600063323975e+02,2.221000000000000000e+03
1.451836054325103760e+02,2.222000000000000000e+03
1.452567899227142334e+02,2.223000000000000000e+03
1.452589859962463379e+02,2.224000000000000000e+03
1.453321349620819092e+02,2.225000000000000000e+03
1.453342435359954834e+02,2.226000000000000000e+03
1.454096434116363525e+02,2.227000000000000000e+03
1.454827907085418701e+02,2.228000000000000000e+03
1.454850194454193115e+02,2.229000000000000000e+03
1.455605299472808838e+02,2.230000000000000000e+03
1.456368236541748047e+02,2.231000000000000000e+03
1.457125313282012939e+02,2.232000000000000000e+03
1.457877426147460938e+02,2.233000000000000000e+03
1.458629276752471924e+02,2.234000000000000000e+03
1.459380946159362793e+02,2.235000000000000000e+03
1.460134692192077637e+02,2.236000000000000000e+03
1.460886363983154297e+02,2.237000000000000000e+03
1.461639652252197266e+02,2.238000000000000000e+03
1.462391903400421143e+02,2.239000000000000000e+03
1.463144130706787109e+02,2.240000000000000000e+03
1.463896431922912598e+02,2.241000000000000000e+03
1.464657318592071533e+02,2.242000000000000000e+03
1.466141486167907715e+02,2.243000000000000000e+03
1.466893308162689209e+02,2.244000000000000000e+03
1.469087774753570557e+02,2.245000000000000000e+03
1.469109151363372803e+02,2.246000000000000000e+03
1.470587975978851318e+02,2.247000000000000000e+03
1.470609903335571289e+02,2.248000000000000000e+03
1.471354765892028809e+02,2.249000000000000000e+03
1.471376624107360840e+02,2.250000000000000000e+03
1.472107691764831543e+02,2.251000000000000000e+03
1.472128994464874268e+02,2.252000000000000000e+03
1.472860362529754639e+02,2.253000000000000000e+03
1.472881820201873779e+02,2.254000000000000000e+03
1.473612823486328125e+02,2.255000000000000000e+03
1.473634738922119141e+02,2.256000000000000000e+03
1.474365491867065430e+02,2.257000000000000000e+03
1.474387450218200684e+02,2.258000000000000000e+03
1.475118417739868164e+02,2.259000000000000000e+03
1.475140609741210938e+02,2.260000000000000000e+03
1.475893371105194092e+02,2.261000000000000000e+03
1.476647024154663086e+02,2.262000000000000000e+03
1.477400438785552979e+02,2.263000000000000000e+03
1.478153603076934814e+02,2.264000000000000000e+03
1.478905920982360840e+02,2.265000000000000000e+03
1.479658734798431396e+02,2.266000000000000000e+03
1.480411159992218018e+02,2.267000000000000000e+03
1.481164238452911377e+02,2.268000000000000000e+03
1.481917979717254639e+02,2.269000000000000000e+03
1.482671959400177002e+02,2.270000000000000000e+03
1.483426897525787354e+02,2.271000000000000000e+03
1.484180555343627930e+02,2.272000000000000000e+03
1.484933841228485107e+02,2.273000000000000000e+03
1.485687382221221924e+02,2.274000000000000000e+03
1.486440665721893311e+02,2.275000000000000000e+03
1.487199404239654541e+02,2.276000000000000000e+03
1.487964594364166260e+02,2.277000000000000000e+03
1.488722813129425049e+02,2.278000000000000000e+03
1.489478979110717773e+02,2.279000000000000000e+03
1.490236563682556152e+02,2.280000000000000000e+03
1.490991039276123047e+02,2.281000000000000000e+03
1.491744658946990967e+02,2.282000000000000000e+03
1.492501995563507080e+02,2.283000000000000000e+03
1.493270006179809570e+02,2.284000000000000000e+03
1.494022445678710938e+02,2.285000000000000000e+03
1.494775114059448242e+02,2.286000000000000000e+03
1.495526843070983887e+02,2.287000000000000000e+03
1.496286921501159668e+02,2.288000000000000000e+03
1.497042019367218018e+02,2.289000000000000000e+03
1.497795500755310059e+02,2.290000000000000000e+03
1.498549287319183350e+02,2.291000000000000000e+03
1.499302637577056885e+02,2.292000000000000000e+03
1.500056107044219971e+02,2.293000000000000000e+03
1.500808193683624268e+02,2.294000000000000000e+03
1.501561129093170166e+02,2.295000000000000000e+03
1.502324998378753662e+02,2.296000000000000000e+03
1.503077647686004639e+02,2.297000000000000000e+03
1.503830883502960205e+02,2.298000000000000000e+03
1.504582970142364502e+02,2.299000000000000000e+03
1.506047596931457520e+02,2.300000000000000000e+03
1.506781349182128906e+02,2.301000000000000000e+03
1.507513949871063232e+02,2.302000000000000000e+03
1.507536559104919434e+02,2.303000000000000000e+03
1.508267490863800049e+02,2.304000000000000000e+03
1.508290147781372070e+02,2.305000000000000000e+03
1.509044079780578613e+02,2.306000000000000000e+03
1.509796512126922607e+02,2.307000000000000000e+03
1.510549247264862061e+02,2.308000000000000000e+03
1.511301903724670410e+02,2.309000000000000000e+03
1.512053692340850830e+02,2.310000000000000000e+03
1.512805793285369873e+02,2.311000000000000000e+03
1.513558652400970459e+02,2.312000000000000000e+03
1.514311463832855225e+02,2.313000000000000000e+03
1.515064125061035156e+02,2.314000000000000000e+03
1.516548929214477539e+02,2.315000000000000000e+03
1.517308497428894043e+02,2.316000000000000000e+03
1.518061239719390869e+02,2.317000000000000000e+03
1.518814091682434082e+02,2.318000000000000000e+03
1.520276427268981934e+02,2.319000000000000000e+03
1.521008148193359375e+02,2.320000000000000000e+03
1.521739823818206787e+02,2.321000000000000000e+03
1.521761345863342285e+02,2.322000000000000000e+03
1.522513501644134521e+02,2.323000000000000000e+03
1.523265166282653809e+02,2.324000000000000000e+03
1.524017953872680664e+02,2.325000000000000000e+03
1.524769990444183350e+02,2.326000000000000000e+03
1.525522429943084717e+02,2.327000000000000000e+03
1.526283409595489502e+02,2.328000000000000000e+03
1.527036020755767822e+02,2.329000000000000000e+03
1.527789149284362793e+02,2.330000000000000000e+03
1.528542158603668213e+02,2.331000000000000000e+03
1.530025899410247803e+02,2.332000000000000000e+03
1.530777974128723145e+02,2.333000000000000000e+03
1.531561563014984131e+02,2.334000000000000000e+03
1.532315278053283691e+02,2.335000000000000000e+03
1.533068244457244873e+02,2.336000000000000000e+03
1.534552900791168213e+02,2.337000000000000000e+03
1.536016786098480225e+02,2.338000000000000000e+03
1.536748485565185547e+02,2.339000000000000000e+03
1.537480170726776123e+02,2.340000000000000000e+03
1.537501435279846191e+02,2.341000000000000000e+03
1.538253297805786133e+02,2.342000000000000000e+03
1.539005506038665771e+02,2.343000000000000000e+03
1.539757864475250244e+02,2.344000000000000000e+03
1.540511393547058105e+02,2.345000000000000000e+03
1.541264550685882568e+02,2.346000000000000000e+03
1.542017066478729248e+02,2.347000000000000000e+03
1.542770445346832275e+02,2.348000000000000000e+03
1.543524794578552246e+02,2.349000000000000000e+03
1.544278197288513184e+02,2.350000000000000000e+03
1.545031335353851318e+02,2.351000000000000000e+03
1.546517295837402344e+02,2.352000000000000000e+03
1.547278642654418945e+02,2.353000000000000000e+03
1.548036878108978271e+02,2.354000000000000000e+03
1.548790025711059570e+02,2.355000000000000000e+03
1.549543037414550781e+02,2.356000000000000000e+03
1.550296742916107178e+02,2.357000000000000000e+03
1.552492032051086426e+02,2.358000000000000000e+03
1.553223114013671875e+02,2.359000000000000000e+03
1.553243813514709473e+02,2.360000000000000000e+03
1.553995149135589600e+02,2.361000000000000000e+03
1.554748237133026123e+02,2.362000000000000000e+03
1.555499761104583740e+02,2.363000000000000000e+03
1.556260631084442139e+02,2.364000000000000000e+03
1.557011826038360596e+02,2.365000000000000000e+03
1.557764236927032471e+02,2.366000000000000000e+03
1.558516652584075928e+02,2.367000000000000000e+03
1.559269280433654785e+02,2.368000000000000000e+03
1.560022029876708984e+02,2.369000000000000000e+03
1.560774240493774414e+02,2.370000000000000000e+03
1.562264926433563232e+02,2.371000000000000000e+03
1.563026440143585205e+02,2.372000000000000000e+03
1.563779251575469971e+02,2.373000000000000000e+03
1.564532084465026855e+02,2.374000000000000000e+03
1.565283918380737305e+02,2.375000000000000000e+03
1.566035392284393311e+02,2.376000000000000000e+03
1.567498636245727539e+02,2.377000000000000000e+03
1.568230912685394287e+02,2.378000000000000000e+03
1.568251719474792480e+02,2.379000000000000000e+03
1.568983426094055176e+02,2.380000000000000000e+03
1.569004843235015869e+02,2.381000000000000000e+03
1.569736042022705078e+02,2.382000000000000000e+03
1.569757382869720459e+02,2.383000000000000000e+03
1.570488393306732178e+02,2.384000000000000000e+03
1.570509243011474609e+02,2.385000000000000000e+03
1.571239771842956543e+02,2.386000000000000000e+03
1.571261658668518066e+02,2.387000000000000000e+03
1.571992318630218506e+02,2.388000000000000000e+03
1.572014172077178955e+02,2.389000000000000000e+03
1.572766382694244385e+02,2.390000000000000000e+03
1.573518698215484619e+02,2.391000000000000000e+03
1.574270708560943604e+02,2.392000000000000000e+03
1.575022828578948975e+02,2.393000000000000000e+03
1.575776019096374512e+02,2.394000000000000000e+03
1.576529171466827393e+02,2.395000000000000000e+03
1.577290174961090088e+02,2.396000000000000000e+03
1.578046038150787354e+02,2.397000000000000000e+03
1.578801221847534180e+02,2.398000000000000000e+03
1.579557561874389648e+02,2.399000000000000000e+03
1.580314357280731201e+02,2.400000000000000000e+03
1.581069846153259277e+02,2.401000000000000000e+03
1.581827204227447510e+02,2.402000000000000000e+03
1.582583656311035156e+02,2.403000000000000000e+03
1.583340387344360352e+02,2.404000000000000000e+03
1.584096114635467529e+02,2.405000000000000000e+03
1.584853422641754150e+02,2.406000000000000000e+03
1.585611212253570557e+02,2.407000000000000000e+03
1.586372025012969971e+02,2.408000000000000000e+03
1.587125892639160156e+02,2.409000000000000000e+03
1.587879064083099365e+02,2.410000000000000000e+03
1.588634054660797119e+02,2.411000000000000000e+03
1.589387810230255127e+02,2.412000000000000000e+03
1.590141894817352295e+02,2.413000000000000000e+03
1.590895385742187500e+02,2.414000000000000000e+03
1.591648862361907959e+02,2.415000000000000000e+03
1.592409598827362061e+02,2.416000000000000000e+03
1.593172979354858398e+02,2.417000000000000000e+03
1.593924980163574219e+02,2.418000000000000000e+03
1.595410134792327881e+02,2.419000000000000000e+03
1.596162681579589844e+02,2.420000000000000000e+03
1.596915178298950195e+02,2.421000000000000000e+03
1.598378217220306396e+02,2.422000000000000000e+03
1.599858167171478271e+02,2.423000000000000000e+03
1.599879269599914551e+02,2.424000000000000000e+03
1.600611288547515869e+02,2.425000000000000000e+03
1.600632791519165039e+02,2.426000000000000000e+03
1.601363980770111084e+02,2.427000000000000000e+03
1.601385018825531006e+02,2.428000000000000000e+03
1.602115979194641113e+02,2.429000000000000000e+03
1.602137429714202881e+02,2.430000000000000000e+03
1.602889499664306641e+02,2.431000000000000000e+03
1.603642463684082031e+02,2.432000000000000000e+03
1.604395496845245361e+02,2.433000000000000000e+03
1.605149083137512207e+02,2.434000000000000000e+03
1.605902299880981445e+02,2.435000000000000000e+03
1.606655185222625732e+02,2.436000000000000000e+03
1.607416999340057373e+02,2.437000000000000000e+03
1.608178503513336182e+02,2.438000000000000000e+03
1.608930954933166504e+02,2.439000000000000000e+03
1.609684326648712158e+02,2.440000000000000000e+03
1.610436904430389404e+02,2.441000000000000000e+03
1.611189420223236084e+02,2.442000000000000000e+03
1.611942245960235596e+02,2.443000000000000000e+03
1.612695479393005371e+02,2.444000000000000000e+03
1.613449199199676514e+02,2.445000000000000000e+03
1.614201419353485107e+02,2.446000000000000000e+03
1.614985461235046387e+02,2.447000000000000000e+03
1.615739059448242188e+02,2.448000000000000000e+03
1.616493105888366699e+02,2.449000000000000000e+03
1.617245957851409912e+02,2.450000000000000000e+03
1.617999281883239746e+02,2.451000000000000000e+03
1.618752543926239014e+02,2.452000000000000000e+03
1.619506525993347168e+02,2.453000000000000000e+03
1.620259747505187988e+02,2.454000000000000000e+03
1.621013007164001465e+02,2.455000000000000000e+03
1.622498137950897217e+02,2.456000000000000000e+03
1.625444469451904297e+02,2.457000000000000000e+03
1.626198315620422363e+02,2.458000000000000000e+03
1.626951720714569092e+02,2.459000000000000000e+03
1.627704761028289795e+02,2.460000000000000000e+03
1.628457593917846680e+02,2.461000000000000000e+03
1.630122699737548828e+02,2.462000000000000000e+03
1.630146901607513428e+02,2.463000000000000000e+03
1.630877773761749268e+02,2.464000000000000000e+03
1.630899221897125244e+02,2.465000000000000000e+03
1.631629643440246582e+02,2.466000000000000000e+03
1.631650977134704590e+02,2.467000000000000000e+03
1.632404422760009766e+02,2.468000000000000000e+03
1.633157813549041748e+02,2.469000000000000000e+03
1.633910377025604248e+02,2.470000000000000000e+03
1.634663565158843994e+02,2.471000000000000000e+03
1.635419976711273193e+02,2.472000000000000000e+03
1.636172411441802979e+02,2.473000000000000000e+03
1.636925032138824463e+02,2.474000000000000000e+03
1.637677676677703857e+02,2.475000000000000000e+03
1.638430676460266113e+02,2.476000000000000000e+03
1.639183647632598877e+02,2.477000000000000000e+03
1.639952995777130127e+02,2.478000000000000000e+03
1.640706777572631836e+02,2.479000000000000000e+03
1.641459460258483887e+02,2.480000000000000000e+03
1.642212238311767578e+02,2.481000000000000000e+03
1.643696341514587402e+02,2.482000000000000000e+03
1.644449312686920166e+02,2.483000000000000000e+03
1.645202505588531494e+02,2.484000000000000000e+03
1.646665484905242920e+02,2.485000000000000000e+03
1.647398021221160889e+02,2.486000000000000000e+03
1.649063808917999268e+02,2.487000000000000000e+03
1.649796788692474365e+02,2.488000000000000000e+03
1.649820487499237061e+02,2.489000000000000000e+03
1.650552294254302979e+02,2.490000000000000000e+03
1.650573632717132568e+02,2.491000000000000000e+03
1.651325333118438721e+02,2.492000000000000000e+03
1.652087504863739014e+02,2.493000000000000000e+03
1.652819333076477051e+02,2.494000000000000000e+03
1.652840545177459717e+02,2.495000000000000000e+03
1.653592879772186279e+02,2.496000000000000000e+03
1.654345078468322754e+02,2.497000000000000000e+03
1.655097572803497314e+02,2.498000000000000000e+03
1.655849757194519043e+02,2.499000000000000000e+03
1.656602177619934082e+02,2.500000000000000000e+03
1.657354049682617188e+02,2.501000000000000000e+03
1.658117420673370361e+02,2.502000000000000000e+03
1.658876602649688721e+02,2.503000000000000000e+03
1.659638574123382568e+02,2.504000000000000000e+03
1.660396554470062256e+02,2.505000000000000000e+03
1.661151676177978516e+02,2.506000000000000000e+03
1.661905300617218018e+02,2.507000000000000000e+03
1.662658360004425049e+02,2.508000000000000000e+03
1.663411784172058105e+02,2.509000000000000000e+03
1.664165370464324951e+02,2.510000000000000000e+03
1.664918308258056641e+02,2.511000000000000000e+03
1.665671720504760742e+02,2.512000000000000000e+03
1.666425204277038574e+02,2.513000000000000000e+03
1.667178456783294678e+02,2.514000000000000000e+03
1.667932171821594238e+02,2.515000000000000000e+03
1.668686926364898682e+02,2.516000000000000000e+03
1.669448993206024170e+02,2.517000000000000000e+03
1.670201404094696045e+02,2.518000000000000000e+03
1.670954163074493408e+02,2.519000000000000000e+03
1.671712794303894043e+02,2.520000000000000000e+03
1.672466578483581543e+02,2.521000000000000000e+03
1.673220279216766357e+02,2.522000000000000000e+03
1.673974356651306152e+02,2.523000000000000000e+03
1.674735572338104248e+02,2.524000000000000000e+03
1.675488564968109131e+02,2.525000000000000000e+03
1.676248483657836914e+02,2.526000000000000000e+03
1.677000861167907715e+02,2.527000000000000000e+03
1.677753851413726807e+02,2.528000000000000000e+03
1.678507008552551270e+02,2.529000000000000000e+03
1.679259471893310547e+02,2.530000000000000000e+03
1.680723197460174561e+02,2.531000000000000000e+03
1.681454999446868896e+02,2.532000000000000000e+03
1.682186326980590820e+02,2.533000000000000000e+03
1.682207996845245361e+02,2.534000000000000000e+03
1.682965679168701172e+02,2.535000000000000000e+03
1.683696768283843994e+02,2.536000000000000000e+03
1.683718299865722656e+02,2.537000000000000000e+03
1.684470627307891846e+02,2.538000000000000000e+03
1.685224230289459229e+02,2.539000000000000000e+03
1.685977258682250977e+02,2.540000000000000000e+03
1.686731784343719482e+02,2.541000000000000000e+03
1.687484803199768066e+02,2.542000000000000000e+03
1.688237051963806152e+02,2.543000000000000000e+03
1.688990967273712158e+02,2.544000000000000000e+03
1.689743514060974121e+02,2.545000000000000000e+03
1.690496020317077637e+02,2.546000000000000000e+03
1.691248705387115479e+02,2.547000000000000000e+03
1.692001428604125977e+02,2.548000000000000000e+03
1.692753643989562988e+02,2.549000000000000000e+03
1.693688070774078369e+02,2.550000000000000000e+03
1.693709528446197510e+02,2.551000000000000000e+03
1.694503929615020752e+02,2.552000000000000000e+03
1.695238349437713623e+02,2.553000000000000000e+03
1.695970339775085449e+02,2.554000000000000000e+03
1.695991394519805908e+02,2.555000000000000000e+03
1.696723163127899170e+02,2.556000000000000000e+03
1.696744792461395264e+02,2.557000000000000000e+03
1.697475550174713135e+02,2.558000000000000000e+03
1.697497007846832275e+02,2.559000000000000000e+03
1.698232522010803223e+02,2.560000000000000000e+03
1.698258087635040283e+02,2.561000000000000000e+03
1.698989584445953369e+02,2.562000000000000000e+03
1.699011917114257812e+02,2.563000000000000000e+03
1.699743611812591553e+02,2.564000000000000000e+03
1.699765913486480713e+02,2.565000000000000000e+03
1.700518894195556641e+02,2.566000000000000000e+03
1.701270780563354492e+02,2.567000000000000000e+03
1.702024073600769043e+02,2.568000000000000000e+03
1.702777016162872314e+02,2.569000000000000000e+03
1.703529703617095947e+02,2.570000000000000000e+03
1.704282159805297852e+02,2.571000000000000000e+03
1.705034580230712891e+02,2.572000000000000000e+03
1.705789101123809814e+02,2.573000000000000000e+03
1.706543438434600830e+02,2.574000000000000000e+03
1.708027975559234619e+02,2.575000000000000000e+03
1.708781244754791260e+02,2.576000000000000000e+03
1.709533255100250244e+02,2.577000000000000000e+03
1.710285704135894775e+02,2.578000000000000000e+03
1.711748442649841309e+02,2.579000000000000000e+03
1.712480692863464355e+02,2.580000000000000000e+03
1.712502369880676270e+02,2.581000000000000000e+03
1.713237266540527344e+02,2.582000000000000000e+03
1.713265535831451416e+02,2.583000000000000000e+03
1.713996920585632324e+02,2.584000000000000000e+03
1.714728946685791016e+02,2.585000000000000000e+03
1.714750838279724121e+02,2.586000000000000000e+03
1.715503351688385010e+02,2.587000000000000000e+03
1.716263136863708496e+02,2.588000000000000000e+03
1.717016496658325195e+02,2.589000000000000000e+03
1.717770841121673584e+02,2.590000000000000000e+03
1.718523869514465332e+02,2.591000000000000000e+03
1.719277167320251465e+02,2.592000000000000000e+03
1.720029988288879395e+02,2.593000000000000000e+03
1.720783143043518066e+02,2.594000000000000000e+03
1.721536400318145752e+02,2.595000000000000000e+03
1.722289667129516602e+02,2.596000000000000000e+03
1.723043322563171387e+02,2.597000000000000000e+03
1.723796420097351074e+02,2.598000000000000000e+03
1.724549877643585205e+02,2.599000000000000000e+03
1.726035356521606445e+02,2.600000000000000000e+03
1.726788558959960938e+02,2.601000000000000000e+03
1.728251397609710693e+02,2.602000000000000000e+03
1.728982653617858887e+02,2.603000000000000000e+03
1.729714162349700928e+02,2.604000000000000000e+03
1.729736368656158447e+02,2.605000000000000000e+03
1.730489900112152100e+02,2.606000000000000000e+03
1.731242442131042480e+02,2.607000000000000000e+03
1.731995756626129150e+02,2.608000000000000000e+03
1.732750546932220459e+02,2.609000000000000000e+03
1.733503994941711426e+02,2.610000000000000000e+03
1.734256987571716309e+02,2.611000000000000000e+03
1.735009696483612061e+02,2.612000000000000000e+03
1.735762383937835693e+02,2.613000000000000000e+03
1.736515998840332031e+02,2.614000000000000000e+03
1.738001055717468262e+02,2.615000000000000000e+03
1.738754165172576904e+02,2.616000000000000000e+03
1.739506764411926270e+02,2.617000000000000000e+03
1.740260870456695557e+02,2.618000000000000000e+03
1.741724486351013184e+02,2.619000000000000000e+03
1.742456283569335938e+02,2.620000000000000000e+03
1.744123198986053467e+02,2.621000000000000000e+03
1.744855124950408936e+02,2.622000000000000000e+03
1.744877190589904785e+02,2.623000000000000000e+03
1.745608367919921875e+02,2.624000000000000000e+03
1.745630118846893311e+02,2.625000000000000000e+03
1.746389262676239014e+02,2.626000000000000000e+03
1.747120418548583984e+02,2.627000000000000000e+03
1.747141737937927246e+02,2.628000000000000000e+03
1.747894809246063232e+02,2.629000000000000000e+03
1.748647882938385010e+02,2.630000000000000000e+03
1.749400024414062500e+02,2.631000000000000000e+03
1.750184724330902100e+02,2.632000000000000000e+03
1.750917901992797852e+02,2.633000000000000000e+03
1.750942368507385254e+02,2.634000000000000000e+03
1.751675446033477783e+02,2.635000000000000000e+03
1.751698977947235107e+02,2.636000000000000000e+03
1.752432672977447510e+02,2.637000000000000000e+03
1.752455601692199707e+02,2.638000000000000000e+03
1.753937089443206787e+02,2.639000000000000000e+03
1.753960371017456055e+02,2.640000000000000000e+03
1.754691524505615234e+02,2.641000000000000000e+03
1.754713664054870605e+02,2.642000000000000000e+03
1.755444228649139404e+02,2.643000000000000000e+03
1.755466036796569824e+02,2.644000000000000000e+03
1.756221389770507812e+02,2.645000000000000000e+03
1.756973757743835449e+02,2.646000000000000000e+03
1.757726809978485107e+02,2.647000000000000000e+03
1.758479812145233154e+02,2.648000000000000000e+03
1.759233617782592773e+02,2.649000000000000000e+03
1.759986858367919922e+02,2.650000000000000000e+03
1.760739417076110840e+02,2.651000000000000000e+03
1.761492466926574707e+02,2.652000000000000000e+03
1.762245464324951172e+02,2.653000000000000000e+03
1.762998228073120117e+02,2.654000000000000000e+03
1.763751492500305176e+02,2.655000000000000000e+03
1.764503881931304932e+02,2.656000000000000000e+03
1.766698243618011475e+02,2.657000000000000000e+03
1.767429437637329102e+02,2.658000000000000000e+03
1.768161075115203857e+02,2.659000000000000000e+03
1.768183093070983887e+02,2.660000000000000000e+03
1.768936324119567871e+02,2.661000000000000000e+03
1.769688670635223389e+02,2.662000000000000000e+03
1.770441074371337891e+02,2.663000000000000000e+03
1.771193962097167969e+02,2.664000000000000000e+03
1.771946978569030762e+02,2.665000000000000000e+03
1.772700603008270264e+02,2.666000000000000000e+03
1.773452978134155273e+02,2.667000000000000000e+03
1.774206070899963379e+02,2.668000000000000000e+03
1.774959259033203125e+02,2.669000000000000000e+03
1.775713484287261963e+02,2.670000000000000000e+03
1.776503431797027588e+02,2.671000000000000000e+03
1.777258582115173340e+02,2.672000000000000000e+03
1.778012635707855225e+02,2.673000000000000000e+03
1.778771829605102539e+02,2.674000000000000000e+03
1.779527633190155029e+02,2.675000000000000000e+03
1.780280864238739014e+02,2.676000000000000000e+03
1.781034862995147705e+02,2.677000000000000000e+03
1.781787366867065430e+02,2.678000000000000000e+03
1.782540569305419922e+02,2.679000000000000000e+03
1.783294067382812500e+02,2.680000000000000000e+03
1.784047634601593018e+02,2.681000000000000000e+03
1.784801445007324219e+02,2.682000000000000000e+03
1.785554983615875244e+02,2.683000000000000000e+03
1.786317355632781982e+02,2.684000000000000000e+03
1.787801589965820312e+02,2.685000000000000000e+03
1.788554749488830566e+02,2.686000000000000000e+03
1.789308202266693115e+02,2.687000000000000000e+03
1.790082197189331055e+02,2.688000000000000000e+03
1.790836732387542725e+02,2.689000000000000000e+03
1.791770615577697754e+02,2.690000000000000000e+03
1.791793313026428223e+02,2.691000000000000000e+03
1.792549200057983398e+02,2.692000000000000000e+03
1.793303482532501221e+02,2.693000000000000000e+03
1.794057466983795166e+02,2.694000000000000000e+03
1.794813706874847412e+02,2.695000000000000000e+03
1.795568368434906006e+02,2.696000000000000000e+03
1.796328835487365723e+02,2.697000000000000000e+03
1.797082817554473877e+02,2.698000000000000000e+03
1.797836656570434570e+02,2.699000000000000000e+03
1.798589866161346436e+02,2.700000000000000000e+03
1.799343476295471191e+02,2.701000000000000000e+03
