time,packet_count
2.041118144989013672e-01,1.000000000000000000e+00
2.807610034942626953e-01,2.000000000000000000e+00
3.538713455200195312e-01,3.000000000000000000e+00
3.562147617340087891e-01,4.000000000000000000e+00
4.293465614318847656e-01,5.000000000000000000e+00
4.315881729125976562e-01,6.000000000000000000e+00
5.048108100891113281e-01,7.000000000000000000e+00
5.070936679840087891e-01,8.000000000000000000e+00
5.802869796752929688e-01,9.000000000000000000e+00
5.827052593231201172e-01,1.000000000000000000e+01
6.558957099914550781e-01,1.100000000000000000e+01
6.581592559814453125e-01,1.200000000000000000e+01
7.340459823608398438e-01,1.300000000000000000e+01
8.095607757568359375e-01,1.400000000000000000e+01
8.850433826446533203e-01,1.500000000000000000e+01
9.606070518493652344e-01,1.600000000000000000e+01
5.995350599288940430e+00,1.700000000000000000e+01
6.073386669158935547e+00,1.800000000000000000e+01
6.148979425430297852e+00,1.900000000000000000e+01
6.224921226501464844e+00,2.000000000000000000e+01
6.300323009490966797e+00,2.100000000000000000e+01
6.375583171844482422e+00,2.200000000000000000e+01
6.451020956039428711e+00,2.300000000000000000e+01
6.526332616806030273e+00,2.400000000000000000e+01
6.601648807525634766e+00,2.500000000000000000e+01
6.676953554153442383e+00,2.600000000000000000e+01
6.752251386642456055e+00,2.700000000000000000e+01
6.827941179275512695e+00,2.800000000000000000e+01
6.903325557708740234e+00,2.900000000000000000e+01
6.978995084762573242e+00,3.000000000000000000e+01
7.054950714111328125e+00,3.100000000000000000e+01
7.130947113037109375e+00,3.200000000000000000e+01
7.206429719924926758e+00,3.300000000000000000e+01
7.281833648681640625e+00,3.400000000000000000e+01
7.357870817184448242e+00,3.500000000000000000e+01
7.433959484100341797e+00,3.600000000000000000e+01
7.509839057922363281e+00,3.700000000000000000e+01
7.586060285568237305e+00,3.800000000000000000e+01
7.661525249481201172e+00,3.900000000000000000e+01
7.737018346786499023e+00,4.000000000000000000e+01
7.812532663345336914e+00,4.100000000000000000e+01
7.888833761215209961e+00,4.200000000000000000e+01
7.964420080184936523e+00,4.300000000000000000e+01
8.039879798889160156e+00,4.400000000000000000e+01
8.115200042724609375e+00,4.500000000000000000e+01
8.191533327102661133e+00,4.600000000000000000e+01
8.267366647720336914e+00,4.700000000000000000e+01
8.342837810516357422e+00,4.800000000000000000e+01
8.419063329696655273e+00,4.900000000000000000e+01
8.494570970535278320e+00,5.000000000000000000e+01
8.570567607879638672e+00,5.100000000000000000e+01
8.646354675292968750e+00,5.200000000000000000e+01
8.721809148788452148e+00,5.300000000000000000e+01
8.797410726547241211e+00,5.400000000000000000e+01
8.872915506362915039e+00,5.500000000000000000e+01
8.948302507400512695e+00,5.600000000000000000e+01
9.023848772048950195e+00,5.700000000000000000e+01
9.100188970565795898e+00,5.800000000000000000e+01
9.175826311111450195e+00,5.900000000000000000e+01
9.251164197921752930e+00,6.000000000000000000e+01
9.326484680175781250e+00,6.100000000000000000e+01
9.401888370513916016e+00,6.200000000000000000e+01
9.477205038070678711e+00,6.300000000000000000e+01
9.553866863250732422e+00,6.400000000000000000e+01
9.629431009292602539e+00,6.500000000000000000e+01
9.705409288406372070e+00,6.600000000000000000e+01
9.780829191207885742e+00,6.700000000000000000e+01
9.856387376785278320e+00,6.800000000000000000e+01
9.931861400604248047e+00,6.900000000000000000e+01
1.000854778289794922e+01,7.000000000000000000e+01
1.008495569229125977e+01,7.100000000000000000e+01
1.016053819656372070e+01,7.200000000000000000e+01
1.023593473434448242e+01,7.300000000000000000e+01
1.031150245666503906e+01,7.400000000000000000e+01
1.038693332672119141e+01,7.500000000000000000e+01
1.046252179145812988e+01,7.600000000000000000e+01
1.053800773620605469e+01,7.700000000000000000e+01
1.061344242095947266e+01,7.800000000000000000e+01
1.068891191482543945e+01,7.900000000000000000e+01
1.076435089111328125e+01,8.000000000000000000e+01
1.084016919136047363e+01,8.100000000000000000e+01
1.092320179939270020e+01,8.200000000000000000e+01
1.114856648445129395e+01,8.300000000000000000e+01
1.129703116416931152e+01,8.400000000000000000e+01
1.129939842224121094e+01,8.500000000000000000e+01
1.137275433540344238e+01,8.600000000000000000e+01
1.137513113021850586e+01,8.700000000000000000e+01
1.144860172271728516e+01,8.800000000000000000e+01
1.145094418525695801e+01,8.900000000000000000e+01
1.152416586875915527e+01,9.000000000000000000e+01
1.152637338638305664e+01,9.100000000000000000e+01
1.159957623481750488e+01,9.200000000000000000e+01
1.160202980041503906e+01,9.300000000000000000e+01
1.167519903182983398e+01,9.400000000000000000e+01
1.167743325233459473e+01,9.500000000000000000e+01
1.175052165985107422e+01,9.600000000000000000e+01
1.175270938873291016e+01,9.700000000000000000e+01
1.182582116127014160e+01,9.800000000000000000e+01
1.182808351516723633e+01,9.900000000000000000e+01
1.190117454528808594e+01,1.000000000000000000e+02
1.190340209007263184e+01,1.010000000000000000e+02
1.197873139381408691e+01,1.020000000000000000e+02
1.205507135391235352e+01,1.030000000000000000e+02
1.213053107261657715e+01,1.040000000000000000e+02
1.220595097541809082e+01,1.050000000000000000e+02
1.228132271766662598e+01,1.060000000000000000e+02
1.235669970512390137e+01,1.070000000000000000e+02
1.243219709396362305e+01,1.080000000000000000e+02
1.250762271881103516e+01,1.090000000000000000e+02
1.258366394042968750e+01,1.100000000000000000e+02
1.265918040275573730e+01,1.110000000000000000e+02
1.273462319374084473e+01,1.120000000000000000e+02
1.281019926071166992e+01,1.130000000000000000e+02
1.288563561439514160e+01,1.140000000000000000e+02
1.296104741096496582e+01,1.150000000000000000e+02
1.303645300865173340e+01,1.160000000000000000e+02
1.311189770698547363e+01,1.170000000000000000e+02
1.318738055229187012e+01,1.180000000000000000e+02
1.326282358169555664e+01,1.190000000000000000e+02
1.333830881118774414e+01,1.200000000000000000e+02
1.341378951072692871e+01,1.210000000000000000e+02
1.348928236961364746e+01,1.220000000000000000e+02
1.356573152542114258e+01,1.230000000000000000e+02
1.364107823371887207e+01,1.240000000000000000e+02
1.371648454666137695e+01,1.250000000000000000e+02
1.379185080528259277e+01,1.260000000000000000e+02
1.386717104911804199e+01,1.270000000000000000e+02
1.394247055053710938e+01,1.280000000000000000e+02
1.401876640319824219e+01,1.290000000000000000e+02
1.409508228302001953e+01,1.300000000000000000e+02
1.417137503623962402e+01,1.310000000000000000e+02
1.424765610694885254e+01,1.320000000000000000e+02
1.432300043106079102e+01,1.330000000000000000e+02
1.439830088615417480e+01,1.340000000000000000e+02
1.447360730171203613e+01,1.350000000000000000e+02
1.454887437820434570e+01,1.360000000000000000e+02
1.462490844726562500e+01,1.370000000000000000e+02
1.470028305053710938e+01,1.380000000000000000e+02
1.477553224563598633e+01,1.390000000000000000e+02
1.485081791877746582e+01,1.400000000000000000e+02
1.492611265182495117e+01,1.410000000000000000e+02
1.500140047073364258e+01,1.420000000000000000e+02
1.507698225975036621e+01,1.430000000000000000e+02
1.515217685699462891e+01,1.440000000000000000e+02
1.522747087478637695e+01,1.450000000000000000e+02
1.530276942253112793e+01,1.460000000000000000e+02
1.537804055213928223e+01,1.470000000000000000e+02
1.545321726799011230e+01,1.480000000000000000e+02
1.553009200096130371e+01,1.490000000000000000e+02
1.560739898681640625e+01,1.500000000000000000e+02
1.568395209312438965e+01,1.510000000000000000e+02
1.575946521759033203e+01,1.520000000000000000e+02
1.583629751205444336e+01,1.530000000000000000e+02
1.591471576690673828e+01,1.540000000000000000e+02
1.598793292045593262e+01,1.550000000000000000e+02
1.599084353446960449e+01,1.560000000000000000e+02
1.606474328041076660e+01,1.570000000000000000e+02
1.606771063804626465e+01,1.580000000000000000e+02
1.621679973602294922e+01,1.590000000000000000e+02
1.622070956230163574e+01,1.600000000000000000e+02
1.629391431808471680e+01,1.610000000000000000e+02
1.636714887619018555e+01,1.620000000000000000e+02
1.636947846412658691e+01,1.630000000000000000e+02
1.644267034530639648e+01,1.640000000000000000e+02
1.644488096237182617e+01,1.650000000000000000e+02
1.651797676086425781e+01,1.660000000000000000e+02
1.652013158798217773e+01,1.670000000000000000e+02
1.659328818321228027e+01,1.680000000000000000e+02
1.659543752670288086e+01,1.690000000000000000e+02
1.667064857482910156e+01,1.700000000000000000e+02
1.674588513374328613e+01,1.710000000000000000e+02
1.682116818428039551e+01,1.720000000000000000e+02
1.689637899398803711e+01,1.730000000000000000e+02
1.697165298461914062e+01,1.740000000000000000e+02
1.704693770408630371e+01,1.750000000000000000e+02
1.712220215797424316e+01,1.760000000000000000e+02
1.719814968109130859e+01,1.770000000000000000e+02
1.727831768989562988e+01,1.780000000000000000e+02
1.742645072937011719e+01,1.790000000000000000e+02
1.742864918708801270e+01,1.800000000000000000e+02
1.750170063972473145e+01,1.810000000000000000e+02
1.750388598442077637e+01,1.820000000000000000e+02
1.757736492156982422e+01,1.830000000000000000e+02
1.758014369010925293e+01,1.840000000000000000e+02
1.765330481529235840e+01,1.850000000000000000e+02
1.765550518035888672e+01,1.860000000000000000e+02
1.772861576080322266e+01,1.870000000000000000e+02
1.773076701164245605e+01,1.880000000000000000e+02
1.780388069152832031e+01,1.890000000000000000e+02
1.780605912208557129e+01,1.900000000000000000e+02
1.788133668899536133e+01,1.910000000000000000e+02
1.795660853385925293e+01,1.920000000000000000e+02
1.803180623054504395e+01,1.930000000000000000e+02
1.810793852806091309e+01,1.940000000000000000e+02
1.818319916725158691e+01,1.950000000000000000e+02
1.825855183601379395e+01,1.960000000000000000e+02
1.833383083343505859e+01,1.970000000000000000e+02
1.840911459922790527e+01,1.980000000000000000e+02
1.848435783386230469e+01,1.990000000000000000e+02
1.856208992004394531e+01,2.000000000000000000e+02
1.863739275932312012e+01,2.010000000000000000e+02
1.871270060539245605e+01,2.020000000000000000e+02
1.878799986839294434e+01,2.030000000000000000e+02
1.886331009864807129e+01,2.040000000000000000e+02
1.893864440917968750e+01,2.050000000000000000e+02
1.901412248611450195e+01,2.060000000000000000e+02
1.909073781967163086e+01,2.070000000000000000e+02
1.916613650321960449e+01,2.080000000000000000e+02
1.924148273468017578e+01,2.090000000000000000e+02
1.931684041023254395e+01,2.100000000000000000e+02
1.939220666885375977e+01,2.110000000000000000e+02
1.946763777732849121e+01,2.120000000000000000e+02
1.954297876358032227e+01,2.130000000000000000e+02
1.961839175224304199e+01,2.140000000000000000e+02
1.969384193420410156e+01,2.150000000000000000e+02
1.976915693283081055e+01,2.160000000000000000e+02
1.984457921981811523e+01,2.170000000000000000e+02
1.991998052597045898e+01,2.180000000000000000e+02
1.999528503417968750e+01,2.190000000000000000e+02
2.007064986228942871e+01,2.200000000000000000e+02
2.014600992202758789e+01,2.210000000000000000e+02
2.022130370140075684e+01,2.220000000000000000e+02
2.029647493362426758e+01,2.230000000000000000e+02
2.059090328216552734e+01,2.240000000000000000e+02
2.059294486045837402e+01,2.250000000000000000e+02
2.074084997177124023e+01,2.260000000000000000e+02
2.074294543266296387e+01,2.270000000000000000e+02
2.081606841087341309e+01,2.280000000000000000e+02
2.081814551353454590e+01,2.290000000000000000e+02
2.089330577850341797e+01,2.300000000000000000e+02
2.096850538253784180e+01,2.310000000000000000e+02
2.104378819465637207e+01,2.320000000000000000e+02
2.111907029151916504e+01,2.330000000000000000e+02
2.119459247589111328e+01,2.340000000000000000e+02
2.126999258995056152e+01,2.350000000000000000e+02
2.134541058540344238e+01,2.360000000000000000e+02
2.142085528373718262e+01,2.370000000000000000e+02
2.149620413780212402e+01,2.380000000000000000e+02
2.157164621353149414e+01,2.390000000000000000e+02
2.164702892303466797e+01,2.400000000000000000e+02
2.172238111495971680e+01,2.410000000000000000e+02
2.179778814315795898e+01,2.420000000000000000e+02
2.187327671051025391e+01,2.430000000000000000e+02
2.194867086410522461e+01,2.440000000000000000e+02
2.202414679527282715e+01,2.450000000000000000e+02
2.210088634490966797e+01,2.460000000000000000e+02
2.217632102966308594e+01,2.470000000000000000e+02
2.225174355506896973e+01,2.480000000000000000e+02
2.232713985443115234e+01,2.490000000000000000e+02
2.240257668495178223e+01,2.500000000000000000e+02
2.247794556617736816e+01,2.510000000000000000e+02
2.255393791198730469e+01,2.520000000000000000e+02
2.262936401367187500e+01,2.530000000000000000e+02
2.270466113090515137e+01,2.540000000000000000e+02
2.278004407882690430e+01,2.550000000000000000e+02
2.285545277595520020e+01,2.560000000000000000e+02
2.293075418472290039e+01,2.570000000000000000e+02
2.300614714622497559e+01,2.580000000000000000e+02
2.308232808113098145e+01,2.590000000000000000e+02
2.315778064727783203e+01,2.600000000000000000e+02
2.323315930366516113e+01,2.610000000000000000e+02
2.330880451202392578e+01,2.620000000000000000e+02
2.338451862335205078e+01,2.630000000000000000e+02
2.346020722389221191e+01,2.640000000000000000e+02
2.353603434562683105e+01,2.650000000000000000e+02
2.361169838905334473e+01,2.660000000000000000e+02
2.368746399879455566e+01,2.670000000000000000e+02
2.376307845115661621e+01,2.680000000000000000e+02
2.384223580360412598e+01,2.690000000000000000e+02
2.391806936264038086e+01,2.700000000000000000e+02
2.399425053596496582e+01,2.710000000000000000e+02
2.406996083259582520e+01,2.720000000000000000e+02
2.414536237716674805e+01,2.730000000000000000e+02
2.422087025642395020e+01,2.740000000000000000e+02
2.429627943038940430e+01,2.750000000000000000e+02
2.437167239189147949e+01,2.760000000000000000e+02
2.444704461097717285e+01,2.770000000000000000e+02
2.452239489555358887e+01,2.780000000000000000e+02
2.459771132469177246e+01,2.790000000000000000e+02
2.467451906204223633e+01,2.800000000000000000e+02
2.475123190879821777e+01,2.810000000000000000e+02
2.482711911201477051e+01,2.820000000000000000e+02
2.490270233154296875e+01,2.830000000000000000e+02
2.497841334342956543e+01,2.840000000000000000e+02
2.505652332305908203e+01,2.850000000000000000e+02
2.513013100624084473e+01,2.860000000000000000e+02
2.513253450393676758e+01,2.870000000000000000e+02
2.520591926574707031e+01,2.880000000000000000e+02
2.520836186408996582e+01,2.890000000000000000e+02
2.528157877922058105e+01,2.900000000000000000e+02
2.528377842903137207e+01,2.910000000000000000e+02
2.535702443122863770e+01,2.920000000000000000e+02
2.535945510864257812e+01,2.930000000000000000e+02
2.543270730972290039e+01,2.940000000000000000e+02
2.543523979187011719e+01,2.950000000000000000e+02
2.550848245620727539e+01,2.960000000000000000e+02
2.551077628135681152e+01,2.970000000000000000e+02
2.558476233482360840e+01,2.980000000000000000e+02
2.558766937255859375e+01,2.990000000000000000e+02
2.566083049774169922e+01,3.000000000000000000e+02
2.566327238082885742e+01,3.010000000000000000e+02
2.573644542694091797e+01,3.020000000000000000e+02
2.573865342140197754e+01,3.030000000000000000e+02
2.588661122322082520e+01,3.040000000000000000e+02
2.588879108428955078e+01,3.050000000000000000e+02
2.596192526817321777e+01,3.060000000000000000e+02
2.596417069435119629e+01,3.070000000000000000e+02
2.603961873054504395e+01,3.080000000000000000e+02
2.611502671241760254e+01,3.090000000000000000e+02
2.619137072563171387e+01,3.100000000000000000e+02
2.626515817642211914e+01,3.110000000000000000e+02
2.626742887496948242e+01,3.120000000000000000e+02
2.634058737754821777e+01,3.130000000000000000e+02
2.634280347824096680e+01,3.140000000000000000e+02
2.641597223281860352e+01,3.150000000000000000e+02
2.641824173927307129e+01,3.160000000000000000e+02
2.649360656738281250e+01,3.170000000000000000e+02
2.656940507888793945e+01,3.180000000000000000e+02
2.664493727684020996e+01,3.190000000000000000e+02
2.672036480903625488e+01,3.200000000000000000e+02
2.679580140113830566e+01,3.210000000000000000e+02
2.687104964256286621e+01,3.220000000000000000e+02
2.694647312164306641e+01,3.230000000000000000e+02
2.702191758155822754e+01,3.240000000000000000e+02
2.709832310676574707e+01,3.250000000000000000e+02
2.717370986938476562e+01,3.260000000000000000e+02
2.724918556213378906e+01,3.270000000000000000e+02
2.732444953918457031e+01,3.280000000000000000e+02
2.739970183372497559e+01,3.290000000000000000e+02
2.747498512268066406e+01,3.300000000000000000e+02
2.755053687095642090e+01,3.310000000000000000e+02
2.762596964836120605e+01,3.320000000000000000e+02
2.770223283767700195e+01,3.330000000000000000e+02
2.777750825881958008e+01,3.340000000000000000e+02
2.785333085060119629e+01,3.350000000000000000e+02
2.792866611480712891e+01,3.360000000000000000e+02
2.800390815734863281e+01,3.370000000000000000e+02
2.808030748367309570e+01,3.380000000000000000e+02
2.815566635131835938e+01,3.390000000000000000e+02
2.823120117187500000e+01,3.400000000000000000e+02
2.830639886856079102e+01,3.410000000000000000e+02
2.838162541389465332e+01,3.420000000000000000e+02
2.845689535140991211e+01,3.430000000000000000e+02
2.853218913078308105e+01,3.440000000000000000e+02
2.860746741294860840e+01,3.450000000000000000e+02
2.868269276618957520e+01,3.460000000000000000e+02
2.875796699523925781e+01,3.470000000000000000e+02
2.883326077461242676e+01,3.480000000000000000e+02
2.890851449966430664e+01,3.490000000000000000e+02
2.898478913307189941e+01,3.500000000000000000e+02
2.906015086174011230e+01,3.510000000000000000e+02
2.913561534881591797e+01,3.520000000000000000e+02
2.921099591255187988e+01,3.530000000000000000e+02
2.943060040473937988e+01,3.540000000000000000e+02
2.950379872322082520e+01,3.550000000000000000e+02
2.950603055953979492e+01,3.560000000000000000e+02
2.957920050621032715e+01,3.570000000000000000e+02
2.958177638053894043e+01,3.580000000000000000e+02
2.965495443344116211e+01,3.590000000000000000e+02
2.965714120864868164e+01,3.600000000000000000e+02
2.973241114616394043e+01,3.610000000000000000e+02
2.980769705772399902e+01,3.620000000000000000e+02
2.988301038742065430e+01,3.630000000000000000e+02
2.995836472511291504e+01,3.640000000000000000e+02
3.003377532958984375e+01,3.650000000000000000e+02
3.010902595520019531e+01,3.660000000000000000e+02
3.018435215950012207e+01,3.670000000000000000e+02
3.025958752632141113e+01,3.680000000000000000e+02
3.033496093750000000e+01,3.690000000000000000e+02
3.041023802757263184e+01,3.700000000000000000e+02
3.048551583290100098e+01,3.710000000000000000e+02
3.056279063224792480e+01,3.720000000000000000e+02
3.063808846473693848e+01,3.730000000000000000e+02
3.071337723731994629e+01,3.740000000000000000e+02
3.078870081901550293e+01,3.750000000000000000e+02
3.086401247978210449e+01,3.760000000000000000e+02
3.093933033943176270e+01,3.770000000000000000e+02
3.101466917991638184e+01,3.780000000000000000e+02
3.109801387786865234e+01,3.790000000000000000e+02
3.154709672927856445e+01,3.800000000000000000e+02
3.154924416542053223e+01,3.810000000000000000e+02
3.162231445312500000e+01,3.820000000000000000e+02
3.162473344802856445e+01,3.830000000000000000e+02
3.170007371902465820e+01,3.840000000000000000e+02
3.177529978752136230e+01,3.850000000000000000e+02
3.185075449943542480e+01,3.860000000000000000e+02
3.192599248886108398e+01,3.870000000000000000e+02
3.200116920471191406e+01,3.880000000000000000e+02
3.207758450508117676e+01,3.890000000000000000e+02
3.215328288078308105e+01,3.900000000000000000e+02
3.222897577285766602e+01,3.910000000000000000e+02
3.230444622039794922e+01,3.920000000000000000e+02
3.237997484207153320e+01,3.930000000000000000e+02
3.245544171333312988e+01,3.940000000000000000e+02
3.253078532218933105e+01,3.950000000000000000e+02
3.260614132881164551e+01,3.960000000000000000e+02
3.268144965171813965e+01,3.970000000000000000e+02
3.275683093070983887e+01,3.980000000000000000e+02
3.283228325843811035e+01,3.990000000000000000e+02
3.290761137008666992e+01,4.000000000000000000e+02
3.298309087753295898e+01,4.010000000000000000e+02
3.306089735031127930e+01,4.020000000000000000e+02
3.313624477386474609e+01,4.030000000000000000e+02
3.321176791191101074e+01,4.040000000000000000e+02
3.328720784187316895e+01,4.050000000000000000e+02
3.336247706413269043e+01,4.060000000000000000e+02
3.343792629241943359e+01,4.070000000000000000e+02
3.351325750350952148e+01,4.080000000000000000e+02
3.358981275558471680e+01,4.090000000000000000e+02
3.366511678695678711e+01,4.100000000000000000e+02
3.374060869216918945e+01,4.110000000000000000e+02
3.381623768806457520e+01,4.120000000000000000e+02
3.389159417152404785e+01,4.130000000000000000e+02
3.396693515777587891e+01,4.140000000000000000e+02
3.404264020919799805e+01,4.150000000000000000e+02
3.411851048469543457e+01,4.160000000000000000e+02
3.419426751136779785e+01,4.170000000000000000e+02
3.427000665664672852e+01,4.180000000000000000e+02
3.434577298164367676e+01,4.190000000000000000e+02
3.442162203788757324e+01,4.200000000000000000e+02
3.449715423583984375e+01,4.210000000000000000e+02
3.457284188270568848e+01,4.220000000000000000e+02
3.464839172363281250e+01,4.230000000000000000e+02
3.472377252578735352e+01,4.240000000000000000e+02
3.479910659790039062e+01,4.250000000000000000e+02
3.487453675270080566e+01,4.260000000000000000e+02
3.494995570182800293e+01,4.270000000000000000e+02
3.502542567253112793e+01,4.280000000000000000e+02
3.510174369812011719e+01,4.290000000000000000e+02
3.517818737030029297e+01,4.300000000000000000e+02
3.525422620773315430e+01,4.310000000000000000e+02
3.532945370674133301e+01,4.320000000000000000e+02
3.540486311912536621e+01,4.330000000000000000e+02
3.548024034500122070e+01,4.340000000000000000e+02
3.556163692474365234e+01,4.350000000000000000e+02
3.570960426330566406e+01,4.360000000000000000e+02
3.571196222305297852e+01,4.370000000000000000e+02
3.578529262542724609e+01,4.380000000000000000e+02
3.578777337074279785e+01,4.390000000000000000e+02
3.586093711853027344e+01,4.400000000000000000e+02
3.586343169212341309e+01,4.410000000000000000e+02
3.593695425987243652e+01,4.420000000000000000e+02
3.593940448760986328e+01,4.430000000000000000e+02
3.601268148422241211e+01,4.440000000000000000e+02
3.601505255699157715e+01,4.450000000000000000e+02
3.608880066871643066e+01,4.460000000000000000e+02
3.609164500236511230e+01,4.470000000000000000e+02
3.631447672843933105e+01,4.480000000000000000e+02
3.631667947769165039e+01,4.490000000000000000e+02
3.639196276664733887e+01,4.500000000000000000e+02
3.646722579002380371e+01,4.510000000000000000e+02
3.654255461692810059e+01,4.520000000000000000e+02
3.661788344383239746e+01,4.530000000000000000e+02
3.669407224655151367e+01,4.540000000000000000e+02
3.676970529556274414e+01,4.550000000000000000e+02
3.684498834609985352e+01,4.560000000000000000e+02
3.692030930519104004e+01,4.570000000000000000e+02
3.699559450149536133e+01,4.580000000000000000e+02
3.707120728492736816e+01,4.590000000000000000e+02
3.714657163619995117e+01,4.600000000000000000e+02
3.722190546989440918e+01,4.610000000000000000e+02
3.729714035987854004e+01,4.620000000000000000e+02
3.737273955345153809e+01,4.630000000000000000e+02
3.744810843467712402e+01,4.640000000000000000e+02
3.752331018447875977e+01,4.650000000000000000e+02
3.759873294830322266e+01,4.660000000000000000e+02
3.767398095130920410e+01,4.670000000000000000e+02
3.774920916557312012e+01,4.680000000000000000e+02
3.782451057434082031e+01,4.690000000000000000e+02
3.789986491203308105e+01,4.700000000000000000e+02
3.797511625289916992e+01,4.710000000000000000e+02
3.805121707916259766e+01,4.720000000000000000e+02
3.812662839889526367e+01,4.730000000000000000e+02
3.820278906822204590e+01,4.740000000000000000e+02
3.827819108963012695e+01,4.750000000000000000e+02
3.835358214378356934e+01,4.760000000000000000e+02
3.842888545989990234e+01,4.770000000000000000e+02
3.850423765182495117e+01,4.780000000000000000e+02
3.858073687553405762e+01,4.790000000000000000e+02
3.865610408782958984e+01,4.800000000000000000e+02
3.873144412040710449e+01,4.810000000000000000e+02
3.880673694610595703e+01,4.820000000000000000e+02
3.888899207115173340e+01,4.830000000000000000e+02
3.896471786499023438e+01,4.840000000000000000e+02
3.904010605812072754e+01,4.850000000000000000e+02
3.911541724205017090e+01,4.860000000000000000e+02
3.919078040122985840e+01,4.870000000000000000e+02
3.926615285873413086e+01,4.880000000000000000e+02
3.934154701232910156e+01,4.890000000000000000e+02
3.941687369346618652e+01,4.900000000000000000e+02
3.949220609664916992e+01,4.910000000000000000e+02
3.956761670112609863e+01,4.920000000000000000e+02
3.964287805557250977e+01,4.930000000000000000e+02
3.971820402145385742e+01,4.940000000000000000e+02
3.979352951049804688e+01,4.950000000000000000e+02
3.986888623237609863e+01,4.960000000000000000e+02
3.994419550895690918e+01,4.970000000000000000e+02
4.001952648162841797e+01,4.980000000000000000e+02
4.009613990783691406e+01,4.990000000000000000e+02
4.017139172554016113e+01,5.000000000000000000e+02
4.024672245979309082e+01,5.010000000000000000e+02
4.032208466529846191e+01,5.020000000000000000e+02
4.039741468429565430e+01,5.030000000000000000e+02
4.047275328636169434e+01,5.040000000000000000e+02
4.054808235168457031e+01,5.050000000000000000e+02
4.062351536750793457e+01,5.060000000000000000e+02
4.069893407821655273e+01,5.070000000000000000e+02
4.077420926094055176e+01,5.080000000000000000e+02
4.099380612373352051e+01,5.090000000000000000e+02
4.114225387573242188e+01,5.100000000000000000e+02
4.114445972442626953e+01,5.110000000000000000e+02
4.121987891197204590e+01,5.120000000000000000e+02
4.129522967338562012e+01,5.130000000000000000e+02
4.137055730819702148e+01,5.140000000000000000e+02
4.144586110115051270e+01,5.150000000000000000e+02
4.152124309539794922e+01,5.160000000000000000e+02
4.159664964675903320e+01,5.170000000000000000e+02
4.167205595970153809e+01,5.180000000000000000e+02
4.174747276306152344e+01,5.190000000000000000e+02
4.182283425331115723e+01,5.200000000000000000e+02
4.189823198318481445e+01,5.210000000000000000e+02
4.197358989715576172e+01,5.220000000000000000e+02
4.204898190498352051e+01,5.230000000000000000e+02
4.212504696846008301e+01,5.240000000000000000e+02
4.220047068595886230e+01,5.250000000000000000e+02
4.227585935592651367e+01,5.260000000000000000e+02
4.235129928588867188e+01,5.270000000000000000e+02
4.242665410041809082e+01,5.280000000000000000e+02
4.250198864936828613e+01,5.290000000000000000e+02
4.257880234718322754e+01,5.300000000000000000e+02
4.265427684783935547e+01,5.310000000000000000e+02
4.272959828376770020e+01,5.320000000000000000e+02
4.280492663383483887e+01,5.330000000000000000e+02
4.288017129898071289e+01,5.340000000000000000e+02
4.295559334754943848e+01,5.350000000000000000e+02
4.303089714050292969e+01,5.360000000000000000e+02
4.310712933540344238e+01,5.370000000000000000e+02
4.318248963356018066e+01,5.380000000000000000e+02
4.325779128074645996e+01,5.390000000000000000e+02
4.333316016197204590e+01,5.400000000000000000e+02
4.340843558311462402e+01,5.410000000000000000e+02
4.348375034332275391e+01,5.420000000000000000e+02
4.356075048446655273e+01,5.430000000000000000e+02
4.363606834411621094e+01,5.440000000000000000e+02
4.371132898330688477e+01,5.450000000000000000e+02
4.378657603263854980e+01,5.460000000000000000e+02
4.386181998252868652e+01,5.470000000000000000e+02
4.430633735656738281e+01,5.480000000000000000e+02
4.430860304832458496e+01,5.490000000000000000e+02
4.438166904449462891e+01,5.500000000000000000e+02
4.438399338722229004e+01,5.510000000000000000e+02
4.445712113380432129e+01,5.520000000000000000e+02
4.445933580398559570e+01,5.530000000000000000e+02
4.453460693359375000e+01,5.540000000000000000e+02
4.460989165306091309e+01,5.550000000000000000e+02
4.468527841567993164e+01,5.560000000000000000e+02
4.476066827774047852e+01,5.570000000000000000e+02
4.483603954315185547e+01,5.580000000000000000e+02
4.491131472587585449e+01,5.590000000000000000e+02
4.498672652244567871e+01,5.600000000000000000e+02
4.506361222267150879e+01,5.610000000000000000e+02
4.513895678520202637e+01,5.620000000000000000e+02
4.521434378623962402e+01,5.630000000000000000e+02
4.528969192504882812e+01,5.640000000000000000e+02
4.536506724357604980e+01,5.650000000000000000e+02
4.544043684005737305e+01,5.660000000000000000e+02
4.551583361625671387e+01,5.670000000000000000e+02
4.559252429008483887e+01,5.680000000000000000e+02
4.566795396804809570e+01,5.690000000000000000e+02
4.574327754974365234e+01,5.700000000000000000e+02
4.581932115554809570e+01,5.710000000000000000e+02
4.589475536346435547e+01,5.720000000000000000e+02
4.597008538246154785e+01,5.730000000000000000e+02
4.604534673690795898e+01,5.740000000000000000e+02
4.612637686729431152e+01,5.750000000000000000e+02
4.619959926605224609e+01,5.760000000000000000e+02
4.620180153846740723e+01,5.770000000000000000e+02
4.627483010292053223e+01,5.780000000000000000e+02
4.627706789970397949e+01,5.790000000000000000e+02
4.635021257400512695e+01,5.800000000000000000e+02
4.635245895385742188e+01,5.810000000000000000e+02
4.642558288574218750e+01,5.820000000000000000e+02
4.642777419090270996e+01,5.830000000000000000e+02
4.650080895423889160e+01,5.840000000000000000e+02
4.650302290916442871e+01,5.850000000000000000e+02
4.657700133323669434e+01,5.860000000000000000e+02
4.658008241653442383e+01,5.870000000000000000e+02
4.672815585136413574e+01,5.880000000000000000e+02
4.673032116889953613e+01,5.890000000000000000e+02
4.680338716506958008e+01,5.900000000000000000e+02
4.680553698539733887e+01,5.910000000000000000e+02
4.687864136695861816e+01,5.920000000000000000e+02
4.688079452514648438e+01,5.930000000000000000e+02
4.695613932609558105e+01,5.940000000000000000e+02
4.703157782554626465e+01,5.950000000000000000e+02
4.710799074172973633e+01,5.960000000000000000e+02
4.718342328071594238e+01,5.970000000000000000e+02
4.725893163681030273e+01,5.980000000000000000e+02
4.733439111709594727e+01,5.990000000000000000e+02
4.740976715087890625e+01,6.000000000000000000e+02
4.748510980606079102e+01,6.010000000000000000e+02
4.756216740608215332e+01,6.020000000000000000e+02
4.763535404205322266e+01,6.030000000000000000e+02
4.763758635520935059e+01,6.040000000000000000e+02
4.771292591094970703e+01,6.050000000000000000e+02
4.778829216957092285e+01,6.060000000000000000e+02
4.786359357833862305e+01,6.070000000000000000e+02
4.793894529342651367e+01,6.080000000000000000e+02
4.801430010795593262e+01,6.090000000000000000e+02
4.809054803848266602e+01,6.100000000000000000e+02
4.816598272323608398e+01,6.110000000000000000e+02
4.824134635925292969e+01,6.120000000000000000e+02
4.831670165061950684e+01,6.130000000000000000e+02
4.839213252067565918e+01,6.140000000000000000e+02
4.846742272377014160e+01,6.150000000000000000e+02
4.854278850555419922e+01,6.160000000000000000e+02
4.861821484565734863e+01,6.170000000000000000e+02
4.869541358947753906e+01,6.180000000000000000e+02
4.877091193199157715e+01,6.190000000000000000e+02
4.884652686119079590e+01,6.200000000000000000e+02
4.892200756072998047e+01,6.210000000000000000e+02
4.899822735786437988e+01,6.220000000000000000e+02
4.907450866699218750e+01,6.230000000000000000e+02
4.914995789527893066e+01,6.240000000000000000e+02
4.922530770301818848e+01,6.250000000000000000e+02
4.930063843727111816e+01,6.260000000000000000e+02
4.937613129615783691e+01,6.270000000000000000e+02
4.945163750648498535e+01,6.280000000000000000e+02
4.952734160423278809e+01,6.290000000000000000e+02
4.960278868675231934e+01,6.300000000000000000e+02
4.967834091186523438e+01,6.310000000000000000e+02
4.975377631187438965e+01,6.320000000000000000e+02
4.982925629615783691e+01,6.330000000000000000e+02
4.990471482276916504e+01,6.340000000000000000e+02
4.998010015487670898e+01,6.350000000000000000e+02
5.005562520027160645e+01,6.360000000000000000e+02
5.013133907318115234e+01,6.370000000000000000e+02
5.020684123039245605e+01,6.380000000000000000e+02
5.028318405151367188e+01,6.390000000000000000e+02
5.035847926139831543e+01,6.400000000000000000e+02
5.043372249603271484e+01,6.410000000000000000e+02
5.050901484489440918e+01,6.420000000000000000e+02
5.058520078659057617e+01,6.430000000000000000e+02
5.066060233116149902e+01,6.440000000000000000e+02
5.073587894439697266e+01,6.450000000000000000e+02
5.081119990348815918e+01,6.460000000000000000e+02
5.088647460937500000e+01,6.470000000000000000e+02
5.096180629730224609e+01,6.480000000000000000e+02
5.103703260421752930e+01,6.490000000000000000e+02
5.111246156692504883e+01,6.500000000000000000e+02
5.118787193298339844e+01,6.510000000000000000e+02
5.126340818405151367e+01,6.520000000000000000e+02
5.133880877494812012e+01,6.530000000000000000e+02
5.141425919532775879e+01,6.540000000000000000e+02
5.163491201400756836e+01,6.550000000000000000e+02
5.170830988883972168e+01,6.560000000000000000e+02
5.171070671081542969e+01,6.570000000000000000e+02
5.178415632247924805e+01,6.580000000000000000e+02
5.178652167320251465e+01,6.590000000000000000e+02
5.185980892181396484e+01,6.600000000000000000e+02
5.186219549179077148e+01,6.610000000000000000e+02
5.208613586425781250e+01,6.620000000000000000e+02
5.208929538726806641e+01,6.630000000000000000e+02
5.216273450851440430e+01,6.640000000000000000e+02
5.216509079933166504e+01,6.650000000000000000e+02
5.246393275260925293e+01,6.660000000000000000e+02
5.246628451347351074e+01,6.670000000000000000e+02
5.253959870338439941e+01,6.680000000000000000e+02
5.254198670387268066e+01,6.690000000000000000e+02
5.261539435386657715e+01,6.700000000000000000e+02
5.261775588989257812e+01,6.710000000000000000e+02
5.269086456298828125e+01,6.720000000000000000e+02
5.269312334060668945e+01,6.730000000000000000e+02
5.276628541946411133e+01,6.740000000000000000e+02
5.276853370666503906e+01,6.750000000000000000e+02
5.284396362304687500e+01,6.760000000000000000e+02
5.291933917999267578e+01,6.770000000000000000e+02
5.299478507041931152e+01,6.780000000000000000e+02
5.307047462463378906e+01,6.790000000000000000e+02
5.314589357376098633e+01,6.800000000000000000e+02
5.322127127647399902e+01,6.810000000000000000e+02
5.329658818244934082e+01,6.820000000000000000e+02
5.337187790870666504e+01,6.830000000000000000e+02
5.344719839096069336e+01,6.840000000000000000e+02
5.352257132530212402e+01,6.850000000000000000e+02
5.359946203231811523e+01,6.860000000000000000e+02
5.367644762992858887e+01,6.870000000000000000e+02
5.375181841850280762e+01,6.880000000000000000e+02
5.382711744308471680e+01,6.890000000000000000e+02
5.390243887901306152e+01,6.900000000000000000e+02
5.397782349586486816e+01,6.910000000000000000e+02
5.405756950378417969e+01,6.920000000000000000e+02
5.420570755004882812e+01,6.930000000000000000e+02
5.420801663398742676e+01,6.940000000000000000e+02
5.428112053871154785e+01,6.950000000000000000e+02
5.428334069252014160e+01,6.960000000000000000e+02
5.435652041435241699e+01,6.970000000000000000e+02
5.435864973068237305e+01,6.980000000000000000e+02
5.443174862861633301e+01,6.990000000000000000e+02
5.443392229080200195e+01,7.000000000000000000e+02
5.450697016716003418e+01,7.010000000000000000e+02
5.450921487808227539e+01,7.020000000000000000e+02
5.458545088768005371e+01,7.030000000000000000e+02
5.465853905677795410e+01,7.040000000000000000e+02
5.466068506240844727e+01,7.050000000000000000e+02
5.473372006416320801e+01,7.060000000000000000e+02
5.473590922355651855e+01,7.070000000000000000e+02
5.481120753288269043e+01,7.080000000000000000e+02
5.488639020919799805e+01,7.090000000000000000e+02
5.496170711517333984e+01,7.100000000000000000e+02
5.503699064254760742e+01,7.110000000000000000e+02
5.511225509643554688e+01,7.120000000000000000e+02
5.518738985061645508e+01,7.130000000000000000e+02
5.526271915435791016e+01,7.140000000000000000e+02
5.533797645568847656e+01,7.150000000000000000e+02
5.541318988800048828e+01,7.160000000000000000e+02
5.548843646049499512e+01,7.170000000000000000e+02
5.556482005119323730e+01,7.180000000000000000e+02
5.564006757736206055e+01,7.190000000000000000e+02
5.571543502807617188e+01,7.200000000000000000e+02
5.579063820838928223e+01,7.210000000000000000e+02
5.586591291427612305e+01,7.220000000000000000e+02
5.594116783142089844e+01,7.230000000000000000e+02
5.601667428016662598e+01,7.240000000000000000e+02
5.609245276451110840e+01,7.250000000000000000e+02
5.616778111457824707e+01,7.260000000000000000e+02
5.624314832687377930e+01,7.270000000000000000e+02
5.631845378875732422e+01,7.280000000000000000e+02
5.639361119270324707e+01,7.290000000000000000e+02
5.661314153671264648e+01,7.300000000000000000e+02
5.661533713340759277e+01,7.310000000000000000e+02
5.676328873634338379e+01,7.320000000000000000e+02
5.676547813415527344e+01,7.330000000000000000e+02
5.683853387832641602e+01,7.340000000000000000e+02
5.684066700935363770e+01,7.350000000000000000e+02
5.691375017166137695e+01,7.360000000000000000e+02
5.691595697402954102e+01,7.370000000000000000e+02
5.698900437355041504e+01,7.380000000000000000e+02
5.699116826057434082e+01,7.390000000000000000e+02
5.706696081161499023e+01,7.400000000000000000e+02
5.714222168922424316e+01,7.410000000000000000e+02
5.721793675422668457e+01,7.420000000000000000e+02
5.729325437545776367e+01,7.430000000000000000e+02
5.736859202384948730e+01,7.440000000000000000e+02
5.744388175010681152e+01,7.450000000000000000e+02
5.751905012130737305e+01,7.460000000000000000e+02
5.759440064430236816e+01,7.470000000000000000e+02
5.766969227790832520e+01,7.480000000000000000e+02
5.774509954452514648e+01,7.490000000000000000e+02
5.782078647613525391e+01,7.500000000000000000e+02
5.789616537094116211e+01,7.510000000000000000e+02
5.797157382965087891e+01,7.520000000000000000e+02
5.804688835144042969e+01,7.530000000000000000e+02
5.812223410606384277e+01,7.540000000000000000e+02
5.819755792617797852e+01,7.550000000000000000e+02
5.827295780181884766e+01,7.560000000000000000e+02
5.834838509559631348e+01,7.570000000000000000e+02
5.842372226715087891e+01,7.580000000000000000e+02
5.849922990798950195e+01,7.590000000000000000e+02
5.857531857490539551e+01,7.600000000000000000e+02
5.865095114707946777e+01,7.610000000000000000e+02
5.872651839256286621e+01,7.620000000000000000e+02
5.880218124389648438e+01,7.630000000000000000e+02
5.887762951850891113e+01,7.640000000000000000e+02
5.895292377471923828e+01,7.650000000000000000e+02
5.902834129333496094e+01,7.660000000000000000e+02
5.910468888282775879e+01,7.670000000000000000e+02
5.918096017837524414e+01,7.680000000000000000e+02
5.925670909881591797e+01,7.690000000000000000e+02
5.933214759826660156e+01,7.700000000000000000e+02
5.940748643875122070e+01,7.710000000000000000e+02
5.948289585113525391e+01,7.720000000000000000e+02
5.956032037734985352e+01,7.730000000000000000e+02
5.963575029373168945e+01,7.740000000000000000e+02
5.971112775802612305e+01,7.750000000000000000e+02
5.978644418716430664e+01,7.760000000000000000e+02
5.986640739440917969e+01,7.770000000000000000e+02
5.994185447692871094e+01,7.780000000000000000e+02
2.974271774291992188e-03,1.000000000000000000e+00
7.609391212463378906e-02,2.000000000000000000e+00
2.471427917480468750e-01,3.000000000000000000e+00
3.231413364410400391e-01,4.000000000000000000e+00
3.984689712524414062e-01,5.000000000000000000e+00
4.737880229949951172e-01,6.000000000000000000e+00
5.505511760711669922e-01,7.000000000000000000e+00
6.304659843444824219e-01,8.000000000000000000e+00
1.080139875411987305e+00,9.000000000000000000e+00
1.084302663803100586e+00,1.000000000000000000e+01
1.234207153320312500e+00,1.100000000000000000e+01
1.307993888854980469e+00,1.200000000000000000e+01
1.310380697250366211e+00,1.300000000000000000e+01
1.613855361938476562e+00,1.400000000000000000e+01
1.763822555541992188e+00,1.500000000000000000e+01
1.838675975799560547e+00,1.600000000000000000e+01
1.841487407684326172e+00,1.700000000000000000e+01
1.914658069610595703e+00,1.800000000000000000e+01
1.988499402999877930e+00,1.900000000000000000e+01
1.991119623184204102e+00,2.000000000000000000e+01
2.064266443252563477e+00,2.100000000000000000e+01
2.066443443298339844e+00,2.200000000000000000e+01
2.140092372894287109e+00,2.300000000000000000e+01
2.142877101898193359e+00,2.400000000000000000e+01
2.441951513290405273e+00,2.500000000000000000e+01
2.444388628005981445e+00,2.600000000000000000e+01
2.517765760421752930e+00,2.700000000000000000e+01
2.521134138107299805e+00,2.800000000000000000e+01
2.744884014129638672e+00,2.900000000000000000e+01
2.747130632400512695e+00,3.000000000000000000e+01
2.820521354675292969e+00,3.100000000000000000e+01
2.822681903839111328e+00,3.200000000000000000e+01
2.896018028259277344e+00,3.300000000000000000e+01
2.898307085037231445e+00,3.400000000000000000e+01
2.971610307693481445e+00,3.500000000000000000e+01
2.973793029785156250e+00,3.600000000000000000e+01
3.123085498809814453e+00,3.700000000000000000e+01
3.125290393829345703e+00,3.800000000000000000e+01
3.198524713516235352e+00,3.900000000000000000e+01
3.200753927230834961e+00,4.000000000000000000e+01
3.273856163024902344e+00,4.100000000000000000e+01
3.276051044464111328e+00,4.200000000000000000e+01
3.351409435272216797e+00,4.300000000000000000e+01
3.426689386367797852e+00,4.400000000000000000e+01
3.502039432525634766e+00,4.500000000000000000e+01
3.577322959899902344e+00,4.600000000000000000e+01
3.652681350708007812e+00,4.700000000000000000e+01
3.728286027908325195e+00,4.800000000000000000e+01
3.803742408752441406e+00,4.900000000000000000e+01
3.878914356231689453e+00,5.000000000000000000e+01
3.956775188446044922e+00,5.100000000000000000e+01
4.032969236373901367e+00,5.200000000000000000e+01
4.106296062469482422e+00,5.300000000000000000e+01
4.108624696731567383e+00,5.400000000000000000e+01
4.182023286819458008e+00,5.500000000000000000e+01
4.184419393539428711e+00,5.600000000000000000e+01
4.257837295532226562e+00,5.700000000000000000e+01
4.260127782821655273e+00,5.800000000000000000e+01
4.333441019058227539e+00,5.900000000000000000e+01
4.335772991180419922e+00,6.000000000000000000e+01
4.409081459045410156e+00,6.100000000000000000e+01
4.411430120468139648e+00,6.200000000000000000e+01
4.484794139862060547e+00,6.300000000000000000e+01
4.487083435058593750e+00,6.400000000000000000e+01
4.560347318649291992e+00,6.500000000000000000e+01
4.562547922134399414e+00,6.600000000000000000e+01
4.637866258621215820e+00,6.700000000000000000e+01
4.713160753250122070e+00,6.800000000000000000e+01
4.788655281066894531e+00,6.900000000000000000e+01
4.863873243331909180e+00,7.000000000000000000e+01
4.939131259918212891e+00,7.100000000000000000e+01
5.014487981796264648e+00,7.200000000000000000e+01
5.089771986007690430e+00,7.300000000000000000e+01
5.166293382644653320e+00,7.400000000000000000e+01
5.241634607315063477e+00,7.500000000000000000e+01
5.316964387893676758e+00,7.600000000000000000e+01
5.400790214538574219e+00,7.700000000000000000e+01
5.632431745529174805e+00,7.800000000000000000e+01
5.759424686431884766e+00,7.900000000000000000e+01
5.937478065490722656e+00,8.000000000000000000e+01
6.019454956054687500e+00,8.100000000000000000e+01
6.109045028686523438e+00,8.200000000000000000e+01
6.281085491180419922e+00,8.300000000000000000e+01
6.359083652496337891e+00,8.400000000000000000e+01
6.441567420959472656e+00,8.500000000000000000e+01
6.600710391998291016e+00,8.600000000000000000e+01
6.772390842437744141e+00,8.700000000000000000e+01
6.847881078720092773e+00,8.800000000000000000e+01
6.853014945983886719e+00,8.900000000000000000e+01
7.017969369888305664e+00,9.000000000000000000e+01
7.093172550201416016e+00,9.100000000000000000e+01
7.175895214080810547e+00,9.200000000000000000e+01
7.255215644836425781e+00,9.300000000000000000e+01
7.337222576141357422e+00,9.400000000000000000e+01
7.584478616714477539e+00,9.500000000000000000e+01
7.662828683853149414e+00,9.600000000000000000e+01
7.745423078536987305e+00,9.700000000000000000e+01
7.821243047714233398e+00,9.800000000000000000e+01
8.343581676483154297e+00,9.900000000000000000e+01
8.345796108245849609e+00,1.000000000000000000e+02
8.421177864074707031e+00,1.010000000000000000e+02
8.496496200561523438e+00,1.020000000000000000e+02
8.571937561035156250e+00,1.030000000000000000e+02
8.647277832031250000e+00,1.040000000000000000e+02
8.722693920135498047e+00,1.050000000000000000e+02
8.798128843307495117e+00,1.060000000000000000e+02
8.873498439788818359e+00,1.070000000000000000e+02
8.950857400894165039e+00,1.080000000000000000e+02
9.026273727416992188e+00,1.090000000000000000e+02
9.101671934127807617e+00,1.100000000000000000e+02
9.176969766616821289e+00,1.110000000000000000e+02
9.252209901809692383e+00,1.120000000000000000e+02
9.327527999877929688e+00,1.130000000000000000e+02
9.402772903442382812e+00,1.140000000000000000e+02
9.478062152862548828e+00,1.150000000000000000e+02
9.554394006729125977e+00,1.160000000000000000e+02
9.629631996154785156e+00,1.170000000000000000e+02
9.704816579818725586e+00,1.180000000000000000e+02
9.780197143554687500e+00,1.190000000000000000e+02
9.855490684509277344e+00,1.200000000000000000e+02
9.930708408355712891e+00,1.210000000000000000e+02
1.000619268417358398e+01,1.220000000000000000e+02
1.008156442642211914e+01,1.230000000000000000e+02
1.015694808959960938e+01,1.240000000000000000e+02
1.023227214813232422e+01,1.250000000000000000e+02
1.030747747421264648e+01,1.260000000000000000e+02
1.038324189186096191e+01,1.270000000000000000e+02
1.045847678184509277e+01,1.280000000000000000e+02
1.053380298614501953e+01,1.290000000000000000e+02
1.082805418968200684e+01,1.300000000000000000e+02
1.083020496368408203e+01,1.310000000000000000e+02
1.090338015556335449e+01,1.320000000000000000e+02
1.090554523468017578e+01,1.330000000000000000e+02
1.097861623764038086e+01,1.340000000000000000e+02
1.098097705841064453e+01,1.350000000000000000e+02
1.105424261093139648e+01,1.360000000000000000e+02
1.105638337135314941e+01,1.370000000000000000e+02
1.112946629524230957e+01,1.380000000000000000e+02
1.113161349296569824e+01,1.390000000000000000e+02
1.120470762252807617e+01,1.400000000000000000e+02
1.120685434341430664e+01,1.410000000000000000e+02
1.128232979774475098e+01,1.420000000000000000e+02
1.135766506195068359e+01,1.430000000000000000e+02
1.143328976631164551e+01,1.440000000000000000e+02
1.150864958763122559e+01,1.450000000000000000e+02
1.158420324325561523e+01,1.460000000000000000e+02
1.165948033332824707e+01,1.470000000000000000e+02
1.173473978042602539e+01,1.480000000000000000e+02
1.181000876426696777e+01,1.490000000000000000e+02
1.188530564308166504e+01,1.500000000000000000e+02
1.196053886413574219e+01,1.510000000000000000e+02
1.203600788116455078e+01,1.520000000000000000e+02
1.211304473876953125e+01,1.530000000000000000e+02
1.219247603416442871e+01,1.540000000000000000e+02
1.249107313156127930e+01,1.550000000000000000e+02
1.249324560165405273e+01,1.560000000000000000e+02
1.257015204429626465e+01,1.570000000000000000e+02
1.264408993721008301e+01,1.580000000000000000e+02
1.264686059951782227e+01,1.590000000000000000e+02
1.279532361030578613e+01,1.600000000000000000e+02
1.279757452011108398e+01,1.610000000000000000e+02
1.294561243057250977e+01,1.620000000000000000e+02
1.294782829284667969e+01,1.630000000000000000e+02
1.302492332458496094e+01,1.640000000000000000e+02
1.309819698333740234e+01,1.650000000000000000e+02
1.310038328170776367e+01,1.660000000000000000e+02
1.324837779998779297e+01,1.670000000000000000e+02
1.325045228004455566e+01,1.680000000000000000e+02
1.332569527626037598e+01,1.690000000000000000e+02
1.340119075775146484e+01,1.700000000000000000e+02
1.347648358345031738e+01,1.710000000000000000e+02
1.355275774002075195e+01,1.720000000000000000e+02
1.362803554534912109e+01,1.730000000000000000e+02
1.370335745811462402e+01,1.740000000000000000e+02
1.377874898910522461e+01,1.750000000000000000e+02
1.385405588150024414e+01,1.760000000000000000e+02
1.392937684059143066e+01,1.770000000000000000e+02
1.400488758087158203e+01,1.780000000000000000e+02
1.408022236824035645e+01,1.790000000000000000e+02
1.415553760528564453e+01,1.800000000000000000e+02
1.423163723945617676e+01,1.810000000000000000e+02
1.430693531036376953e+01,1.820000000000000000e+02
1.438226580619812012e+01,1.830000000000000000e+02
1.446049785614013672e+01,1.840000000000000000e+02
1.455121421813964844e+01,1.850000000000000000e+02
1.462745904922485352e+01,1.860000000000000000e+02
1.470326328277587891e+01,1.870000000000000000e+02
1.477906155586242676e+01,1.880000000000000000e+02
1.485479402542114258e+01,1.890000000000000000e+02
1.493046402931213379e+01,1.900000000000000000e+02
1.500619339942932129e+01,1.910000000000000000e+02
1.508189630508422852e+01,1.920000000000000000e+02
1.515756916999816895e+01,1.930000000000000000e+02
1.523324537277221680e+01,1.940000000000000000e+02
1.530900549888610840e+01,1.950000000000000000e+02
1.538475036621093750e+01,1.960000000000000000e+02
1.546035146713256836e+01,1.970000000000000000e+02
1.553635978698730469e+01,1.980000000000000000e+02
1.561210203170776367e+01,1.990000000000000000e+02
1.568775296211242676e+01,2.000000000000000000e+02
1.576342201232910156e+01,2.010000000000000000e+02
1.583913064002990723e+01,2.020000000000000000e+02
1.591489076614379883e+01,2.030000000000000000e+02
1.599077606201171875e+01,2.040000000000000000e+02
1.606749248504638672e+01,2.050000000000000000e+02
1.614285159111022949e+01,2.060000000000000000e+02
1.621825695037841797e+01,2.070000000000000000e+02
1.629355788230895996e+01,2.080000000000000000e+02
1.636889004707336426e+01,2.090000000000000000e+02
1.644432687759399414e+01,2.100000000000000000e+02
1.652184104919433594e+01,2.110000000000000000e+02
1.659721446037292480e+01,2.120000000000000000e+02
1.667255592346191406e+01,2.130000000000000000e+02
1.674781250953674316e+01,2.140000000000000000e+02
1.682307744026184082e+01,2.150000000000000000e+02
1.689839816093444824e+01,2.160000000000000000e+02
1.697364759445190430e+01,2.170000000000000000e+02
1.705018401145935059e+01,2.180000000000000000e+02
1.712556838989257812e+01,2.190000000000000000e+02
1.720092463493347168e+01,2.200000000000000000e+02
1.728292965888977051e+01,2.210000000000000000e+02
1.735999655723571777e+01,2.220000000000000000e+02
1.750648546218872070e+01,2.230000000000000000e+02
1.750868010520935059e+01,2.240000000000000000e+02
1.758200836181640625e+01,2.250000000000000000e+02
1.758415770530700684e+01,2.260000000000000000e+02
1.773220062255859375e+01,2.270000000000000000e+02
1.773429203033447266e+01,2.280000000000000000e+02
1.780948781967163086e+01,2.290000000000000000e+02
1.788476395606994629e+01,2.300000000000000000e+02
1.796017956733703613e+01,2.310000000000000000e+02
1.803579521179199219e+01,2.320000000000000000e+02
1.811118888854980469e+01,2.330000000000000000e+02
1.818668031692504883e+01,2.340000000000000000e+02
1.826196837425231934e+01,2.350000000000000000e+02
1.833724212646484375e+01,2.360000000000000000e+02
1.841257333755493164e+01,2.370000000000000000e+02
1.848785233497619629e+01,2.380000000000000000e+02
1.856322455406188965e+01,2.390000000000000000e+02
1.863850831985473633e+01,2.400000000000000000e+02
1.871465349197387695e+01,2.410000000000000000e+02
1.879009652137756348e+01,2.420000000000000000e+02
1.886558437347412109e+01,2.430000000000000000e+02
1.894100022315979004e+01,2.440000000000000000e+02
1.901645827293395996e+01,2.450000000000000000e+02
1.909246778488159180e+01,2.460000000000000000e+02
1.916806769371032715e+01,2.470000000000000000e+02
1.924347186088562012e+01,2.480000000000000000e+02
1.931877732276916504e+01,2.490000000000000000e+02
1.939410281181335449e+01,2.500000000000000000e+02
1.946938753128051758e+01,2.510000000000000000e+02
1.955425262451171875e+01,2.520000000000000000e+02
1.963274407386779785e+01,2.530000000000000000e+02
1.963653492927551270e+01,2.540000000000000000e+02
1.971193504333496094e+01,2.550000000000000000e+02
1.978736233711242676e+01,2.560000000000000000e+02
1.986269259452819824e+01,2.570000000000000000e+02
2.015714311599731445e+01,2.580000000000000000e+02
2.015952396392822266e+01,2.590000000000000000e+02
2.038304567337036133e+01,2.600000000000000000e+02
2.038516736030578613e+01,2.610000000000000000e+02
2.045822310447692871e+01,2.620000000000000000e+02
2.046037936210632324e+01,2.630000000000000000e+02
2.053612232208251953e+01,2.640000000000000000e+02
2.061153745651245117e+01,2.650000000000000000e+02
2.068682742118835449e+01,2.660000000000000000e+02
2.076212596893310547e+01,2.670000000000000000e+02
2.083740901947021484e+01,2.680000000000000000e+02
2.091276717185974121e+01,2.690000000000000000e+02
2.098806786537170410e+01,2.700000000000000000e+02
2.106451082229614258e+01,2.710000000000000000e+02
2.113982534408569336e+01,2.720000000000000000e+02
2.121548700332641602e+01,2.730000000000000000e+02
2.129080033302307129e+01,2.740000000000000000e+02
2.136618137359619141e+01,2.750000000000000000e+02
2.144146037101745605e+01,2.760000000000000000e+02
2.151831603050231934e+01,2.770000000000000000e+02
2.159390950202941895e+01,2.780000000000000000e+02
2.166955208778381348e+01,2.790000000000000000e+02
2.174611878395080566e+01,2.800000000000000000e+02
2.182172226905822754e+01,2.810000000000000000e+02
2.189737534523010254e+01,2.820000000000000000e+02
2.197290158271789551e+01,2.830000000000000000e+02
2.204990077018737793e+01,2.840000000000000000e+02
2.212566471099853516e+01,2.850000000000000000e+02
2.220134544372558594e+01,2.860000000000000000e+02
2.227710318565368652e+01,2.870000000000000000e+02
2.235278248786926270e+01,2.880000000000000000e+02
2.242849588394165039e+01,2.890000000000000000e+02
2.250421357154846191e+01,2.900000000000000000e+02
2.257997298240661621e+01,2.910000000000000000e+02
2.265544486045837402e+01,2.920000000000000000e+02
2.273078083992004395e+01,2.930000000000000000e+02
2.280608224868774414e+01,2.940000000000000000e+02
2.288145065307617188e+01,2.950000000000000000e+02
2.295682859420776367e+01,2.960000000000000000e+02
2.303236031532287598e+01,2.970000000000000000e+02
2.310770130157470703e+01,2.980000000000000000e+02
2.318303680419921875e+01,2.990000000000000000e+02
2.325852751731872559e+01,3.000000000000000000e+02
2.333391451835632324e+01,3.010000000000000000e+02
2.340935778617858887e+01,3.020000000000000000e+02
2.348479366302490234e+01,3.030000000000000000e+02
2.356028246879577637e+01,3.040000000000000000e+02
2.363576459884643555e+01,3.050000000000000000e+02
2.371124935150146484e+01,3.060000000000000000e+02
2.378660511970520020e+01,3.070000000000000000e+02
2.386208677291870117e+01,3.080000000000000000e+02
2.393751525878906250e+01,3.090000000000000000e+02
2.401292657852172852e+01,3.100000000000000000e+02
2.408847308158874512e+01,3.110000000000000000e+02
2.416391706466674805e+01,3.120000000000000000e+02
2.423931407928466797e+01,3.130000000000000000e+02
2.445897483825683594e+01,3.140000000000000000e+02
2.460966467857360840e+01,3.150000000000000000e+02
2.468468904495239258e+01,3.160000000000000000e+02
2.476002073287963867e+01,3.170000000000000000e+02
2.483533310890197754e+01,3.180000000000000000e+02
2.491083192825317383e+01,3.190000000000000000e+02
2.498633909225463867e+01,3.200000000000000000e+02
2.506252264976501465e+01,3.210000000000000000e+02
2.513787865638732910e+01,3.220000000000000000e+02
2.521318387985229492e+01,3.230000000000000000e+02
2.528857564926147461e+01,3.240000000000000000e+02
2.536396622657775879e+01,3.250000000000000000e+02
2.543946552276611328e+01,3.260000000000000000e+02
2.551576614379882812e+01,3.270000000000000000e+02
2.559131526947021484e+01,3.280000000000000000e+02
2.566678786277770996e+01,3.290000000000000000e+02
2.574219965934753418e+01,3.300000000000000000e+02
2.581759166717529297e+01,3.310000000000000000e+02
2.589300680160522461e+01,3.320000000000000000e+02
2.596839833259582520e+01,3.330000000000000000e+02
2.604502916336059570e+01,3.340000000000000000e+02
2.612048196792602539e+01,3.350000000000000000e+02
2.619589281082153320e+01,3.360000000000000000e+02
2.627137136459350586e+01,3.370000000000000000e+02
2.634675168991088867e+01,3.380000000000000000e+02
2.642217016220092773e+01,3.390000000000000000e+02
2.649751114845275879e+01,3.400000000000000000e+02
2.657293033599853516e+01,3.410000000000000000e+02
2.664879918098449707e+01,3.420000000000000000e+02
2.672472977638244629e+01,3.430000000000000000e+02
2.680048656463623047e+01,3.440000000000000000e+02
2.687615823745727539e+01,3.450000000000000000e+02
2.695195865631103516e+01,3.460000000000000000e+02
2.702904820442199707e+01,3.470000000000000000e+02
2.710503649711608887e+01,3.480000000000000000e+02
2.718154859542846680e+01,3.490000000000000000e+02
2.725728416442871094e+01,3.500000000000000000e+02
2.733963608741760254e+01,3.510000000000000000e+02
2.771409773826599121e+01,3.520000000000000000e+02
2.771700143814086914e+01,3.530000000000000000e+02
2.801592254638671875e+01,3.540000000000000000e+02
2.801862263679504395e+01,3.550000000000000000e+02
2.824452710151672363e+01,3.560000000000000000e+02
2.831986880302429199e+01,3.570000000000000000e+02
2.839562296867370605e+01,3.580000000000000000e+02
2.847134351730346680e+01,3.590000000000000000e+02
2.854818367958068848e+01,3.600000000000000000e+02
2.862154293060302734e+01,3.610000000000000000e+02
2.862391829490661621e+01,3.620000000000000000e+02
2.869729137420654297e+01,3.630000000000000000e+02
2.869962072372436523e+01,3.640000000000000000e+02
2.877294635772705078e+01,3.650000000000000000e+02
2.877525520324707031e+01,3.660000000000000000e+02
2.892376875877380371e+01,3.670000000000000000e+02
2.892606902122497559e+01,3.680000000000000000e+02
2.900190758705139160e+01,3.690000000000000000e+02
2.907737588882446289e+01,3.700000000000000000e+02
2.915267610549926758e+01,3.710000000000000000e+02
2.922837376594543457e+01,3.720000000000000000e+02
2.930419540405273438e+01,3.730000000000000000e+02
2.938037252426147461e+01,3.740000000000000000e+02
2.945573329925537109e+01,3.750000000000000000e+02
2.953166866302490234e+01,3.760000000000000000e+02
2.960713005065917969e+01,3.770000000000000000e+02
2.968248629570007324e+01,3.780000000000000000e+02
2.975791192054748535e+01,3.790000000000000000e+02
2.983331632614135742e+01,3.800000000000000000e+02
2.990867781639099121e+01,3.810000000000000000e+02
2.998416924476623535e+01,3.820000000000000000e+02
3.006063914299011230e+01,3.830000000000000000e+02
3.013603067398071289e+01,3.840000000000000000e+02
3.021141386032104492e+01,3.850000000000000000e+02
3.028682994842529297e+01,3.860000000000000000e+02
3.036215758323669434e+01,3.870000000000000000e+02
3.043755459785461426e+01,3.880000000000000000e+02
3.051291346549987793e+01,3.890000000000000000e+02
3.058828639984130859e+01,3.900000000000000000e+02
3.066457343101501465e+01,3.910000000000000000e+02
3.074003672599792480e+01,3.920000000000000000e+02
3.081542325019836426e+01,3.930000000000000000e+02
3.089085459709167480e+01,3.940000000000000000e+02
3.096623158454895020e+01,3.950000000000000000e+02
3.104273867607116699e+01,3.960000000000000000e+02
3.111809301376342773e+01,3.970000000000000000e+02
3.119338059425354004e+01,3.980000000000000000e+02
3.126875782012939453e+01,3.990000000000000000e+02
3.134415364265441895e+01,4.000000000000000000e+02
3.141955113410949707e+01,4.010000000000000000e+02
3.149511575698852539e+01,4.020000000000000000e+02
3.157048821449279785e+01,4.030000000000000000e+02
3.164585518836975098e+01,4.040000000000000000e+02
3.172127580642700195e+01,4.050000000000000000e+02
3.179658174514770508e+01,4.060000000000000000e+02
3.187194466590881348e+01,4.070000000000000000e+02
3.194808816909790039e+01,4.080000000000000000e+02
3.202522087097167969e+01,4.090000000000000000e+02
3.210067701339721680e+01,4.100000000000000000e+02
3.217696094512939453e+01,4.110000000000000000e+02
3.225234127044677734e+01,4.120000000000000000e+02
3.232767987251281738e+01,4.130000000000000000e+02
3.240310955047607422e+01,4.140000000000000000e+02
3.247836232185363770e+01,4.150000000000000000e+02
3.255456399917602539e+01,4.160000000000000000e+02
3.262995672225952148e+01,4.170000000000000000e+02
3.270536112785339355e+01,4.180000000000000000e+02
3.278083801269531250e+01,4.190000000000000000e+02
3.285620379447937012e+01,4.200000000000000000e+02
3.293158769607543945e+01,4.210000000000000000e+02
3.337589621543884277e+01,4.220000000000000000e+02
3.337807273864746094e+01,4.230000000000000000e+02
3.345336341857910156e+01,4.240000000000000000e+02
3.352989172935485840e+01,4.250000000000000000e+02
3.360512542724609375e+01,4.260000000000000000e+02
3.368003582954406738e+01,4.270000000000000000e+02
3.375539970397949219e+01,4.280000000000000000e+02
3.383076882362365723e+01,4.290000000000000000e+02
3.390616726875305176e+01,4.300000000000000000e+02
3.398159837722778320e+01,4.310000000000000000e+02
3.405821561813354492e+01,4.320000000000000000e+02
3.413363122940063477e+01,4.330000000000000000e+02
3.420912861824035645e+01,4.340000000000000000e+02
3.428445219993591309e+01,4.350000000000000000e+02
3.435981774330139160e+01,4.360000000000000000e+02
3.443517923355102539e+01,4.370000000000000000e+02
3.451082038879394531e+01,4.380000000000000000e+02
3.458623242378234863e+01,4.390000000000000000e+02
3.466160106658935547e+01,4.400000000000000000e+02
3.473692035675048828e+01,4.410000000000000000e+02
3.481632590293884277e+01,4.420000000000000000e+02
3.489271140098571777e+01,4.430000000000000000e+02
3.496587610244750977e+01,4.440000000000000000e+02
3.496807789802551270e+01,4.450000000000000000e+02
3.504346680641174316e+01,4.460000000000000000e+02
3.511884284019470215e+01,4.470000000000000000e+02
3.519415092468261719e+01,4.480000000000000000e+02
3.526946187019348145e+01,4.490000000000000000e+02
3.534473490715026855e+01,4.500000000000000000e+02
3.541999912261962891e+01,4.510000000000000000e+02
3.549536275863647461e+01,4.520000000000000000e+02
3.557069492340087891e+01,4.530000000000000000e+02
3.564601898193359375e+01,4.540000000000000000e+02
3.572137260437011719e+01,4.550000000000000000e+02
3.579662847518920898e+01,4.560000000000000000e+02
3.587198877334594727e+01,4.570000000000000000e+02
3.594726490974426270e+01,4.580000000000000000e+02
3.602418828010559082e+01,4.590000000000000000e+02
3.609957623481750488e+01,4.600000000000000000e+02
3.617490458488464355e+01,4.610000000000000000e+02
3.625019979476928711e+01,4.620000000000000000e+02
3.632557368278503418e+01,4.630000000000000000e+02
3.640090179443359375e+01,4.640000000000000000e+02
3.647621488571166992e+01,4.650000000000000000e+02
3.655235576629638672e+01,4.660000000000000000e+02
3.662774777412414551e+01,4.670000000000000000e+02
3.670309591293334961e+01,4.680000000000000000e+02
3.677846026420593262e+01,4.690000000000000000e+02
3.685375428199768066e+01,4.700000000000000000e+02
3.692911291122436523e+01,4.710000000000000000e+02
3.707545423507690430e+01,4.720000000000000000e+02
3.714865446090698242e+01,4.730000000000000000e+02
3.722181606292724609e+01,4.740000000000000000e+02
3.722402787208557129e+01,4.750000000000000000e+02
3.729943990707397461e+01,4.760000000000000000e+02
3.737467980384826660e+01,4.770000000000000000e+02
3.744991397857666016e+01,4.780000000000000000e+02
3.752677750587463379e+01,4.790000000000000000e+02
3.760216379165649414e+01,4.800000000000000000e+02
3.767751526832580566e+01,4.810000000000000000e+02
3.775279593467712402e+01,4.820000000000000000e+02
3.782809758186340332e+01,4.830000000000000000e+02
3.790334987640380859e+01,4.840000000000000000e+02
3.797868609428405762e+01,4.850000000000000000e+02
3.805435013771057129e+01,4.860000000000000000e+02
3.812965798377990723e+01,4.870000000000000000e+02
3.820500731468200684e+01,4.880000000000000000e+02
3.828041791915893555e+01,4.890000000000000000e+02
3.835573744773864746e+01,4.900000000000000000e+02
3.843117713928222656e+01,4.910000000000000000e+02
3.850653672218322754e+01,4.920000000000000000e+02
3.858210158348083496e+01,4.930000000000000000e+02
3.865760946273803711e+01,4.940000000000000000e+02
3.873293185234069824e+01,4.950000000000000000e+02
3.880827045440673828e+01,4.960000000000000000e+02
3.888358187675476074e+01,4.970000000000000000e+02
3.896045184135437012e+01,4.980000000000000000e+02
3.903711056709289551e+01,4.990000000000000000e+02
3.911242890357971191e+01,5.000000000000000000e+02
3.918809556961059570e+01,5.010000000000000000e+02
3.926346349716186523e+01,5.020000000000000000e+02
3.933890962600708008e+01,5.030000000000000000e+02
3.941426348686218262e+01,5.040000000000000000e+02
3.948968648910522461e+01,5.050000000000000000e+02
3.956610465049743652e+01,5.060000000000000000e+02
3.964145183563232422e+01,5.070000000000000000e+02
3.971678924560546875e+01,5.080000000000000000e+02
3.979224205017089844e+01,5.090000000000000000e+02
3.986760187149047852e+01,5.100000000000000000e+02
3.994291448593139648e+01,5.110000000000000000e+02
4.001996302604675293e+01,5.120000000000000000e+02
4.009542012214660645e+01,5.130000000000000000e+02
4.017078256607055664e+01,5.140000000000000000e+02
4.024602508544921875e+01,5.150000000000000000e+02
4.032134151458740234e+01,5.160000000000000000e+02
4.039676070213317871e+01,5.170000000000000000e+02
4.047201991081237793e+01,5.180000000000000000e+02
4.069187617301940918e+01,5.190000000000000000e+02
4.076720619201660156e+01,5.200000000000000000e+02
4.084225296974182129e+01,5.210000000000000000e+02
4.091760349273681641e+01,5.220000000000000000e+02
4.099321293830871582e+01,5.230000000000000000e+02
4.106946277618408203e+01,5.240000000000000000e+02
4.114574027061462402e+01,5.250000000000000000e+02
4.122114920616149902e+01,5.260000000000000000e+02
4.129654192924499512e+01,5.270000000000000000e+02
4.137198090553283691e+01,5.280000000000000000e+02
4.144732499122619629e+01,5.290000000000000000e+02
4.152485489845275879e+01,5.300000000000000000e+02
4.160020804405212402e+01,5.310000000000000000e+02
4.167304921150207520e+01,5.320000000000000000e+02
4.167525696754455566e+01,5.330000000000000000e+02
4.175061202049255371e+01,5.340000000000000000e+02
4.182593846321105957e+01,5.350000000000000000e+02
4.190120172500610352e+01,5.360000000000000000e+02
4.197642803192138672e+01,5.370000000000000000e+02
4.205212640762329102e+01,5.380000000000000000e+02
4.212746334075927734e+01,5.390000000000000000e+02
4.220285487174987793e+01,5.400000000000000000e+02
4.227812194824218750e+01,5.410000000000000000e+02
4.235332560539245605e+01,5.420000000000000000e+02
4.242865991592407227e+01,5.430000000000000000e+02
4.250402736663818359e+01,5.440000000000000000e+02
4.258244752883911133e+01,5.450000000000000000e+02
4.265826869010925293e+01,5.460000000000000000e+02
4.273362207412719727e+01,5.470000000000000000e+02
4.280911350250244141e+01,5.480000000000000000e+02
4.288448452949523926e+01,5.490000000000000000e+02
4.295995903015136719e+01,5.500000000000000000e+02
4.303577113151550293e+01,5.510000000000000000e+02
4.311133408546447754e+01,5.520000000000000000e+02
4.318714857101440430e+01,5.530000000000000000e+02
4.326318764686584473e+01,5.540000000000000000e+02
4.333907437324523926e+01,5.550000000000000000e+02
4.341499114036560059e+01,5.560000000000000000e+02
4.349090170860290527e+01,5.570000000000000000e+02
4.356677865982055664e+01,5.580000000000000000e+02
4.364262914657592773e+01,5.590000000000000000e+02
4.371858191490173340e+01,5.600000000000000000e+02
4.379448366165161133e+01,5.610000000000000000e+02
4.387044715881347656e+01,5.620000000000000000e+02
4.394606471061706543e+01,5.630000000000000000e+02
4.402155423164367676e+01,5.640000000000000000e+02
4.409721827507019043e+01,5.650000000000000000e+02
4.417254066467285156e+01,5.660000000000000000e+02
4.424947905540466309e+01,5.670000000000000000e+02
4.432491874694824219e+01,5.680000000000000000e+02
4.440103292465209961e+01,5.690000000000000000e+02
4.447645020484924316e+01,5.700000000000000000e+02
4.455263996124267578e+01,5.710000000000000000e+02
4.462600421905517578e+01,5.720000000000000000e+02
4.462832593917846680e+01,5.730000000000000000e+02
4.470385956764221191e+01,5.740000000000000000e+02
4.477911281585693359e+01,5.750000000000000000e+02
4.485484218597412109e+01,5.760000000000000000e+02
4.493051147460937500e+01,5.770000000000000000e+02
4.500584602355957031e+01,5.780000000000000000e+02
4.508114719390869141e+01,5.790000000000000000e+02
4.515652799606323242e+01,5.800000000000000000e+02
4.523190760612487793e+01,5.810000000000000000e+02
4.530728125572204590e+01,5.820000000000000000e+02
4.538267588615417480e+01,5.830000000000000000e+02
4.545802378654479980e+01,5.840000000000000000e+02
4.553406405448913574e+01,5.850000000000000000e+02
4.560977935791015625e+01,5.860000000000000000e+02
4.568537759780883789e+01,5.870000000000000000e+02
4.576096105575561523e+01,5.880000000000000000e+02
4.583640027046203613e+01,5.890000000000000000e+02
4.591179680824279785e+01,5.900000000000000000e+02
4.598717308044433594e+01,5.910000000000000000e+02
4.606354689598083496e+01,5.920000000000000000e+02
4.613890624046325684e+01,5.930000000000000000e+02
4.621422529220581055e+01,5.940000000000000000e+02
4.628954148292541504e+01,5.950000000000000000e+02
4.636482691764831543e+01,5.960000000000000000e+02
4.644005799293518066e+01,5.970000000000000000e+02
4.651617264747619629e+01,5.980000000000000000e+02
4.659156131744384766e+01,5.990000000000000000e+02
4.666688013076782227e+01,6.000000000000000000e+02
4.674219560623168945e+01,6.010000000000000000e+02
4.681755971908569336e+01,6.020000000000000000e+02
4.689281678199768066e+01,6.030000000000000000e+02
4.696820378303527832e+01,6.040000000000000000e+02
4.704472112655639648e+01,6.050000000000000000e+02
4.712012410163879395e+01,6.060000000000000000e+02
4.719547200202941895e+01,6.070000000000000000e+02
4.727161002159118652e+01,6.080000000000000000e+02
4.734699344635009766e+01,6.090000000000000000e+02
4.742238187789916992e+01,6.100000000000000000e+02
4.749770259857177734e+01,6.110000000000000000e+02
4.764405369758605957e+01,6.120000000000000000e+02
4.794186687469482422e+01,6.130000000000000000e+02
4.794406056404113770e+01,6.140000000000000000e+02
4.802044415473937988e+01,6.150000000000000000e+02
4.817070102691650391e+01,6.160000000000000000e+02
4.824574041366577148e+01,6.170000000000000000e+02
4.832111382484436035e+01,6.180000000000000000e+02
4.839675927162170410e+01,6.190000000000000000e+02
4.847252178192138672e+01,6.200000000000000000e+02
4.854985308647155762e+01,6.210000000000000000e+02
4.862309217453002930e+01,6.220000000000000000e+02
4.862556433677673340e+01,6.230000000000000000e+02
4.870102381706237793e+01,6.240000000000000000e+02
4.877684545516967773e+01,6.250000000000000000e+02
4.885229134559631348e+01,6.260000000000000000e+02
4.892764377593994141e+01,6.270000000000000000e+02
4.900352478027343750e+01,6.280000000000000000e+02
4.907916498184204102e+01,6.290000000000000000e+02
4.915487027168273926e+01,6.300000000000000000e+02
4.923057150840759277e+01,6.310000000000000000e+02
4.930639123916625977e+01,6.320000000000000000e+02
4.938272547721862793e+01,6.330000000000000000e+02
4.945600676536560059e+01,6.340000000000000000e+02
4.945831155776977539e+01,6.350000000000000000e+02
4.953371620178222656e+01,6.360000000000000000e+02
4.960883998870849609e+01,6.370000000000000000e+02
4.968384099006652832e+01,6.380000000000000000e+02
4.975922012329101562e+01,6.390000000000000000e+02
4.983449769020080566e+01,6.400000000000000000e+02
4.990984749794006348e+01,6.410000000000000000e+02
4.998616337776184082e+01,6.420000000000000000e+02
5.006832003593444824e+01,6.430000000000000000e+02
5.036500167846679688e+01,6.440000000000000000e+02
5.036717915534973145e+01,6.450000000000000000e+02
5.044027566909790039e+01,6.460000000000000000e+02
5.044248270988464355e+01,6.470000000000000000e+02
5.051617789268493652e+01,6.480000000000000000e+02
5.051873612403869629e+01,6.490000000000000000e+02
5.066885185241699219e+01,6.500000000000000000e+02
5.074385094642639160e+01,6.510000000000000000e+02
5.081914281845092773e+01,6.520000000000000000e+02
5.089456844329833984e+01,6.530000000000000000e+02
5.096993660926818848e+01,6.540000000000000000e+02
5.104665422439575195e+01,6.550000000000000000e+02
5.112200975418090820e+01,6.560000000000000000e+02
5.119743943214416504e+01,6.570000000000000000e+02
5.127278208732604980e+01,6.580000000000000000e+02
5.134808373451232910e+01,6.590000000000000000e+02
5.142347311973571777e+01,6.600000000000000000e+02
5.149881100654602051e+01,6.610000000000000000e+02
5.157415080070495605e+01,6.620000000000000000e+02
5.165063261985778809e+01,6.630000000000000000e+02
5.172604703903198242e+01,6.640000000000000000e+02
5.180136632919311523e+01,6.650000000000000000e+02
5.187665367126464844e+01,6.660000000000000000e+02
5.195197248458862305e+01,6.670000000000000000e+02
5.202881050109863281e+01,6.680000000000000000e+02
5.210420083999633789e+01,6.690000000000000000e+02
5.217959737777709961e+01,6.700000000000000000e+02
5.225492191314697266e+01,6.710000000000000000e+02
5.233024001121520996e+01,6.720000000000000000e+02
5.240572190284729004e+01,6.730000000000000000e+02
5.248106932640075684e+01,6.740000000000000000e+02
5.255638480186462402e+01,6.750000000000000000e+02
5.263168716430664062e+01,6.760000000000000000e+02
5.270697808265686035e+01,6.770000000000000000e+02
5.278218960762023926e+01,6.780000000000000000e+02
5.285758042335510254e+01,6.790000000000000000e+02
5.293289923667907715e+01,6.800000000000000000e+02
5.345262074470520020e+01,6.810000000000000000e+02
5.345468902587890625e+01,6.820000000000000000e+02
5.353081107139587402e+01,6.830000000000000000e+02
5.360751295089721680e+01,6.840000000000000000e+02
5.375721192359924316e+01,6.850000000000000000e+02
5.383224534988403320e+01,6.860000000000000000e+02
5.390762400627136230e+01,6.870000000000000000e+02
5.398306369781494141e+01,6.880000000000000000e+02
5.405911421775817871e+01,6.890000000000000000e+02
5.413446450233459473e+01,6.900000000000000000e+02
5.420980215072631836e+01,6.910000000000000000e+02
5.428554058074951172e+01,6.920000000000000000e+02
5.436127591133117676e+01,6.930000000000000000e+02
5.443702769279479980e+01,6.940000000000000000e+02
5.451244282722473145e+01,6.950000000000000000e+02
5.458789610862731934e+01,6.960000000000000000e+02
5.466353893280029297e+01,6.970000000000000000e+02
5.473888707160949707e+01,6.980000000000000000e+02
5.481419777870178223e+01,6.990000000000000000e+02
5.488957214355468750e+01,7.000000000000000000e+02
5.496498227119445801e+01,7.010000000000000000e+02
5.504147911071777344e+01,7.020000000000000000e+02
5.511693429946899414e+01,7.030000000000000000e+02
5.519238305091857910e+01,7.040000000000000000e+02
5.526789665222167969e+01,7.050000000000000000e+02
5.534326958656311035e+01,7.060000000000000000e+02
5.541853070259094238e+01,7.070000000000000000e+02
5.549385499954223633e+01,7.080000000000000000e+02
5.556927442550659180e+01,7.090000000000000000e+02
5.564463448524475098e+01,7.100000000000000000e+02
5.572001814842224121e+01,7.110000000000000000e+02
5.579532837867736816e+01,7.120000000000000000e+02
5.587079143524169922e+01,7.130000000000000000e+02
5.594614028930664062e+01,7.140000000000000000e+02
5.602174329757690430e+01,7.150000000000000000e+02
5.609716916084289551e+01,7.160000000000000000e+02
5.617253351211547852e+01,7.170000000000000000e+02
5.661738419532775879e+01,7.180000000000000000e+02
5.661955738067626953e+01,7.190000000000000000e+02
5.669264554977416992e+01,7.200000000000000000e+02
5.669489359855651855e+01,7.210000000000000000e+02
5.676803684234619141e+01,7.220000000000000000e+02
5.677016830444335938e+01,7.230000000000000000e+02
5.684552550315856934e+01,7.240000000000000000e+02
5.692095518112182617e+01,7.250000000000000000e+02
5.699623465538024902e+01,7.260000000000000000e+02
5.707242822647094727e+01,7.270000000000000000e+02
5.714781498908996582e+01,7.280000000000000000e+02
5.722324395179748535e+01,7.290000000000000000e+02
5.729865479469299316e+01,7.300000000000000000e+02
5.737407851219177246e+01,7.310000000000000000e+02
5.744941210746765137e+01,7.320000000000000000e+02
5.753558969497680664e+01,7.330000000000000000e+02
5.761505532264709473e+01,7.340000000000000000e+02
5.769055366516113281e+01,7.350000000000000000e+02
5.776687335968017578e+01,7.360000000000000000e+02
5.784230303764343262e+01,7.370000000000000000e+02
5.791766023635864258e+01,7.380000000000000000e+02
5.799300527572631836e+01,7.390000000000000000e+02
5.806898999214172363e+01,7.400000000000000000e+02
5.814427828788757324e+01,7.410000000000000000e+02
5.821959567070007324e+01,7.420000000000000000e+02
5.829484128952026367e+01,7.430000000000000000e+02
5.837027716636657715e+01,7.440000000000000000e+02
5.844571757316589355e+01,7.450000000000000000e+02
5.852416586875915527e+01,7.460000000000000000e+02
5.859969806671142578e+01,7.470000000000000000e+02
5.867523550987243652e+01,7.480000000000000000e+02
5.875068020820617676e+01,7.490000000000000000e+02
5.882608461380004883e+01,7.500000000000000000e+02
5.890137934684753418e+01,7.510000000000000000e+02
5.897696352005004883e+01,7.520000000000000000e+02
5.905328345298767090e+01,7.530000000000000000e+02
5.912887310981750488e+01,7.540000000000000000e+02
5.920427131652832031e+01,7.550000000000000000e+02
5.928064775466918945e+01,7.560000000000000000e+02
5.935604071617126465e+01,7.570000000000000000e+02
5.943139934539794922e+01,7.580000000000000000e+02
5.950671076774597168e+01,7.590000000000000000e+02
5.958228754997253418e+01,7.600000000000000000e+02
5.965774440765380859e+01,7.610000000000000000e+02
5.973311901092529297e+01,7.620000000000000000e+02
5.980844879150390625e+01,7.630000000000000000e+02
5.988379406929016113e+01,7.640000000000000000e+02
5.995927739143371582e+01,7.650000000000000000e+02
3.354310989379882812e-03,1.000000000000000000e+00
2.230327129364013672e-01,2.000000000000000000e+00
2.252416610717773438e-01,3.000000000000000000e+00
2.983508110046386719e-01,4.000000000000000000e+00
5.197856426239013672e-01,5.000000000000000000e+00
5.220131874084472656e-01,6.000000000000000000e+00
8.248732089996337891e-01,7.000000000000000000e+00
8.982045650482177734e-01,8.000000000000000000e+00
9.006419181823730469e-01,9.000000000000000000e+00
9.749627113342285156e-01,1.000000000000000000e+01
9.783611297607421875e-01,1.100000000000000000e+01
2.110564231872558594e+00,1.200000000000000000e+01
2.258632659912109375e+00,1.300000000000000000e+01
2.260750293731689453e+00,1.400000000000000000e+01
2.335972070693969727e+00,1.500000000000000000e+01
2.411565065383911133e+00,1.600000000000000000e+01
2.491290807723999023e+00,1.700000000000000000e+01
2.789206981658935547e+00,1.800000000000000000e+01
2.791635990142822266e+00,1.900000000000000000e+01
3.397759914398193359e+00,2.000000000000000000e+01
3.849681615829467773e+00,2.100000000000000000e+01
3.851913928985595703e+00,2.200000000000000000e+01
4.151699781417846680e+00,2.300000000000000000e+01
4.154775381088256836e+00,2.400000000000000000e+01
4.228389978408813477e+00,2.500000000000000000e+01
4.230967283248901367e+00,2.600000000000000000e+01
4.379726409912109375e+00,2.700000000000000000e+01
4.382206678390502930e+00,2.800000000000000000e+01
4.683360815048217773e+00,2.900000000000000000e+01
4.758680582046508789e+00,3.000000000000000000e+01
4.834413528442382812e+00,3.100000000000000000e+01
4.910020351409912109e+00,3.200000000000000000e+01
4.986270666122436523e+00,3.300000000000000000e+01
5.061807394027709961e+00,3.400000000000000000e+01
5.137143373489379883e+00,3.500000000000000000e+01
5.212720870971679688e+00,3.600000000000000000e+01
5.288496017456054688e+00,3.700000000000000000e+01
5.369648694992065430e+00,3.800000000000000000e+01
5.463412523269653320e+00,3.900000000000000000e+01
5.543823719024658203e+00,4.000000000000000000e+01
5.626734733581542969e+00,4.100000000000000000e+01
5.954737663269042969e+00,4.200000000000000000e+01
6.035027980804443359e+00,4.300000000000000000e+01
6.121147632598876953e+00,4.400000000000000000e+01
6.207892417907714844e+00,4.500000000000000000e+01
6.301058292388916016e+00,4.600000000000000000e+01
6.401069641113281250e+00,4.700000000000000000e+01
6.481611967086791992e+00,4.800000000000000000e+01
6.567863702774047852e+00,4.900000000000000000e+01
6.654769420623779297e+00,5.000000000000000000e+01
6.820608377456665039e+00,5.100000000000000000e+01
6.994902610778808594e+00,5.200000000000000000e+01
7.167173624038696289e+00,5.300000000000000000e+01
7.337162017822265625e+00,5.400000000000000000e+01
7.492898702621459961e+00,5.500000000000000000e+01
7.501885652542114258e+00,5.600000000000000000e+01
7.682580947875976562e+00,5.700000000000000000e+01
7.765306711196899414e+00,5.800000000000000000e+01
7.777116775512695312e+00,5.900000000000000000e+01
7.942809104919433594e+00,6.000000000000000000e+01
8.025106191635131836e+00,6.100000000000000000e+01
8.036418437957763672e+00,6.200000000000000000e+01
8.122524738311767578e+00,6.300000000000000000e+01
8.461753129959106445e+00,6.400000000000000000e+01
8.472885370254516602e+00,6.500000000000000000e+01
8.559691905975341797e+00,6.600000000000000000e+01
8.725809812545776367e+00,6.700000000000000000e+01
8.825297117233276367e+00,6.800000000000000000e+01
8.856494426727294922e+00,6.900000000000000000e+01
8.991822481155395508e+00,7.000000000000000000e+01
9.071626901626586914e+00,7.100000000000000000e+01
9.150928020477294922e+00,7.200000000000000000e+01
9.386172294616699219e+00,7.300000000000000000e+01
9.462606668472290039e+00,7.400000000000000000e+01
9.546182870864868164e+00,7.500000000000000000e+01
9.706660747528076172e+00,7.600000000000000000e+01
9.783287286758422852e+00,7.700000000000000000e+01
9.859228134155273438e+00,7.800000000000000000e+01
9.937611103057861328e+00,7.900000000000000000e+01
1.038927435874938965e+01,8.000000000000000000e+01
1.039141917228698730e+01,8.100000000000000000e+01
1.054191803932189941e+01,8.200000000000000000e+01
1.061690568923950195e+01,8.300000000000000000e+01
1.069240117073059082e+01,8.400000000000000000e+01
1.076773738861083984e+01,8.500000000000000000e+01
1.084368014335632324e+01,8.600000000000000000e+01
1.091914081573486328e+01,8.700000000000000000e+01
1.099704599380493164e+01,8.800000000000000000e+01
1.114572334289550781e+01,8.900000000000000000e+01
1.114809894561767578e+01,9.000000000000000000e+01
1.122141957283020020e+01,9.100000000000000000e+01
1.122378396987915039e+01,9.200000000000000000e+01
1.129908919334411621e+01,9.300000000000000000e+01
1.137209606170654297e+01,9.400000000000000000e+01
1.137434864044189453e+01,9.500000000000000000e+01
1.144971942901611328e+01,9.600000000000000000e+01
1.152636146545410156e+01,9.700000000000000000e+01
1.167579221725463867e+01,9.800000000000000000e+01
1.167814898490905762e+01,9.900000000000000000e+01
1.175165796279907227e+01,1.000000000000000000e+02
1.175389933586120605e+01,1.010000000000000000e+02
1.190432667732238770e+01,1.020000000000000000e+02
1.197928833961486816e+01,1.030000000000000000e+02
1.205583786964416504e+01,1.040000000000000000e+02
1.213439726829528809e+01,1.050000000000000000e+02
1.266229224205017090e+01,1.060000000000000000e+02
1.273932552337646484e+01,1.070000000000000000e+02
1.274791097640991211e+01,1.080000000000000000e+02
1.282329773902893066e+01,1.090000000000000000e+02
1.289870643615722656e+01,1.100000000000000000e+02
1.297413992881774902e+01,1.110000000000000000e+02
1.304953098297119141e+01,1.120000000000000000e+02
1.312506771087646484e+01,1.130000000000000000e+02
1.320054030418395996e+01,1.140000000000000000e+02
1.327591419219970703e+01,1.150000000000000000e+02
1.335536050796508789e+01,1.160000000000000000e+02
1.343217396736145020e+01,1.170000000000000000e+02
1.350945568084716797e+01,1.180000000000000000e+02
1.358264875411987305e+01,1.190000000000000000e+02
1.358482885360717773e+01,1.200000000000000000e+02
1.366023397445678711e+01,1.210000000000000000e+02
1.373559236526489258e+01,1.220000000000000000e+02
1.381086421012878418e+01,1.230000000000000000e+02
1.388618254661560059e+01,1.240000000000000000e+02
1.396162939071655273e+01,1.250000000000000000e+02
1.403686690330505371e+01,1.260000000000000000e+02
1.411213803291320801e+01,1.270000000000000000e+02
1.418745422363281250e+01,1.280000000000000000e+02
1.426348781585693359e+01,1.290000000000000000e+02
1.434061527252197266e+01,1.300000000000000000e+02
1.441723108291625977e+01,1.310000000000000000e+02
1.449269318580627441e+01,1.320000000000000000e+02
1.456801176071166992e+01,1.330000000000000000e+02
1.464327073097229004e+01,1.340000000000000000e+02
1.471849322319030762e+01,1.350000000000000000e+02
1.479383325576782227e+01,1.360000000000000000e+02
1.486977696418762207e+01,1.370000000000000000e+02
1.494516348838806152e+01,1.380000000000000000e+02
1.502150726318359375e+01,1.390000000000000000e+02
1.509681463241577148e+01,1.400000000000000000e+02
1.517217135429382324e+01,1.410000000000000000e+02
1.524757552146911621e+01,1.420000000000000000e+02
1.532283854484558105e+01,1.430000000000000000e+02
1.539817094802856445e+01,1.440000000000000000e+02
1.547354674339294434e+01,1.450000000000000000e+02
1.554878306388854980e+01,1.460000000000000000e+02
1.562494802474975586e+01,1.470000000000000000e+02
1.570027518272399902e+01,1.480000000000000000e+02
1.577561664581298828e+01,1.490000000000000000e+02
1.585200929641723633e+01,1.500000000000000000e+02
1.592744040489196777e+01,1.510000000000000000e+02
1.600272965431213379e+01,1.520000000000000000e+02
1.607808613777160645e+01,1.530000000000000000e+02
1.615350246429443359e+01,1.540000000000000000e+02
1.622886085510253906e+01,1.550000000000000000e+02
1.630456733703613281e+01,1.560000000000000000e+02
1.638137340545654297e+01,1.570000000000000000e+02
1.645690584182739258e+01,1.580000000000000000e+02
1.653385972976684570e+01,1.590000000000000000e+02
1.660921192169189453e+01,1.600000000000000000e+02
1.668453145027160645e+01,1.610000000000000000e+02
1.675988554954528809e+01,1.620000000000000000e+02
1.683526635169982910e+01,1.630000000000000000e+02
1.691065144538879395e+01,1.640000000000000000e+02
1.698910140991210938e+01,1.650000000000000000e+02
1.706456160545349121e+01,1.660000000000000000e+02
1.714071035385131836e+01,1.670000000000000000e+02
1.721626377105712891e+01,1.680000000000000000e+02
1.729160308837890625e+01,1.690000000000000000e+02
1.736693096160888672e+01,1.700000000000000000e+02
1.744225001335144043e+01,1.710000000000000000e+02
1.751886558532714844e+01,1.720000000000000000e+02
1.759417986869812012e+01,1.730000000000000000e+02
1.766945481300354004e+01,1.740000000000000000e+02
1.774480175971984863e+01,1.750000000000000000e+02
1.782012200355529785e+01,1.760000000000000000e+02
1.789540243148803711e+01,1.770000000000000000e+02
1.797065782546997070e+01,1.780000000000000000e+02
1.804603028297424316e+01,1.790000000000000000e+02
1.812129282951354980e+01,1.800000000000000000e+02
1.819651770591735840e+01,1.810000000000000000e+02
1.827493381500244141e+01,1.820000000000000000e+02
1.835023927688598633e+01,1.830000000000000000e+02
1.842559480667114258e+01,1.840000000000000000e+02
1.850085496902465820e+01,1.850000000000000000e+02
1.857621550559997559e+01,1.860000000000000000e+02
1.865145039558410645e+01,1.870000000000000000e+02
1.872790384292602539e+01,1.880000000000000000e+02
1.880329036712646484e+01,1.890000000000000000e+02
1.887859320640563965e+01,1.900000000000000000e+02
1.895520806312561035e+01,1.910000000000000000e+02
1.903417515754699707e+01,1.920000000000000000e+02
1.911251282691955566e+01,1.930000000000000000e+02
1.956307029724121094e+01,1.940000000000000000e+02
1.956518650054931641e+01,1.950000000000000000e+02
1.971532678604125977e+01,1.960000000000000000e+02
1.979025864601135254e+01,1.970000000000000000e+02
1.986582040786743164e+01,1.980000000000000000e+02
1.994375300407409668e+01,1.990000000000000000e+02
2.001693630218505859e+01,2.000000000000000000e+02
2.001903843879699707e+01,2.010000000000000000e+02
2.009420013427734375e+01,2.020000000000000000e+02
2.016926932334899902e+01,2.030000000000000000e+02
2.024470090866088867e+01,2.040000000000000000e+02
2.031997990608215332e+01,2.050000000000000000e+02
2.039718937873840332e+01,2.060000000000000000e+02
2.047038674354553223e+01,2.070000000000000000e+02
2.047262763977050781e+01,2.080000000000000000e+02
2.054817104339599609e+01,2.090000000000000000e+02
2.062356328964233398e+01,2.100000000000000000e+02
2.070072937011718750e+01,2.110000000000000000e+02
2.084885191917419434e+01,2.120000000000000000e+02
2.085091304779052734e+01,2.130000000000000000e+02
2.092814493179321289e+01,2.140000000000000000e+02
2.100139975547790527e+01,2.150000000000000000e+02
2.100364422798156738e+01,2.160000000000000000e+02
2.107764172554016113e+01,2.170000000000000000e+02
2.108540916442871094e+01,2.180000000000000000e+02
2.117407155036926270e+01,2.190000000000000000e+02
2.202412247657775879e+01,2.200000000000000000e+02
2.210186862945556641e+01,2.210000000000000000e+02
2.217744302749633789e+01,2.220000000000000000e+02
2.225334286689758301e+01,2.230000000000000000e+02
2.233064675331115723e+01,2.240000000000000000e+02
2.241262006759643555e+01,2.250000000000000000e+02
2.339457082748413086e+01,2.260000000000000000e+02
2.347183346748352051e+01,2.270000000000000000e+02
2.362459921836853027e+01,2.280000000000000000e+02
2.384889006614685059e+01,2.290000000000000000e+02
2.385244870185852051e+01,2.300000000000000000e+02
2.395278573036193848e+01,2.310000000000000000e+02
2.403012728691101074e+01,2.320000000000000000e+02
2.410720729827880859e+01,2.330000000000000000e+02
2.418307280540466309e+01,2.340000000000000000e+02
2.418728089332580566e+01,2.350000000000000000e+02
2.478478932380676270e+01,2.360000000000000000e+02
2.478693532943725586e+01,2.370000000000000000e+02
2.488075828552246094e+01,2.380000000000000000e+02
2.504087781906127930e+01,2.390000000000000000e+02
2.511733865737915039e+01,2.400000000000000000e+02
2.519537973403930664e+01,2.410000000000000000e+02
2.527834630012512207e+01,2.420000000000000000e+02
2.536879420280456543e+01,2.430000000000000000e+02
2.546230196952819824e+01,2.440000000000000000e+02
2.553913927078247070e+01,2.450000000000000000e+02
2.561583828926086426e+01,2.460000000000000000e+02
2.569118022918701172e+01,2.470000000000000000e+02
2.576694989204406738e+01,2.480000000000000000e+02
2.584744048118591309e+01,2.490000000000000000e+02
2.599872255325317383e+01,2.500000000000000000e+02
2.607368707656860352e+01,2.510000000000000000e+02
2.614863944053649902e+01,2.520000000000000000e+02
2.622427368164062500e+01,2.530000000000000000e+02
2.629966068267822266e+01,2.540000000000000000e+02
2.638197731971740723e+01,2.550000000000000000e+02
2.682946205139160156e+01,2.560000000000000000e+02
2.683184409141540527e+01,2.570000000000000000e+02
2.698153996467590332e+01,2.580000000000000000e+02
2.698473405838012695e+01,2.590000000000000000e+02
2.722125434875488281e+01,2.600000000000000000e+02
2.729960227012634277e+01,2.610000000000000000e+02
2.737686371803283691e+01,2.620000000000000000e+02
2.745012831687927246e+01,2.630000000000000000e+02
2.745234084129333496e+01,2.640000000000000000e+02
2.760240674018859863e+01,2.650000000000000000e+02
2.767739582061767578e+01,2.660000000000000000e+02
2.775281524658203125e+01,2.670000000000000000e+02
2.782883763313293457e+01,2.680000000000000000e+02
2.790419650077819824e+01,2.690000000000000000e+02
2.797944879531860352e+01,2.700000000000000000e+02
2.805484318733215332e+01,2.710000000000000000e+02
2.813007593154907227e+01,2.720000000000000000e+02
2.820684313774108887e+01,2.730000000000000000e+02
2.828205060958862305e+01,2.740000000000000000e+02
2.835745334625244141e+01,2.750000000000000000e+02
2.843282103538513184e+01,2.760000000000000000e+02
2.850799512863159180e+01,2.770000000000000000e+02
2.858339071273803711e+01,2.780000000000000000e+02
2.866290974617004395e+01,2.790000000000000000e+02
2.881298923492431641e+01,2.800000000000000000e+02
2.888795256614685059e+01,2.810000000000000000e+02
2.896354937553405762e+01,2.820000000000000000e+02
2.903896260261535645e+01,2.830000000000000000e+02
2.911514353752136230e+01,2.840000000000000000e+02
2.919049429893493652e+01,2.850000000000000000e+02
2.926588606834411621e+01,2.860000000000000000e+02
2.934117770195007324e+01,2.870000000000000000e+02
2.941651058197021484e+01,2.880000000000000000e+02
2.949184083938598633e+01,2.890000000000000000e+02
2.956719899177551270e+01,2.900000000000000000e+02
2.964252281188964844e+01,2.910000000000000000e+02
2.971804904937744141e+01,2.920000000000000000e+02
2.979337763786315918e+01,2.930000000000000000e+02
2.986872673034667969e+01,2.940000000000000000e+02
2.994408011436462402e+01,2.950000000000000000e+02
3.002013897895812988e+01,2.960000000000000000e+02
3.009582567214965820e+01,2.970000000000000000e+02
3.017157554626464844e+01,2.980000000000000000e+02
3.025028967857360840e+01,2.990000000000000000e+02
3.032732939720153809e+01,3.000000000000000000e+02
3.040328454971313477e+01,3.010000000000000000e+02
3.047632408142089844e+01,3.020000000000000000e+02
3.047855234146118164e+01,3.030000000000000000e+02
3.055396580696105957e+01,3.040000000000000000e+02
3.063009357452392578e+01,3.050000000000000000e+02
3.070556879043579102e+01,3.060000000000000000e+02
3.078134965896606445e+01,3.070000000000000000e+02
3.085678362846374512e+01,3.080000000000000000e+02
3.093225550651550293e+01,3.090000000000000000e+02
3.100765752792358398e+01,3.100000000000000000e+02
3.108301901817321777e+01,3.110000000000000000e+02
3.116023421287536621e+01,3.120000000000000000e+02
3.123575830459594727e+01,3.130000000000000000e+02
3.131075024604797363e+01,3.140000000000000000e+02
3.138781476020812988e+01,3.150000000000000000e+02
3.153787636756896973e+01,3.160000000000000000e+02
3.161285233497619629e+01,3.170000000000000000e+02
3.170078682899475098e+01,3.180000000000000000e+02
3.177641725540161133e+01,3.190000000000000000e+02
3.185326623916625977e+01,3.200000000000000000e+02
3.192891621589660645e+01,3.210000000000000000e+02
3.200434374809265137e+01,3.220000000000000000e+02
3.207970213890075684e+01,3.230000000000000000e+02
3.215509462356567383e+01,3.240000000000000000e+02
3.223152470588684082e+01,3.250000000000000000e+02
3.230682611465454102e+01,3.260000000000000000e+02
3.238213562965393066e+01,3.270000000000000000e+02
3.245744204521179199e+01,3.280000000000000000e+02
3.253276371955871582e+01,3.290000000000000000e+02
3.260802936553955078e+01,3.300000000000000000e+02
3.268334555625915527e+01,3.310000000000000000e+02
3.275863599777221680e+01,3.320000000000000000e+02
3.283404660224914551e+01,3.330000000000000000e+02
3.290944266319274902e+01,3.340000000000000000e+02
3.298480415344238281e+01,3.350000000000000000e+02
3.306018185615539551e+01,3.360000000000000000e+02
3.313556933403015137e+01,3.370000000000000000e+02
3.365703463554382324e+01,3.380000000000000000e+02
3.373238921165466309e+01,3.390000000000000000e+02
3.380781960487365723e+01,3.400000000000000000e+02
3.388322472572326660e+01,3.410000000000000000e+02
3.395864725112915039e+01,3.420000000000000000e+02
3.403403115272521973e+01,3.430000000000000000e+02
3.410941243171691895e+01,3.440000000000000000e+02
3.418488597869873047e+01,3.450000000000000000e+02
3.426033592224121094e+01,3.460000000000000000e+02
3.433685684204101562e+01,3.470000000000000000e+02
3.441263723373413086e+01,3.480000000000000000e+02
3.448798894882202148e+01,3.490000000000000000e+02
3.456355953216552734e+01,3.500000000000000000e+02
3.463900947570800781e+01,3.510000000000000000e+02
3.471426248550415039e+01,3.520000000000000000e+02
3.478953552246093750e+01,3.530000000000000000e+02
3.487899661064147949e+01,3.540000000000000000e+02
3.495849561691284180e+01,3.550000000000000000e+02
3.503664326667785645e+01,3.560000000000000000e+02
3.535270166397094727e+01,3.570000000000000000e+02
3.542885923385620117e+01,3.580000000000000000e+02
3.550210738182067871e+01,3.590000000000000000e+02
3.550444006919860840e+01,3.600000000000000000e+02
3.557982826232910156e+01,3.610000000000000000e+02
3.565500068664550781e+01,3.620000000000000000e+02
3.573058938980102539e+01,3.630000000000000000e+02
3.580624198913574219e+01,3.640000000000000000e+02
3.588352870941162109e+01,3.650000000000000000e+02
3.603396868705749512e+01,3.660000000000000000e+02
3.610925340652465820e+01,3.670000000000000000e+02
3.618493509292602539e+01,3.680000000000000000e+02
3.626058888435363770e+01,3.690000000000000000e+02
3.633817219734191895e+01,3.700000000000000000e+02
3.656397771835327148e+01,3.710000000000000000e+02
3.663975620269775391e+01,3.720000000000000000e+02
3.678882670402526855e+01,3.730000000000000000e+02
3.679128837585449219e+01,3.740000000000000000e+02
3.686721181869506836e+01,3.750000000000000000e+02
3.694213438034057617e+01,3.760000000000000000e+02
3.701792263984680176e+01,3.770000000000000000e+02
3.709364223480224609e+01,3.780000000000000000e+02
3.716928648948669434e+01,3.790000000000000000e+02
3.724500870704650879e+01,3.800000000000000000e+02
3.732072281837463379e+01,3.810000000000000000e+02
3.739621973037719727e+01,3.820000000000000000e+02
3.747121119499206543e+01,3.830000000000000000e+02
3.754646182060241699e+01,3.840000000000000000e+02
3.762185168266296387e+01,3.850000000000000000e+02
3.769714069366455078e+01,3.860000000000000000e+02
3.777239346504211426e+01,3.870000000000000000e+02
3.785153651237487793e+01,3.880000000000000000e+02
3.792533326148986816e+01,3.890000000000000000e+02
3.793213343620300293e+01,3.900000000000000000e+02
3.807914304733276367e+01,3.910000000000000000e+02
3.830453085899353027e+01,3.920000000000000000e+02
3.837958931922912598e+01,3.930000000000000000e+02
3.845493817329406738e+01,3.940000000000000000e+02
3.853008389472961426e+01,3.950000000000000000e+02
3.860534524917602539e+01,3.960000000000000000e+02
3.868064141273498535e+01,3.970000000000000000e+02
3.875583505630493164e+01,3.980000000000000000e+02
3.883118295669555664e+01,3.990000000000000000e+02
3.890651154518127441e+01,4.000000000000000000e+02
3.898198533058166504e+01,4.010000000000000000e+02
3.905763745307922363e+01,4.020000000000000000e+02
3.913293194770812988e+01,4.030000000000000000e+02
3.920815563201904297e+01,4.040000000000000000e+02
3.928345942497253418e+01,4.050000000000000000e+02
3.935926675796508789e+01,4.060000000000000000e+02
3.943453884124755859e+01,4.070000000000000000e+02
3.950982499122619629e+01,4.080000000000000000e+02
3.958504843711853027e+01,4.090000000000000000e+02
3.966030216217041016e+01,4.100000000000000000e+02
3.973636603355407715e+01,4.110000000000000000e+02
3.981171178817749023e+01,4.120000000000000000e+02
3.988699984550476074e+01,4.130000000000000000e+02
3.996232676506042480e+01,4.140000000000000000e+02
4.040640330314636230e+01,4.150000000000000000e+02
4.040851879119873047e+01,4.160000000000000000e+02
4.048380160331726074e+01,4.170000000000000000e+02
4.055904436111450195e+01,4.180000000000000000e+02
4.063419246673583984e+01,4.190000000000000000e+02
4.070948147773742676e+01,4.200000000000000000e+02
4.078486967086791992e+01,4.210000000000000000e+02
4.086035323143005371e+01,4.220000000000000000e+02
4.093563628196716309e+01,4.230000000000000000e+02
4.101094269752502441e+01,4.240000000000000000e+02
4.108628678321838379e+01,4.250000000000000000e+02
4.116160774230957031e+01,4.260000000000000000e+02
4.123768186569213867e+01,4.270000000000000000e+02
4.131307268142700195e+01,4.280000000000000000e+02
4.138954329490661621e+01,4.290000000000000000e+02
4.146487045288085938e+01,4.300000000000000000e+02
4.154095029830932617e+01,4.310000000000000000e+02
4.161652398109436035e+01,4.320000000000000000e+02
4.169412302970886230e+01,4.330000000000000000e+02
4.176952457427978516e+01,4.340000000000000000e+02
4.184552264213562012e+01,4.350000000000000000e+02
4.192188835144042969e+01,4.360000000000000000e+02
4.199799799919128418e+01,4.370000000000000000e+02
4.207388758659362793e+01,4.380000000000000000e+02
4.215064835548400879e+01,4.390000000000000000e+02
4.245235300064086914e+01,4.400000000000000000e+02
4.252745389938354492e+01,4.410000000000000000e+02
4.260286664962768555e+01,4.420000000000000000e+02
4.268063640594482422e+01,4.430000000000000000e+02
4.283083415031433105e+01,4.440000000000000000e+02
4.290574717521667480e+01,4.450000000000000000e+02
4.298102641105651855e+01,4.460000000000000000e+02
4.305633616447448730e+01,4.470000000000000000e+02
4.313160419464111328e+01,4.480000000000000000e+02
4.320697689056396484e+01,4.490000000000000000e+02
4.328226900100708008e+01,4.500000000000000000e+02
4.335768890380859375e+01,4.510000000000000000e+02
4.343302512168884277e+01,4.520000000000000000e+02
4.350834155082702637e+01,4.530000000000000000e+02
4.358361101150512695e+01,4.540000000000000000e+02
4.366460967063903809e+01,4.550000000000000000e+02
4.373931097984313965e+01,4.560000000000000000e+02
4.374919176101684570e+01,4.570000000000000000e+02
4.382950282096862793e+01,4.580000000000000000e+02
4.390951275825500488e+01,4.590000000000000000e+02
4.399008584022521973e+01,4.600000000000000000e+02
4.407478761672973633e+01,4.610000000000000000e+02
4.424520277976989746e+01,4.620000000000000000e+02
4.432358050346374512e+01,4.630000000000000000e+02
4.439903783798217773e+01,4.640000000000000000e+02
4.447443485260009766e+01,4.650000000000000000e+02
4.454979348182678223e+01,4.660000000000000000e+02
4.462521362304687500e+01,4.670000000000000000e+02
4.470589303970336914e+01,4.680000000000000000e+02
4.478640651702880859e+01,4.690000000000000000e+02
4.497757816314697266e+01,4.700000000000000000e+02
4.506053280830383301e+01,4.710000000000000000e+02
4.524026465415954590e+01,4.720000000000000000e+02
4.541816568374633789e+01,4.730000000000000000e+02
4.551842904090881348e+01,4.740000000000000000e+02
4.564658999443054199e+01,4.750000000000000000e+02
4.583647203445434570e+01,4.760000000000000000e+02
4.591518783569335938e+01,4.770000000000000000e+02
4.600871682167053223e+01,4.780000000000000000e+02
4.609204268455505371e+01,4.790000000000000000e+02
4.617267251014709473e+01,4.800000000000000000e+02
4.625444865226745605e+01,4.810000000000000000e+02
4.644027590751647949e+01,4.820000000000000000e+02
4.654547619819641113e+01,4.830000000000000000e+02
4.763238215446472168e+01,4.840000000000000000e+02
4.832718205451965332e+01,4.850000000000000000e+02
4.863101911544799805e+01,4.860000000000000000e+02
4.864111995697021484e+01,4.870000000000000000e+02
4.872210335731506348e+01,4.880000000000000000e+02
4.898004126548767090e+01,4.890000000000000000e+02
4.915869784355163574e+01,4.900000000000000000e+02
4.930689835548400879e+01,4.910000000000000000e+02
4.930903935432434082e+01,4.920000000000000000e+02
4.938439679145812988e+01,4.930000000000000000e+02
4.945974087715148926e+01,4.940000000000000000e+02
4.953503489494323730e+01,4.950000000000000000e+02
4.961048769950866699e+01,4.960000000000000000e+02
4.968597912788391113e+01,4.970000000000000000e+02
4.976137495040893555e+01,4.980000000000000000e+02
4.983675789833068848e+01,4.990000000000000000e+02
4.991202330589294434e+01,5.000000000000000000e+02
4.998765587806701660e+01,5.010000000000000000e+02
5.006291961669921875e+01,5.020000000000000000e+02
5.015022182464599609e+01,5.030000000000000000e+02
5.022720408439636230e+01,5.040000000000000000e+02
5.030959105491638184e+01,5.050000000000000000e+02
5.055523157119750977e+01,5.060000000000000000e+02
5.081602334976196289e+01,5.070000000000000000e+02
5.108921289443969727e+01,5.080000000000000000e+02
5.117577004432678223e+01,5.090000000000000000e+02
5.126114630699157715e+01,5.100000000000000000e+02
5.161232018470764160e+01,5.110000000000000000e+02
5.179030227661132812e+01,5.120000000000000000e+02
5.187965297698974609e+01,5.130000000000000000e+02
5.197561287879943848e+01,5.140000000000000000e+02
5.213945221900939941e+01,5.150000000000000000e+02
5.221674275398254395e+01,5.160000000000000000e+02
5.229652810096740723e+01,5.170000000000000000e+02
5.230062627792358398e+01,5.180000000000000000e+02
5.237710189819335938e+01,5.190000000000000000e+02
5.245284533500671387e+01,5.200000000000000000e+02
5.252861547470092773e+01,5.210000000000000000e+02
5.260435891151428223e+01,5.220000000000000000e+02
5.267988371849060059e+01,5.230000000000000000e+02
5.275602149963378906e+01,5.240000000000000000e+02
5.283152723312377930e+01,5.250000000000000000e+02
5.290694189071655273e+01,5.260000000000000000e+02
5.298239302635192871e+01,5.270000000000000000e+02
5.305810356140136719e+01,5.280000000000000000e+02
5.313447713851928711e+01,5.290000000000000000e+02
5.320975923538208008e+01,5.300000000000000000e+02
5.328589367866516113e+01,5.310000000000000000e+02
5.336164665222167969e+01,5.320000000000000000e+02
5.343731594085693359e+01,5.330000000000000000e+02
5.351291131973266602e+01,5.340000000000000000e+02
5.358847928047180176e+01,5.350000000000000000e+02
5.366401457786560059e+01,5.360000000000000000e+02
5.374083781242370605e+01,5.370000000000000000e+02
5.381632137298583984e+01,5.380000000000000000e+02
5.389192628860473633e+01,5.390000000000000000e+02
5.396733593940734863e+01,5.400000000000000000e+02
5.404270219802856445e+01,5.410000000000000000e+02
5.412895011901855469e+01,5.420000000000000000e+02
5.437813496589660645e+01,5.430000000000000000e+02
5.447330331802368164e+01,5.440000000000000000e+02
5.464077854156494141e+01,5.450000000000000000e+02
5.481490302085876465e+01,5.460000000000000000e+02
5.489593577384948730e+01,5.470000000000000000e+02
5.557679772377014160e+01,5.480000000000000000e+02
5.564964461326599121e+01,5.490000000000000000e+02
5.565168762207031250e+01,5.500000000000000000e+02
5.572694754600524902e+01,5.510000000000000000e+02
5.580216431617736816e+01,5.520000000000000000e+02
5.587749719619750977e+01,5.530000000000000000e+02
5.595288300514221191e+01,5.540000000000000000e+02
5.602811908721923828e+01,5.550000000000000000e+02
5.610335183143615723e+01,5.560000000000000000e+02
5.617876124382019043e+01,5.570000000000000000e+02
5.625491118431091309e+01,5.580000000000000000e+02
5.633201122283935547e+01,5.590000000000000000e+02
5.640728282928466797e+01,5.600000000000000000e+02
5.649244260787963867e+01,5.610000000000000000e+02
5.657268786430358887e+01,5.620000000000000000e+02
5.664902997016906738e+01,5.630000000000000000e+02
5.672480058670043945e+01,5.640000000000000000e+02
5.680063390731811523e+01,5.650000000000000000e+02
5.687600874900817871e+01,5.660000000000000000e+02
5.695136833190917969e+01,5.670000000000000000e+02
5.702747321128845215e+01,5.680000000000000000e+02
5.710284018516540527e+01,5.690000000000000000e+02
5.717814898490905762e+01,5.700000000000000000e+02
5.725352454185485840e+01,5.710000000000000000e+02
5.732885241508483887e+01,5.720000000000000000e+02
5.740413856506347656e+01,5.730000000000000000e+02
5.747986745834350586e+01,5.740000000000000000e+02
5.755522799491882324e+01,5.750000000000000000e+02
5.763135218620300293e+01,5.760000000000000000e+02
5.770657134056091309e+01,5.770000000000000000e+02
5.778187847137451172e+01,5.780000000000000000e+02
5.785718369483947754e+01,5.790000000000000000e+02
5.793277740478515625e+01,5.800000000000000000e+02
5.801012372970581055e+01,5.810000000000000000e+02
5.808568167686462402e+01,5.820000000000000000e+02
5.816146731376647949e+01,5.830000000000000000e+02
5.823697519302368164e+01,5.840000000000000000e+02
5.831239461898803711e+01,5.850000000000000000e+02
5.838778996467590332e+01,5.860000000000000000e+02
5.846331572532653809e+01,5.870000000000000000e+02
5.853877282142639160e+01,5.880000000000000000e+02
5.861419081687927246e+01,5.890000000000000000e+02
5.868950247764587402e+01,5.900000000000000000e+02
5.876479625701904297e+01,5.910000000000000000e+02
5.884007167816162109e+01,5.920000000000000000e+02
5.892068600654602051e+01,5.930000000000000000e+02
5.899657082557678223e+01,5.940000000000000000e+02
5.907198524475097656e+01,5.950000000000000000e+02
5.914753365516662598e+01,5.960000000000000000e+02
5.922298455238342285e+01,5.970000000000000000e+02
5.929847097396850586e+01,5.980000000000000000e+02
5.937398433685302734e+01,5.990000000000000000e+02
5.944953227043151855e+01,6.000000000000000000e+02
5.952489233016967773e+01,6.010000000000000000e+02
5.960026884078979492e+01,6.020000000000000000e+02
5.967573952674865723e+01,6.030000000000000000e+02
5.975106811523437500e+01,6.040000000000000000e+02
5.982646036148071289e+01,6.050000000000000000e+02
5.990182256698608398e+01,6.060000000000000000e+02
5.997773528099060059e+01,6.070000000000000000e+02
