time,packet_count
1.991000175476074219e-01,1.000000000000000000e+00
2.744271755218505859e-01,2.000000000000000000e+00
3.497996330261230469e-01,3.000000000000000000e+00
4.252502918243408203e-01,4.000000000000000000e+00
5.005922317504882812e-01,5.000000000000000000e+00
5.759322643280029297e-01,6.000000000000000000e+00
6.512253284454345703e-01,7.000000000000000000e+00
7.244319915771484375e-01,8.000000000000000000e+00
7.997527122497558594e-01,9.000000000000000000e+00
8.762795925140380859e-01,1.000000000000000000e+01
9.526357650756835938e-01,1.100000000000000000e+01
6.066269397735595703e+00,1.200000000000000000e+01
6.141645669937133789e+00,1.300000000000000000e+01
6.216980695724487305e+00,1.400000000000000000e+01
6.290161132812500000e+00,1.500000000000000000e+01
6.365447282791137695e+00,1.600000000000000000e+01
6.440291166305541992e+00,1.700000000000000000e+01
6.590286016464233398e+00,1.800000000000000000e+01
6.737937450408935547e+00,1.900000000000000000e+01
6.813217401504516602e+00,2.000000000000000000e+01
6.888635158538818359e+00,2.100000000000000000e+01
6.963973999023437500e+00,2.200000000000000000e+01
7.039223194122314453e+00,2.300000000000000000e+01
7.114496231079101562e+00,2.400000000000000000e+01
7.189785957336425781e+00,2.500000000000000000e+01
7.265350341796875000e+00,2.600000000000000000e+01
7.340648889541625977e+00,2.700000000000000000e+01
7.413849592208862305e+00,2.800000000000000000e+01
7.489216566085815430e+00,2.900000000000000000e+01
7.564646244049072266e+00,3.000000000000000000e+01
7.639943122863769531e+00,3.100000000000000000e+01
7.715220212936401367e+00,3.200000000000000000e+01
7.788453817367553711e+00,3.300000000000000000e+01
7.939475536346435547e+00,3.400000000000000000e+01
8.014588356018066406e+00,3.500000000000000000e+01
8.241668462753295898e+00,3.600000000000000000e+01
8.316898345947265625e+00,3.700000000000000000e+01
8.469546318054199219e+00,3.800000000000000000e+01
8.615591764450073242e+00,3.900000000000000000e+01
8.691062688827514648e+00,4.000000000000000000e+01
8.764333248138427734e+00,4.100000000000000000e+01
8.839696645736694336e+00,4.200000000000000000e+01
8.912960767745971680e+00,4.300000000000000000e+01
8.989522933959960938e+00,4.400000000000000000e+01
9.065161705017089844e+00,4.500000000000000000e+01
9.140616893768310547e+00,4.600000000000000000e+01
9.216049194335937500e+00,4.700000000000000000e+01
9.291396379470825195e+00,4.800000000000000000e+01
9.366621255874633789e+00,4.900000000000000000e+01
9.444326639175415039e+00,5.000000000000000000e+01
9.517513513565063477e+00,5.100000000000000000e+01
9.592932462692260742e+00,5.200000000000000000e+01
9.668227195739746094e+00,5.300000000000000000e+01
9.743574857711791992e+00,5.400000000000000000e+01
9.892002105712890625e+00,5.500000000000000000e+01
9.966792583465576172e+00,5.600000000000000000e+01
1.004160237312316895e+01,5.700000000000000000e+01
1.018975949287414551e+01,5.800000000000000000e+01
1.026512002944946289e+01,5.900000000000000000e+01
1.034045743942260742e+01,6.000000000000000000e+01
1.041589403152465820e+01,6.100000000000000000e+01
1.049124956130981445e+01,6.200000000000000000e+01
1.056661987304687500e+01,6.300000000000000000e+01
1.064194512367248535e+01,6.400000000000000000e+01
1.071723604202270508e+01,6.500000000000000000e+01
1.079043722152709961e+01,6.600000000000000000e+01
1.086590433120727539e+01,6.700000000000000000e+01
1.094137644767761230e+01,6.800000000000000000e+01
1.101677536964416504e+01,6.900000000000000000e+01
1.109289598464965820e+01,7.000000000000000000e+01
1.116825842857360840e+01,7.100000000000000000e+01
1.124515938758850098e+01,7.200000000000000000e+01
1.133006834983825684e+01,7.300000000000000000e+01
1.140531516075134277e+01,7.400000000000000000e+01
1.148018646240234375e+01,7.500000000000000000e+01
1.155507087707519531e+01,7.600000000000000000e+01
1.170280671119689941e+01,7.700000000000000000e+01
1.177824163436889648e+01,7.800000000000000000e+01
1.185358548164367676e+01,7.900000000000000000e+01
1.192888736724853516e+01,8.000000000000000000e+01
1.200417637825012207e+01,8.100000000000000000e+01
1.207935333251953125e+01,8.200000000000000000e+01
1.215461897850036621e+01,8.300000000000000000e+01
1.222998213768005371e+01,8.400000000000000000e+01
1.230525684356689453e+01,8.500000000000000000e+01
1.237906169891357422e+01,8.600000000000000000e+01
1.245488977432250977e+01,8.700000000000000000e+01
1.253029131889343262e+01,8.800000000000000000e+01
1.260555005073547363e+01,8.900000000000000000e+01
1.268082880973815918e+01,9.000000000000000000e+01
1.275609135627746582e+01,9.100000000000000000e+01
1.283132243156433105e+01,9.200000000000000000e+01
1.290713024139404297e+01,9.300000000000000000e+01
1.298039412498474121e+01,9.400000000000000000e+01
1.305560946464538574e+01,9.500000000000000000e+01
1.320162153244018555e+01,9.600000000000000000e+01
1.327688050270080566e+01,9.700000000000000000e+01
1.335214543342590332e+01,9.800000000000000000e+01
1.342736625671386719e+01,9.900000000000000000e+01
1.350263309478759766e+01,1.000000000000000000e+02
1.357796716690063477e+01,1.010000000000000000e+02
1.365333294868469238e+01,1.020000000000000000e+02
1.372867202758789062e+01,1.030000000000000000e+02
1.380381178855895996e+01,1.040000000000000000e+02
1.387978744506835938e+01,1.050000000000000000e+02
1.395603442192077637e+01,1.060000000000000000e+02
1.403133463859558105e+01,1.070000000000000000e+02
1.410666155815124512e+01,1.080000000000000000e+02
1.418205404281616211e+01,1.090000000000000000e+02
1.425522875785827637e+01,1.100000000000000000e+02
1.433045363426208496e+01,1.110000000000000000e+02
1.440597176551818848e+01,1.120000000000000000e+02
1.448174667358398438e+01,1.130000000000000000e+02
1.455700016021728516e+01,1.140000000000000000e+02
1.463228654861450195e+01,1.150000000000000000e+02
1.470551419258117676e+01,1.160000000000000000e+02
1.478079652786254883e+01,1.170000000000000000e+02
1.485573148727416992e+01,1.180000000000000000e+02
1.493061780929565430e+01,1.190000000000000000e+02
1.500643372535705566e+01,1.200000000000000000e+02
1.508131313323974609e+01,1.210000000000000000e+02
1.522893643379211426e+01,1.220000000000000000e+02
1.530427169799804688e+01,1.230000000000000000e+02
1.538024377822875977e+01,1.240000000000000000e+02
1.553221344947814941e+01,1.250000000000000000e+02
1.560771751403808594e+01,1.260000000000000000e+02
1.568311238288879395e+01,1.270000000000000000e+02
1.575859141349792480e+01,1.280000000000000000e+02
1.583416652679443359e+01,1.290000000000000000e+02
1.590953731536865234e+01,1.300000000000000000e+02
1.598271942138671875e+01,1.310000000000000000e+02
1.605589365959167480e+01,1.320000000000000000e+02
1.613125157356262207e+01,1.330000000000000000e+02
1.620665860176086426e+01,1.340000000000000000e+02
1.628206825256347656e+01,1.350000000000000000e+02
1.635746836662292480e+01,1.360000000000000000e+02
1.643064451217651367e+01,1.370000000000000000e+02
1.650583124160766602e+01,1.380000000000000000e+02
1.658101248741149902e+01,1.390000000000000000e+02
1.665582180023193359e+01,1.400000000000000000e+02
1.687893795967102051e+01,1.410000000000000000e+02
1.695498323440551758e+01,1.420000000000000000e+02
1.703039693832397461e+01,1.430000000000000000e+02
1.710577678680419922e+01,1.440000000000000000e+02
1.718122005462646484e+01,1.450000000000000000e+02
1.725662207603454590e+01,1.460000000000000000e+02
1.733201479911804199e+01,1.470000000000000000e+02
1.740767025947570801e+01,1.480000000000000000e+02
1.748360824584960938e+01,1.490000000000000000e+02
1.755894780158996582e+01,1.500000000000000000e+02
1.763440942764282227e+01,1.510000000000000000e+02
1.770983219146728516e+01,1.520000000000000000e+02
1.778531265258789062e+01,1.530000000000000000e+02
1.786072802543640137e+01,1.540000000000000000e+02
1.793607044219970703e+01,1.550000000000000000e+02
1.801168704032897949e+01,1.560000000000000000e+02
1.808745861053466797e+01,1.570000000000000000e+02
1.816289472579956055e+01,1.580000000000000000e+02
1.823829817771911621e+01,1.590000000000000000e+02
1.831152629852294922e+01,1.600000000000000000e+02
1.838734912872314453e+01,1.610000000000000000e+02
1.846261191368103027e+01,1.620000000000000000e+02
1.853787851333618164e+01,1.630000000000000000e+02
1.861313843727111816e+01,1.640000000000000000e+02
1.868842887878417969e+01,1.650000000000000000e+02
1.876225924491882324e+01,1.660000000000000000e+02
1.883757781982421875e+01,1.670000000000000000e+02
1.891247344017028809e+01,1.680000000000000000e+02
1.898861885070800781e+01,1.690000000000000000e+02
1.906353831291198730e+01,1.700000000000000000e+02
1.913842415809631348e+01,1.710000000000000000e+02
1.928864908218383789e+01,1.720000000000000000e+02
1.943625521659851074e+01,1.730000000000000000e+02
1.951156663894653320e+01,1.740000000000000000e+02
1.958703613281250000e+01,1.750000000000000000e+02
1.966255426406860352e+01,1.760000000000000000e+02
1.973789978027343750e+01,1.770000000000000000e+02
1.981318163871765137e+01,1.780000000000000000e+02
1.988888335227966309e+01,1.790000000000000000e+02
1.996428990364074707e+01,1.800000000000000000e+02
2.003758621215820312e+01,1.810000000000000000e+02
2.011285233497619629e+01,1.820000000000000000e+02
2.018818950653076172e+01,1.830000000000000000e+02
2.026365947723388672e+01,1.840000000000000000e+02
2.033891725540161133e+01,1.850000000000000000e+02
2.041427445411682129e+01,1.860000000000000000e+02
2.048956775665283203e+01,1.870000000000000000e+02
2.056491422653198242e+01,1.880000000000000000e+02
2.063817167282104492e+01,1.890000000000000000e+02
2.071339917182922363e+01,1.900000000000000000e+02
2.078823423385620117e+01,1.910000000000000000e+02
2.086306142807006836e+01,1.920000000000000000e+02
2.101149606704711914e+01,1.930000000000000000e+02
2.116225743293762207e+01,1.940000000000000000e+02
2.123753380775451660e+01,1.950000000000000000e+02
2.131268811225891113e+01,1.960000000000000000e+02
2.138807678222656250e+01,1.970000000000000000e+02
2.146329689025878906e+01,1.980000000000000000e+02
2.153849315643310547e+01,1.990000000000000000e+02
2.161371779441833496e+01,2.000000000000000000e+02
2.168890309333801270e+01,2.010000000000000000e+02
2.176206493377685547e+01,2.020000000000000000e+02
2.183743548393249512e+01,2.030000000000000000e+02
2.191261959075927734e+01,2.040000000000000000e+02
2.198783850669860840e+01,2.050000000000000000e+02
2.206101536750793457e+01,2.060000000000000000e+02
2.213620972633361816e+01,2.070000000000000000e+02
2.221107578277587891e+01,2.080000000000000000e+02
2.228592586517333984e+01,2.090000000000000000e+02
2.243354892730712891e+01,2.100000000000000000e+02
2.250872969627380371e+01,2.110000000000000000e+02
2.258397793769836426e+01,2.120000000000000000e+02
2.265917992591857910e+01,2.130000000000000000e+02
2.273440814018249512e+01,2.140000000000000000e+02
2.280964565277099609e+01,2.150000000000000000e+02
2.288540363311767578e+01,2.160000000000000000e+02
2.296071767807006836e+01,2.170000000000000000e+02
2.303582525253295898e+01,2.180000000000000000e+02
2.311107158660888672e+01,2.190000000000000000e+02
2.318423509597778320e+01,2.200000000000000000e+02
2.325945138931274414e+01,2.210000000000000000e+02
2.333463430404663086e+01,2.220000000000000000e+02
2.340780234336853027e+01,2.230000000000000000e+02
2.348297500610351562e+01,2.240000000000000000e+02
2.355778264999389648e+01,2.250000000000000000e+02
2.363273406028747559e+01,2.260000000000000000e+02
2.378037619590759277e+01,2.270000000000000000e+02
2.385561680793762207e+01,2.280000000000000000e+02
2.393079757690429688e+01,2.290000000000000000e+02
2.400618195533752441e+01,2.300000000000000000e+02
2.408150959014892578e+01,2.310000000000000000e+02
2.415675663948059082e+01,2.320000000000000000e+02
2.423208737373352051e+01,2.330000000000000000e+02
2.430735373497009277e+01,2.340000000000000000e+02
2.438332939147949219e+01,2.350000000000000000e+02
2.445892310142517090e+01,2.360000000000000000e+02
2.453427004814147949e+01,2.370000000000000000e+02
2.460953330993652344e+01,2.380000000000000000e+02
2.468483591079711914e+01,2.390000000000000000e+02
2.476007604598999023e+01,2.400000000000000000e+02
2.483324337005615234e+01,2.410000000000000000e+02
2.490640497207641602e+01,2.420000000000000000e+02
2.498176479339599609e+01,2.430000000000000000e+02
2.505662393569946289e+01,2.440000000000000000e+02
2.513147115707397461e+01,2.450000000000000000e+02
2.528281307220458984e+01,2.460000000000000000e+02
2.543046808242797852e+01,2.470000000000000000e+02
2.550578188896179199e+01,2.480000000000000000e+02
2.558114147186279297e+01,2.490000000000000000e+02
2.565643501281738281e+01,2.500000000000000000e+02
2.573175001144409180e+01,2.510000000000000000e+02
2.580700874328613281e+01,2.520000000000000000e+02
2.588277935981750488e+01,2.530000000000000000e+02
2.595606422424316406e+01,2.540000000000000000e+02
2.603131175041198730e+01,2.550000000000000000e+02
2.610652208328247070e+01,2.560000000000000000e+02
2.618191409111022949e+01,2.570000000000000000e+02
2.625725984573364258e+01,2.580000000000000000e+02
2.633250331878662109e+01,2.590000000000000000e+02
2.640773797035217285e+01,2.600000000000000000e+02
2.648315238952636719e+01,2.610000000000000000e+02
2.655838751792907715e+01,2.620000000000000000e+02
2.663160610198974609e+01,2.630000000000000000e+02
2.670682597160339355e+01,2.640000000000000000e+02
2.678165173530578613e+01,2.650000000000000000e+02
2.685646748542785645e+01,2.660000000000000000e+02
2.700450706481933594e+01,2.670000000000000000e+02
2.707973790168762207e+01,2.680000000000000000e+02
2.715499258041381836e+01,2.690000000000000000e+02
2.722824740409851074e+01,2.700000000000000000e+02
2.730144548416137695e+01,2.710000000000000000e+02
2.737815880775451660e+01,2.720000000000000000e+02
2.745488715171813965e+01,2.730000000000000000e+02
2.753011202812194824e+01,2.740000000000000000e+02
2.760539293289184570e+01,2.750000000000000000e+02
2.768058657646179199e+01,2.760000000000000000e+02
2.775577235221862793e+01,2.770000000000000000e+02
2.783099722862243652e+01,2.780000000000000000e+02
2.790657114982604980e+01,2.790000000000000000e+02
2.798233032226562500e+01,2.800000000000000000e+02
2.805757689476013184e+01,2.810000000000000000e+02
2.813288116455078125e+01,2.820000000000000000e+02
2.820814108848571777e+01,2.830000000000000000e+02
2.835649585723876953e+01,2.840000000000000000e+02
2.843134474754333496e+01,2.850000000000000000e+02
2.850620579719543457e+01,2.860000000000000000e+02
2.865387988090515137e+01,2.870000000000000000e+02
2.872911834716796875e+01,2.880000000000000000e+02
2.880439305305480957e+01,2.890000000000000000e+02
2.888040566444396973e+01,2.900000000000000000e+02
2.895620298385620117e+01,2.910000000000000000e+02
2.903147411346435547e+01,2.920000000000000000e+02
2.910675597190856934e+01,2.930000000000000000e+02
2.918207502365112305e+01,2.940000000000000000e+02
2.925736975669860840e+01,2.950000000000000000e+02
2.933262515068054199e+01,2.960000000000000000e+02
2.940831971168518066e+01,2.970000000000000000e+02
2.948412466049194336e+01,2.980000000000000000e+02
2.955934500694274902e+01,2.990000000000000000e+02
2.963462138175964355e+01,3.000000000000000000e+02
2.970782279968261719e+01,3.010000000000000000e+02
2.978309559822082520e+01,3.020000000000000000e+02
2.985856294631958008e+01,3.030000000000000000e+02
2.995403170585632324e+01,3.040000000000000000e+02
3.002962088584899902e+01,3.050000000000000000e+02
3.010518741607666016e+01,3.060000000000000000e+02
3.018047904968261719e+01,3.070000000000000000e+02
3.025580191612243652e+01,3.080000000000000000e+02
3.032905817031860352e+01,3.090000000000000000e+02
3.040480685234069824e+01,3.100000000000000000e+02
3.048079109191894531e+01,3.110000000000000000e+02
3.055609273910522461e+01,3.120000000000000000e+02
3.063131427764892578e+01,3.130000000000000000e+02
3.070657062530517578e+01,3.140000000000000000e+02
3.078183960914611816e+01,3.150000000000000000e+02
3.085710334777832031e+01,3.160000000000000000e+02
3.093229937553405762e+01,3.170000000000000000e+02
3.100549054145812988e+01,3.180000000000000000e+02
3.108070492744445801e+01,3.190000000000000000e+02
3.115550184249877930e+01,3.200000000000000000e+02
3.123042082786560059e+01,3.210000000000000000e+02
3.137864279747009277e+01,3.220000000000000000e+02
3.145433354377746582e+01,3.230000000000000000e+02
3.152960872650146484e+01,3.240000000000000000e+02
3.160492444038391113e+01,3.250000000000000000e+02
3.168018078804016113e+01,3.260000000000000000e+02
3.175530242919921875e+01,3.270000000000000000e+02
3.183051514625549316e+01,3.280000000000000000e+02
3.190606880187988281e+01,3.290000000000000000e+02
3.198182034492492676e+01,3.300000000000000000e+02
3.205703473091125488e+01,3.310000000000000000e+02
3.213221168518066406e+01,3.320000000000000000e+02
3.220747327804565430e+01,3.330000000000000000e+02
3.228295755386352539e+01,3.340000000000000000e+02
3.235817909240722656e+01,3.350000000000000000e+02
3.243345332145690918e+01,3.360000000000000000e+02
3.250870060920715332e+01,3.370000000000000000e+02
3.258504629135131836e+01,3.380000000000000000e+02
3.266128444671630859e+01,3.390000000000000000e+02
3.273474264144897461e+01,3.400000000000000000e+02
3.281064867973327637e+01,3.410000000000000000e+02
3.288738870620727539e+01,3.420000000000000000e+02
3.296316933631896973e+01,3.430000000000000000e+02
3.303902745246887207e+01,3.440000000000000000e+02
3.311475276947021484e+01,3.450000000000000000e+02
3.319022178649902344e+01,3.460000000000000000e+02
3.326607179641723633e+01,3.470000000000000000e+02
3.334175419807434082e+01,3.480000000000000000e+02
3.341749548912048340e+01,3.490000000000000000e+02
3.349327349662780762e+01,3.500000000000000000e+02
3.356668138504028320e+01,3.510000000000000000e+02
3.364231562614440918e+01,3.520000000000000000e+02
3.371808934211730957e+01,3.530000000000000000e+02
3.379380702972412109e+01,3.540000000000000000e+02
3.386969113349914551e+01,3.550000000000000000e+02
3.394579172134399414e+01,3.560000000000000000e+02
3.402147769927978516e+01,3.570000000000000000e+02
3.409705543518066406e+01,3.580000000000000000e+02
3.417302012443542480e+01,3.590000000000000000e+02
3.424835014343261719e+01,3.600000000000000000e+02
3.432364416122436523e+01,3.610000000000000000e+02
3.440000653266906738e+01,3.620000000000000000e+02
3.447764158248901367e+01,3.630000000000000000e+02
3.455104279518127441e+01,3.640000000000000000e+02
3.462670469284057617e+01,3.650000000000000000e+02
3.470232200622558594e+01,3.660000000000000000e+02
3.477768945693969727e+01,3.670000000000000000e+02
3.485302901268005371e+01,3.680000000000000000e+02
3.492845273017883301e+01,3.690000000000000000e+02
3.500383639335632324e+01,3.700000000000000000e+02
3.507701730728149414e+01,3.710000000000000000e+02
3.515231537818908691e+01,3.720000000000000000e+02
3.522717332839965820e+01,3.730000000000000000e+02
3.530208563804626465e+01,3.740000000000000000e+02
3.537959957122802734e+01,3.750000000000000000e+02
3.545445275306701660e+01,3.760000000000000000e+02
3.552930402755737305e+01,3.770000000000000000e+02
3.575193142890930176e+01,3.780000000000000000e+02
3.582744765281677246e+01,3.790000000000000000e+02
3.590318751335144043e+01,3.800000000000000000e+02
3.597841238975524902e+01,3.810000000000000000e+02
3.605369162559509277e+01,3.820000000000000000e+02
3.612903904914855957e+01,3.830000000000000000e+02
3.620222592353820801e+01,3.840000000000000000e+02
3.627754020690917969e+01,3.850000000000000000e+02
3.635292387008666992e+01,3.860000000000000000e+02
3.642824912071228027e+01,3.870000000000000000e+02
3.650376796722412109e+01,3.880000000000000000e+02
3.657921099662780762e+01,3.890000000000000000e+02
3.665455460548400879e+01,3.900000000000000000e+02
3.672989511489868164e+01,3.910000000000000000e+02
3.680523014068603516e+01,3.920000000000000000e+02
3.687904882431030273e+01,3.930000000000000000e+02
3.695432066917419434e+01,3.940000000000000000e+02
3.702924728393554688e+01,3.950000000000000000e+02
3.710422682762145996e+01,3.960000000000000000e+02
3.717907714843750000e+01,3.970000000000000000e+02
3.740202689170837402e+01,3.980000000000000000e+02
3.747743320465087891e+01,3.990000000000000000e+02
3.755275297164916992e+01,4.000000000000000000e+02
3.762803697586059570e+01,4.010000000000000000e+02
3.770329475402832031e+01,4.020000000000000000e+02
3.777862858772277832e+01,4.030000000000000000e+02
3.785402011871337891e+01,4.040000000000000000e+02
3.792940711975097656e+01,4.050000000000000000e+02
3.800474619865417480e+01,4.060000000000000000e+02
3.808002281188964844e+01,4.070000000000000000e+02
3.815526556968688965e+01,4.080000000000000000e+02
3.822849893569946289e+01,4.090000000000000000e+02
3.830375528335571289e+01,4.100000000000000000e+02
3.837960600852966309e+01,4.110000000000000000e+02
3.845554399490356445e+01,4.120000000000000000e+02
3.853084278106689453e+01,4.130000000000000000e+02
3.860613679885864258e+01,4.140000000000000000e+02
3.867942142486572266e+01,4.150000000000000000e+02
3.875471448898315430e+01,4.160000000000000000e+02
3.890531420707702637e+01,4.170000000000000000e+02
3.898027348518371582e+01,4.180000000000000000e+02
3.905527734756469727e+01,4.190000000000000000e+02
3.920290017127990723e+01,4.200000000000000000e+02
3.927825593948364258e+01,4.210000000000000000e+02
3.935148000717163086e+01,4.220000000000000000e+02
3.942679286003112793e+01,4.230000000000000000e+02
3.950214409828186035e+01,4.240000000000000000e+02
3.957745337486267090e+01,4.250000000000000000e+02
3.965065050125122070e+01,4.260000000000000000e+02
3.972589612007141113e+01,4.270000000000000000e+02
3.979913544654846191e+01,4.280000000000000000e+02
3.987640762329101562e+01,4.290000000000000000e+02
3.994936013221740723e+01,4.300000000000000000e+02
4.002500915527343750e+01,4.310000000000000000e+02
4.017518162727355957e+01,4.320000000000000000e+02
4.032335352897644043e+01,4.330000000000000000e+02
4.040263581275939941e+01,4.340000000000000000e+02
4.047814726829528809e+01,4.350000000000000000e+02
4.062598776817321777e+01,4.360000000000000000e+02
4.070139837265014648e+01,4.370000000000000000e+02
4.077681803703308105e+01,4.380000000000000000e+02
4.085222864151000977e+01,4.390000000000000000e+02
4.092758202552795410e+01,4.400000000000000000e+02
4.100307321548461914e+01,4.410000000000000000e+02
4.107853651046752930e+01,4.420000000000000000e+02
4.115379095077514648e+01,4.430000000000000000e+02
4.122904396057128906e+01,4.440000000000000000e+02
4.130434751510620117e+01,4.450000000000000000e+02
4.138064455986022949e+01,4.460000000000000000e+02
4.145682764053344727e+01,4.470000000000000000e+02
4.153225970268249512e+01,4.480000000000000000e+02
4.160775589942932129e+01,4.490000000000000000e+02
4.168316626548767090e+01,4.500000000000000000e+02
4.175859737396240234e+01,4.510000000000000000e+02
4.183181858062744141e+01,4.520000000000000000e+02
4.190766286849975586e+01,4.530000000000000000e+02
4.198308277130126953e+01,4.540000000000000000e+02
4.205859470367431641e+01,4.550000000000000000e+02
4.213399004936218262e+01,4.560000000000000000e+02
4.220953989028930664e+01,4.570000000000000000e+02
4.228494524955749512e+01,4.580000000000000000e+02
4.236035060882568359e+01,4.590000000000000000e+02
4.243579268455505371e+01,4.600000000000000000e+02
4.251123905181884766e+01,4.610000000000000000e+02
4.258445835113525391e+01,4.620000000000000000e+02
4.265976715087890625e+01,4.630000000000000000e+02
4.273471593856811523e+01,4.640000000000000000e+02
4.280958986282348633e+01,4.650000000000000000e+02
4.288511776924133301e+01,4.660000000000000000e+02
4.295996451377868652e+01,4.670000000000000000e+02
4.310778188705444336e+01,4.680000000000000000e+02
4.318098545074462891e+01,4.690000000000000000e+02
4.325661659240722656e+01,4.700000000000000000e+02
4.333243227005004883e+01,4.710000000000000000e+02
4.340850019454956055e+01,4.720000000000000000e+02
4.348388314247131348e+01,4.730000000000000000e+02
4.355713510513305664e+01,4.740000000000000000e+02
4.363250541687011719e+01,4.750000000000000000e+02
4.370792937278747559e+01,4.760000000000000000e+02
4.378332066535949707e+01,4.770000000000000000e+02
4.385874867439270020e+01,4.780000000000000000e+02
4.393419241905212402e+01,4.790000000000000000e+02
4.401010012626647949e+01,4.800000000000000000e+02
4.408614420890808105e+01,4.810000000000000000e+02
4.416161656379699707e+01,4.820000000000000000e+02
4.423708152770996094e+01,4.830000000000000000e+02
4.431252861022949219e+01,4.840000000000000000e+02
4.438829946517944336e+01,4.850000000000000000e+02
4.446382641792297363e+01,4.860000000000000000e+02
4.453920149803161621e+01,4.870000000000000000e+02
4.468776440620422363e+01,4.880000000000000000e+02
4.476276969909667969e+01,4.890000000000000000e+02
4.483796119689941406e+01,4.900000000000000000e+02
4.491294145584106445e+01,4.910000000000000000e+02
4.506074309349060059e+01,4.920000000000000000e+02
4.513617491722106934e+01,4.930000000000000000e+02
4.521150612831115723e+01,4.940000000000000000e+02
4.528682017326354980e+01,4.950000000000000000e+02
4.536222624778747559e+01,4.960000000000000000e+02
4.543756270408630371e+01,4.970000000000000000e+02
4.551304364204406738e+01,4.980000000000000000e+02
4.558838939666748047e+01,4.990000000000000000e+02
4.566367077827453613e+01,5.000000000000000000e+02
4.573905611038208008e+01,5.010000000000000000e+02
4.581448340415954590e+01,5.020000000000000000e+02
4.589019155502319336e+01,5.030000000000000000e+02
4.596604037284851074e+01,5.040000000000000000e+02
4.604161119461059570e+01,5.050000000000000000e+02
4.611748218536376953e+01,5.060000000000000000e+02
4.619324755668640137e+01,5.070000000000000000e+02
4.626899194717407227e+01,5.080000000000000000e+02
4.634509253501892090e+01,5.090000000000000000e+02
4.642130970954895020e+01,5.100000000000000000e+02
4.649718737602233887e+01,5.110000000000000000e+02
4.657307481765747070e+01,5.120000000000000000e+02
4.664889597892761230e+01,5.130000000000000000e+02
4.672460961341857910e+01,5.140000000000000000e+02
4.680041861534118652e+01,5.150000000000000000e+02
4.687729310989379883e+01,5.160000000000000000e+02
4.702854657173156738e+01,5.170000000000000000e+02
4.710408020019531250e+01,5.180000000000000000e+02
4.717986297607421875e+01,5.190000000000000000e+02
4.733112478256225586e+01,5.200000000000000000e+02
4.740737318992614746e+01,5.210000000000000000e+02
4.748596167564392090e+01,5.220000000000000000e+02
4.770947718620300293e+01,5.230000000000000000e+02
4.778525829315185547e+01,5.240000000000000000e+02
4.786113238334655762e+01,5.250000000000000000e+02
4.801635837554931641e+01,5.260000000000000000e+02
4.809169816970825195e+01,5.270000000000000000e+02
4.816700124740600586e+01,5.280000000000000000e+02
4.831810140609741211e+01,5.290000000000000000e+02
4.854199004173278809e+01,5.300000000000000000e+02
4.861803483963012695e+01,5.310000000000000000e+02
4.876900935173034668e+01,5.320000000000000000e+02
4.884481191635131836e+01,5.330000000000000000e+02
4.892033267021179199e+01,5.340000000000000000e+02
4.899745464324951172e+01,5.350000000000000000e+02
4.907636404037475586e+01,5.360000000000000000e+02
4.915131044387817383e+01,5.370000000000000000e+02
4.922641086578369141e+01,5.380000000000000000e+02
4.945487570762634277e+01,5.390000000000000000e+02
4.952996826171875000e+01,5.400000000000000000e+02
4.960507082939147949e+01,5.410000000000000000e+02
4.982764029502868652e+01,5.420000000000000000e+02
4.990296173095703125e+01,5.430000000000000000e+02
4.997904586791992188e+01,5.440000000000000000e+02
5.005428314208984375e+01,5.450000000000000000e+02
5.012955427169799805e+01,5.460000000000000000e+02
5.020481944084167480e+01,5.470000000000000000e+02
5.028002810478210449e+01,5.480000000000000000e+02
5.035530400276184082e+01,5.490000000000000000e+02
5.043049836158752441e+01,5.500000000000000000e+02
5.050584983825683594e+01,5.510000000000000000e+02
5.058125233650207520e+01,5.520000000000000000e+02
5.065656995773315430e+01,5.530000000000000000e+02
5.073176813125610352e+01,5.540000000000000000e+02
5.080692076683044434e+01,5.550000000000000000e+02
5.088259625434875488e+01,5.560000000000000000e+02
5.095827031135559082e+01,5.570000000000000000e+02
5.103352355957031250e+01,5.580000000000000000e+02
5.110882353782653809e+01,5.590000000000000000e+02
5.118409705162048340e+01,5.600000000000000000e+02
5.125935864448547363e+01,5.610000000000000000e+02
5.133469152450561523e+01,5.620000000000000000e+02
5.140793108940124512e+01,5.630000000000000000e+02
5.148318552970886230e+01,5.640000000000000000e+02
5.155802750587463379e+01,5.650000000000000000e+02
5.163296151161193848e+01,5.660000000000000000e+02
5.178068375587463379e+01,5.670000000000000000e+02
5.185594606399536133e+01,5.680000000000000000e+02
5.193117523193359375e+01,5.690000000000000000e+02
5.200644731521606445e+01,5.700000000000000000e+02
5.208179187774658203e+01,5.710000000000000000e+02
5.215702939033508301e+01,5.720000000000000000e+02
5.223222517967224121e+01,5.730000000000000000e+02
5.230607986450195312e+01,5.740000000000000000e+02
5.238200926780700684e+01,5.750000000000000000e+02
5.245771121978759766e+01,5.760000000000000000e+02
5.253299736976623535e+01,5.770000000000000000e+02
5.260831642150878906e+01,5.780000000000000000e+02
5.268353819847106934e+01,5.790000000000000000e+02
5.275871682167053223e+01,5.800000000000000000e+02
5.283394360542297363e+01,5.810000000000000000e+02
5.290921163558959961e+01,5.820000000000000000e+02
5.298443198204040527e+01,5.830000000000000000e+02
5.305762743949890137e+01,5.840000000000000000e+02
5.313291001319885254e+01,5.850000000000000000e+02
5.320786452293395996e+01,5.860000000000000000e+02
5.328273224830627441e+01,5.870000000000000000e+02
5.343040537834167480e+01,5.880000000000000000e+02
5.350562882423400879e+01,5.890000000000000000e+02
5.358094334602355957e+01,5.900000000000000000e+02
5.365624904632568359e+01,5.910000000000000000e+02
5.373148012161254883e+01,5.920000000000000000e+02
5.380671954154968262e+01,5.930000000000000000e+02
5.388268470764160156e+01,5.940000000000000000e+02
5.395837950706481934e+01,5.950000000000000000e+02
5.403373861312866211e+01,5.960000000000000000e+02
5.410925126075744629e+01,5.970000000000000000e+02
5.418453693389892578e+01,5.980000000000000000e+02
5.425990581512451172e+01,5.990000000000000000e+02
5.433529734611511230e+01,6.000000000000000000e+02
5.441084909439086914e+01,6.010000000000000000e+02
5.448635768890380859e+01,6.020000000000000000e+02
5.456177163124084473e+01,6.030000000000000000e+02
5.463706254959106445e+01,6.040000000000000000e+02
5.471024084091186523e+01,6.050000000000000000e+02
5.478554463386535645e+01,6.060000000000000000e+02
5.485878229141235352e+01,6.070000000000000000e+02
5.493407917022705078e+01,6.080000000000000000e+02
5.500901532173156738e+01,6.090000000000000000e+02
5.508388328552246094e+01,6.100000000000000000e+02
5.523157358169555664e+01,6.110000000000000000e+02
5.530673408508300781e+01,6.120000000000000000e+02
5.539060688018798828e+01,6.130000000000000000e+02
5.546898245811462402e+01,6.140000000000000000e+02
5.554529690742492676e+01,6.150000000000000000e+02
5.561843323707580566e+01,6.160000000000000000e+02
5.569379043579101562e+01,6.170000000000000000e+02
5.576704216003417969e+01,6.180000000000000000e+02
5.606417107582092285e+01,6.190000000000000000e+02
5.613937044143676758e+01,6.200000000000000000e+02
5.621469211578369141e+01,6.210000000000000000e+02
5.629002404212951660e+01,6.220000000000000000e+02
5.636532926559448242e+01,6.230000000000000000e+02
5.644062447547912598e+01,6.240000000000000000e+02
5.651592278480529785e+01,6.250000000000000000e+02
5.659118652343750000e+01,6.260000000000000000e+02
5.666642999649047852e+01,6.270000000000000000e+02
5.674169301986694336e+01,6.280000000000000000e+02
5.681700491905212402e+01,6.290000000000000000e+02
5.689232277870178223e+01,6.300000000000000000e+02
5.696806740760803223e+01,6.310000000000000000e+02
5.704341650009155273e+01,6.320000000000000000e+02
5.711876606941223145e+01,6.330000000000000000e+02
5.719413089752197266e+01,6.340000000000000000e+02
5.726957392692565918e+01,6.350000000000000000e+02
5.734489679336547852e+01,6.360000000000000000e+02
5.742029356956481934e+01,6.370000000000000000e+02
5.749572849273681641e+01,6.380000000000000000e+02
5.757108926773071289e+01,6.390000000000000000e+02
5.764643168449401855e+01,6.400000000000000000e+02
5.771964311599731445e+01,6.410000000000000000e+02
5.779494380950927734e+01,6.420000000000000000e+02
5.786998581886291504e+01,6.430000000000000000e+02
5.794500732421875000e+01,6.440000000000000000e+02
5.816786766052246094e+01,6.450000000000000000e+02
5.824310469627380371e+01,6.460000000000000000e+02
5.831843233108520508e+01,6.470000000000000000e+02
5.839417266845703125e+01,6.480000000000000000e+02
5.847001957893371582e+01,6.490000000000000000e+02
5.854632306098937988e+01,6.500000000000000000e+02
5.862162303924560547e+01,6.510000000000000000e+02
5.869696021080017090e+01,6.520000000000000000e+02
5.877218174934387207e+01,6.530000000000000000e+02
5.884732460975646973e+01,6.540000000000000000e+02
5.892328953742980957e+01,6.550000000000000000e+02
5.900182008743286133e+01,6.560000000000000000e+02
5.908060050010681152e+01,6.570000000000000000e+02
5.923070979118347168e+01,6.580000000000000000e+02
5.937881135940551758e+01,6.590000000000000000e+02
5.945428419113159180e+01,6.600000000000000000e+02
5.952963232994079590e+01,6.610000000000000000e+02
5.960490059852600098e+01,6.620000000000000000e+02
5.968011426925659180e+01,6.630000000000000000e+02
5.975537776947021484e+01,6.640000000000000000e+02
5.983093428611755371e+01,6.650000000000000000e+02
5.990699505805969238e+01,6.660000000000000000e+02
5.998244524002075195e+01,6.670000000000000000e+02
6.005780339241027832e+01,6.680000000000000000e+02
7.624149322509765625e-02,1.000000000000000000e+00
2.668337821960449219e-01,2.000000000000000000e+00
3.426992893218994141e-01,3.000000000000000000e+00
4.195005893707275391e-01,4.000000000000000000e+00
4.952178001403808594e-01,5.000000000000000000e+00
5.711297988891601562e-01,6.000000000000000000e+00
6.533553600311279297e-01,7.000000000000000000e+00
7.289190292358398438e-01,8.000000000000000000e+00
8.039538860321044922e-01,9.000000000000000000e+00
8.789048194885253906e-01,1.000000000000000000e+01
9.581937789916992188e-01,1.100000000000000000e+01
1.031054019927978516e+00,1.200000000000000000e+01
1.109457254409790039e+00,1.300000000000000000e+01
1.183351516723632812e+00,1.400000000000000000e+01
1.259609222412109375e+00,1.500000000000000000e+01
1.337677001953125000e+00,1.600000000000000000e+01
1.411860704421997070e+00,1.700000000000000000e+01
1.486121416091918945e+00,1.800000000000000000e+01
1.563136816024780273e+00,1.900000000000000000e+01
1.712110042572021484e+00,2.000000000000000000e+01
1.789742469787597656e+00,2.100000000000000000e+01
1.865335702896118164e+00,2.200000000000000000e+01
1.940688848495483398e+00,2.300000000000000000e+01
2.015604257583618164e+00,2.400000000000000000e+01
2.090525865554809570e+00,2.500000000000000000e+01
2.165577411651611328e+00,2.600000000000000000e+01
2.313897609710693359e+00,2.700000000000000000e+01
2.505409002304077148e+00,2.800000000000000000e+01
2.580749750137329102e+00,2.900000000000000000e+01
2.656103610992431641e+00,3.000000000000000000e+01
2.731510639190673828e+00,3.100000000000000000e+01
2.807444572448730469e+00,3.200000000000000000e+01
2.883971214294433594e+00,3.300000000000000000e+01
2.959476232528686523e+00,3.400000000000000000e+01
3.034956455230712891e+00,3.500000000000000000e+01
3.110394477844238281e+00,3.600000000000000000e+01
3.185854196548461914e+00,3.700000000000000000e+01
3.261332750320434570e+00,3.800000000000000000e+01
3.337400436401367188e+00,3.900000000000000000e+01
3.413305521011352539e+00,4.000000000000000000e+01
3.488575935363769531e+00,4.100000000000000000e+01
3.564334630966186523e+00,4.200000000000000000e+01
3.640126943588256836e+00,4.300000000000000000e+01
3.715646028518676758e+00,4.400000000000000000e+01
3.790989160537719727e+00,4.500000000000000000e+01
3.866334199905395508e+00,4.600000000000000000e+01
3.942495346069335938e+00,4.700000000000000000e+01
4.019032001495361328e+00,4.800000000000000000e+01
4.094651222229003906e+00,4.900000000000000000e+01
4.170268297195434570e+00,5.000000000000000000e+01
4.246181964874267578e+00,5.100000000000000000e+01
4.322535753250122070e+00,5.200000000000000000e+01
4.398738622665405273e+00,5.300000000000000000e+01
4.474011898040771484e+00,5.400000000000000000e+01
4.549271583557128906e+00,5.500000000000000000e+01
4.624593019485473633e+00,5.600000000000000000e+01
4.699868917465209961e+00,5.700000000000000000e+01
4.775292873382568359e+00,5.800000000000000000e+01
4.850665092468261719e+00,5.900000000000000000e+01
4.926294803619384766e+00,6.000000000000000000e+01
5.001528739929199219e+00,6.100000000000000000e+01
5.076843738555908203e+00,6.200000000000000000e+01
5.152050971984863281e+00,6.300000000000000000e+01
5.227605581283569336e+00,6.400000000000000000e+01
5.301265716552734375e+00,6.500000000000000000e+01
5.383125543594360352e+00,6.600000000000000000e+01
5.460644245147705078e+00,6.700000000000000000e+01
5.618779659271240234e+00,6.800000000000000000e+01
5.701402187347412109e+00,6.900000000000000000e+01
5.785753726959228516e+00,7.000000000000000000e+01
5.882846593856811523e+00,7.100000000000000000e+01
5.963744163513183594e+00,7.200000000000000000e+01
6.075018405914306641e+00,7.300000000000000000e+01
6.149869203567504883e+00,7.400000000000000000e+01
6.225165367126464844e+00,7.500000000000000000e+01
6.300249099731445312e+00,7.600000000000000000e+01
6.381545066833496094e+00,7.700000000000000000e+01
6.461474180221557617e+00,7.800000000000000000e+01
6.556374788284301758e+00,7.900000000000000000e+01
6.651391506195068359e+00,8.000000000000000000e+01
6.729839086532592773e+00,8.100000000000000000e+01
6.810020685195922852e+00,8.200000000000000000e+01
6.896822929382324219e+00,8.300000000000000000e+01
6.996985197067260742e+00,8.400000000000000000e+01
7.076669216156005859e+00,8.500000000000000000e+01
7.160664081573486328e+00,8.600000000000000000e+01
7.249532699584960938e+00,8.700000000000000000e+01
7.338346481323242188e+00,8.800000000000000000e+01
7.426223993301391602e+00,8.900000000000000000e+01
7.538854360580444336e+00,9.000000000000000000e+01
7.624124765396118164e+00,9.100000000000000000e+01
7.697865724563598633e+00,9.200000000000000000e+01
7.780802249908447266e+00,9.300000000000000000e+01
7.856216430664062500e+00,9.400000000000000000e+01
7.933580875396728516e+00,9.500000000000000000e+01
8.011134624481201172e+00,9.600000000000000000e+01
8.160209894180297852e+00,9.700000000000000000e+01
8.235297441482543945e+00,9.800000000000000000e+01
8.311412096023559570e+00,9.900000000000000000e+01
8.386344194412231445e+00,1.000000000000000000e+02
8.461137056350708008e+00,1.010000000000000000e+02
8.608907461166381836e+00,1.020000000000000000e+02
8.684250116348266602e+00,1.030000000000000000e+02
8.759556531906127930e+00,1.040000000000000000e+02
8.835283994674682617e+00,1.050000000000000000e+02
8.910622835159301758e+00,1.060000000000000000e+02
8.986067295074462891e+00,1.070000000000000000e+02
9.061470746994018555e+00,1.080000000000000000e+02
9.136826276779174805e+00,1.090000000000000000e+02
9.212124824523925781e+00,1.100000000000000000e+02
9.287421703338623047e+00,1.110000000000000000e+02
9.362851619720458984e+00,1.120000000000000000e+02
9.438174962997436523e+00,1.130000000000000000e+02
9.511320829391479492e+00,1.140000000000000000e+02
9.586620330810546875e+00,1.150000000000000000e+02
9.661967515945434570e+00,1.160000000000000000e+02
9.735115289688110352e+00,1.170000000000000000e+02
9.811122894287109375e+00,1.180000000000000000e+02
9.885936021804809570e+00,1.190000000000000000e+02
9.960707426071166992e+00,1.200000000000000000e+02
1.003559732437133789e+01,1.210000000000000000e+02
1.018321204185485840e+01,1.220000000000000000e+02
1.025846409797668457e+01,1.230000000000000000e+02
1.033441543579101562e+01,1.240000000000000000e+02
1.040992665290832520e+01,1.250000000000000000e+02
1.048519325256347656e+01,1.260000000000000000e+02
1.056048417091369629e+01,1.270000000000000000e+02
1.063566422462463379e+01,1.280000000000000000e+02
1.071089267730712891e+01,1.290000000000000000e+02
1.078610610961914062e+01,1.300000000000000000e+02
1.085936117172241211e+01,1.310000000000000000e+02
1.093473029136657715e+01,1.320000000000000000e+02
1.101003146171569824e+01,1.330000000000000000e+02
1.108521842956542969e+01,1.340000000000000000e+02
1.116044783592224121e+01,1.350000000000000000e+02
1.123361539840698242e+01,1.360000000000000000e+02
1.130977463722229004e+01,1.370000000000000000e+02
1.138472199440002441e+01,1.380000000000000000e+02
1.145953917503356934e+01,1.390000000000000000e+02
1.153435850143432617e+01,1.400000000000000000e+02
1.168189668655395508e+01,1.410000000000000000e+02
1.175722241401672363e+01,1.420000000000000000e+02
1.183312535285949707e+01,1.430000000000000000e+02
1.190872836112976074e+01,1.440000000000000000e+02
1.198401403427124023e+01,1.450000000000000000e+02
1.205929756164550781e+01,1.460000000000000000e+02
1.213454484939575195e+01,1.470000000000000000e+02
1.220982456207275391e+01,1.480000000000000000e+02
1.228507113456726074e+01,1.490000000000000000e+02
1.236034941673278809e+01,1.500000000000000000e+02
1.243561005592346191e+01,1.510000000000000000e+02
1.251089477539062500e+01,1.520000000000000000e+02
1.258405041694641113e+01,1.530000000000000000e+02
1.265929245948791504e+01,1.540000000000000000e+02
1.273566913604736328e+01,1.550000000000000000e+02
1.281137228012084961e+01,1.560000000000000000e+02
1.288668894767761230e+01,1.570000000000000000e+02
1.296203351020812988e+01,1.580000000000000000e+02
1.303745293617248535e+01,1.590000000000000000e+02
1.311325836181640625e+01,1.600000000000000000e+02
1.318664431571960449e+01,1.610000000000000000e+02
1.326189017295837402e+01,1.620000000000000000e+02
1.333747863769531250e+01,1.630000000000000000e+02
1.355870461463928223e+01,1.640000000000000000e+02
1.363400030136108398e+01,1.650000000000000000e+02
1.370922183990478516e+01,1.660000000000000000e+02
1.378441715240478516e+01,1.670000000000000000e+02
1.385764670372009277e+01,1.680000000000000000e+02
1.393352317810058594e+01,1.690000000000000000e+02
1.400964736938476562e+01,1.700000000000000000e+02
1.408487606048583984e+01,1.710000000000000000e+02
1.416006445884704590e+01,1.720000000000000000e+02
1.423532462120056152e+01,1.730000000000000000e+02
1.431120848655700684e+01,1.740000000000000000e+02
1.438646912574768066e+01,1.750000000000000000e+02
1.446197223663330078e+01,1.760000000000000000e+02
1.453715062141418457e+01,1.770000000000000000e+02
1.461230754852294922e+01,1.780000000000000000e+02
1.469320011138916016e+01,1.790000000000000000e+02
1.484524369239807129e+01,1.800000000000000000e+02
1.492056775093078613e+01,1.810000000000000000e+02
1.499655461311340332e+01,1.820000000000000000e+02
1.507171988487243652e+01,1.830000000000000000e+02
1.514700388908386230e+01,1.840000000000000000e+02
1.522229933738708496e+01,1.850000000000000000e+02
1.530076456069946289e+01,1.860000000000000000e+02
1.537816953659057617e+01,1.870000000000000000e+02
1.552577853202819824e+01,1.880000000000000000e+02
1.560099339485168457e+01,1.890000000000000000e+02
1.567623496055603027e+01,1.900000000000000000e+02
1.575146007537841797e+01,1.910000000000000000e+02
1.582714486122131348e+01,1.920000000000000000e+02
1.590317845344543457e+01,1.930000000000000000e+02
1.597852802276611328e+01,1.940000000000000000e+02
1.605383443832397461e+01,1.950000000000000000e+02
1.612905216217041016e+01,1.960000000000000000e+02
1.620433998107910156e+01,1.970000000000000000e+02
1.627998113632202148e+01,1.980000000000000000e+02
1.635688471794128418e+01,1.990000000000000000e+02
1.643216419219970703e+01,2.000000000000000000e+02
1.650743269920349121e+01,2.010000000000000000e+02
1.658280229568481445e+01,2.020000000000000000e+02
1.665811920166015625e+01,2.030000000000000000e+02
1.673130726814270020e+01,2.040000000000000000e+02
1.680757427215576172e+01,2.050000000000000000e+02
1.688330078125000000e+01,2.060000000000000000e+02
1.695863103866577148e+01,2.070000000000000000e+02
1.703385639190673828e+01,2.080000000000000000e+02
1.710913252830505371e+01,2.090000000000000000e+02
1.718462681770324707e+01,2.100000000000000000e+02
1.725989246368408203e+01,2.110000000000000000e+02
1.733311796188354492e+01,2.120000000000000000e+02
1.740835261344909668e+01,2.130000000000000000e+02
1.748315787315368652e+01,2.140000000000000000e+02
1.755798578262329102e+01,2.150000000000000000e+02
1.770582008361816406e+01,2.160000000000000000e+02
1.778143548965454102e+01,2.170000000000000000e+02
1.785707926750183105e+01,2.180000000000000000e+02
1.793244791030883789e+01,2.190000000000000000e+02
1.800778460502624512e+01,2.200000000000000000e+02
1.808317327499389648e+01,2.210000000000000000e+02
1.815876364707946777e+01,2.220000000000000000e+02
1.823443412780761719e+01,2.230000000000000000e+02
1.830814504623413086e+01,2.240000000000000000e+02
1.838548922538757324e+01,2.250000000000000000e+02
1.846103024482727051e+01,2.260000000000000000e+02
1.853642582893371582e+01,2.270000000000000000e+02
1.861173343658447266e+01,2.280000000000000000e+02
1.868711090087890625e+01,2.290000000000000000e+02
1.876247501373291016e+01,2.300000000000000000e+02
1.883798289299011230e+01,2.310000000000000000e+02
1.891334962844848633e+01,2.320000000000000000e+02
1.898931741714477539e+01,2.330000000000000000e+02
1.906480240821838379e+01,2.340000000000000000e+02
1.914025998115539551e+01,2.350000000000000000e+02
1.921571087837219238e+01,2.360000000000000000e+02
1.929112029075622559e+01,2.370000000000000000e+02
1.936656093597412109e+01,2.380000000000000000e+02
1.944187998771667480e+01,2.390000000000000000e+02
1.951725745201110840e+01,2.400000000000000000e+02
1.959264087677001953e+01,2.410000000000000000e+02
1.966794872283935547e+01,2.420000000000000000e+02
1.974339270591735840e+01,2.430000000000000000e+02
1.981897997856140137e+01,2.440000000000000000e+02
1.989449095726013184e+01,2.450000000000000000e+02
1.996994972229003906e+01,2.460000000000000000e+02
2.004537439346313477e+01,2.470000000000000000e+02
2.012076544761657715e+01,2.480000000000000000e+02
2.019400000572204590e+01,2.490000000000000000e+02
2.026928520202636719e+01,2.500000000000000000e+02
2.034419131278991699e+01,2.510000000000000000e+02
2.041909670829772949e+01,2.520000000000000000e+02
2.064214754104614258e+01,2.530000000000000000e+02
2.071749973297119141e+01,2.540000000000000000e+02
2.079291224479675293e+01,2.550000000000000000e+02
2.086843180656433105e+01,2.560000000000000000e+02
2.094462299346923828e+01,2.570000000000000000e+02
2.102029609680175781e+01,2.580000000000000000e+02
2.109560990333557129e+01,2.590000000000000000e+02
2.117098355293273926e+01,2.600000000000000000e+02
2.124648594856262207e+01,2.610000000000000000e+02
2.132202410697937012e+01,2.620000000000000000e+02
2.139806175231933594e+01,2.630000000000000000e+02
2.147330570220947266e+01,2.640000000000000000e+02
2.154853153228759766e+01,2.650000000000000000e+02
2.162375116348266602e+01,2.660000000000000000e+02
2.169906854629516602e+01,2.670000000000000000e+02
2.177430510520935059e+01,2.680000000000000000e+02
2.184954953193664551e+01,2.690000000000000000e+02
2.192538905143737793e+01,2.700000000000000000e+02
2.200104165077209473e+01,2.710000000000000000e+02
2.207628917694091797e+01,2.720000000000000000e+02
2.215149641036987305e+01,2.730000000000000000e+02
2.222674870491027832e+01,2.740000000000000000e+02
2.230353450775146484e+01,2.750000000000000000e+02
2.239594960212707520e+01,2.760000000000000000e+02
2.246889781951904297e+01,2.770000000000000000e+02
2.254208016395568848e+01,2.780000000000000000e+02
2.261522626876831055e+01,2.790000000000000000e+02
2.269040608406066895e+01,2.800000000000000000e+02
2.276527810096740723e+01,2.810000000000000000e+02
2.284017753601074219e+01,2.820000000000000000e+02
2.298786282539367676e+01,2.830000000000000000e+02
2.306315708160400391e+01,2.840000000000000000e+02
2.313852453231811523e+01,2.850000000000000000e+02
2.321408152580261230e+01,2.860000000000000000e+02
2.329012799263000488e+01,2.870000000000000000e+02
2.336542153358459473e+01,2.880000000000000000e+02
2.344076490402221680e+01,2.890000000000000000e+02
2.351607632637023926e+01,2.900000000000000000e+02
2.359140443801879883e+01,2.910000000000000000e+02
2.366670870780944824e+01,2.920000000000000000e+02
2.374222707748413086e+01,2.930000000000000000e+02
2.381773328781127930e+01,2.940000000000000000e+02
2.389313101768493652e+01,2.950000000000000000e+02
2.396840763092041016e+01,2.960000000000000000e+02
2.404367637634277344e+01,2.970000000000000000e+02
2.411888051033020020e+01,2.980000000000000000e+02
2.419414949417114258e+01,2.990000000000000000e+02
2.426933622360229492e+01,3.000000000000000000e+02
2.434489917755126953e+01,3.010000000000000000e+02
2.442170047760009766e+01,3.020000000000000000e+02
2.449704432487487793e+01,3.030000000000000000e+02
2.457222962379455566e+01,3.040000000000000000e+02
2.464740395545959473e+01,3.050000000000000000e+02
2.472257018089294434e+01,3.060000000000000000e+02
2.479982304573059082e+01,3.070000000000000000e+02
2.487538743019104004e+01,3.080000000000000000e+02
2.495074677467346191e+01,3.090000000000000000e+02
2.502591300010681152e+01,3.100000000000000000e+02
2.510123419761657715e+01,3.110000000000000000e+02
2.517644262313842773e+01,3.120000000000000000e+02
2.525245976448059082e+01,3.130000000000000000e+02
2.532847499847412109e+01,3.140000000000000000e+02
2.540391159057617188e+01,3.150000000000000000e+02
2.547927331924438477e+01,3.160000000000000000e+02
2.555465054512023926e+01,3.170000000000000000e+02
2.563000130653381348e+01,3.180000000000000000e+02
2.570314741134643555e+01,3.190000000000000000e+02
2.615119838714599609e+01,3.200000000000000000e+02
2.622650957107543945e+01,3.210000000000000000e+02
2.630447936058044434e+01,3.220000000000000000e+02
2.638249254226684570e+01,3.230000000000000000e+02
2.645731472969055176e+01,3.240000000000000000e+02
2.660494303703308105e+01,3.250000000000000000e+02
2.668031668663024902e+01,3.260000000000000000e+02
2.675589847564697266e+01,3.270000000000000000e+02
2.683132004737854004e+01,3.280000000000000000e+02
2.690743207931518555e+01,3.290000000000000000e+02
2.698283243179321289e+01,3.300000000000000000e+02
2.705828094482421875e+01,3.310000000000000000e+02
2.713381671905517578e+01,3.320000000000000000e+02
2.720925879478454590e+01,3.330000000000000000e+02
2.728455400466918945e+01,3.340000000000000000e+02
2.736006784439086914e+01,3.350000000000000000e+02
2.743554353713989258e+01,3.360000000000000000e+02
2.751088738441467285e+01,3.370000000000000000e+02
2.758611440658569336e+01,3.380000000000000000e+02
2.766140580177307129e+01,3.390000000000000000e+02
2.773665165901184082e+01,3.400000000000000000e+02
2.781234717369079590e+01,3.410000000000000000e+02
2.788555097579956055e+01,3.420000000000000000e+02
2.796081638336181641e+01,3.430000000000000000e+02
2.803400635719299316e+01,3.440000000000000000e+02
2.810923051834106445e+01,3.450000000000000000e+02
2.818408060073852539e+01,3.460000000000000000e+02
2.825890684127807617e+01,3.470000000000000000e+02
2.848218011856079102e+01,3.480000000000000000e+02
2.855734848976135254e+01,3.490000000000000000e+02
2.863251900672912598e+01,3.500000000000000000e+02
2.870759463310241699e+01,3.510000000000000000e+02
2.878279972076416016e+01,3.520000000000000000e+02
2.885799288749694824e+01,3.530000000000000000e+02
2.893370342254638672e+01,3.540000000000000000e+02
2.900945401191711426e+01,3.550000000000000000e+02
2.908466839790344238e+01,3.560000000000000000e+02
2.916033053398132324e+01,3.570000000000000000e+02
2.923604941368103027e+01,3.580000000000000000e+02
2.931240439414978027e+01,3.590000000000000000e+02
2.938795495033264160e+01,3.600000000000000000e+02
2.946357727050781250e+01,3.610000000000000000e+02
2.953922533988952637e+01,3.620000000000000000e+02
2.961471581459045410e+01,3.630000000000000000e+02
2.969009089469909668e+01,3.640000000000000000e+02
2.976553249359130859e+01,3.650000000000000000e+02
2.984544539451599121e+01,3.660000000000000000e+02
2.994329977035522461e+01,3.670000000000000000e+02
3.001651573181152344e+01,3.680000000000000000e+02
3.009174537658691406e+01,3.690000000000000000e+02
3.016654753684997559e+01,3.700000000000000000e+02
3.031723737716674805e+01,3.710000000000000000e+02
3.054011797904968262e+01,3.720000000000000000e+02
3.061544919013977051e+01,3.730000000000000000e+02
3.069080734252929688e+01,3.740000000000000000e+02
3.076623082160949707e+01,3.750000000000000000e+02
3.083944272994995117e+01,3.760000000000000000e+02
3.091481733322143555e+01,3.770000000000000000e+02
3.099036049842834473e+01,3.780000000000000000e+02
3.106573081016540527e+01,3.790000000000000000e+02
3.114107203483581543e+01,3.800000000000000000e+02
3.121642160415649414e+01,3.810000000000000000e+02
3.129190826416015625e+01,3.820000000000000000e+02
3.136768221855163574e+01,3.830000000000000000e+02
3.144357514381408691e+01,3.840000000000000000e+02
3.151945257186889648e+01,3.850000000000000000e+02
3.159484672546386719e+01,3.860000000000000000e+02
3.167010760307312012e+01,3.870000000000000000e+02
3.174544334411621094e+01,3.880000000000000000e+02
3.182084035873413086e+01,3.890000000000000000e+02
3.189724421501159668e+01,3.900000000000000000e+02
3.197253274917602539e+01,3.910000000000000000e+02
3.204784798622131348e+01,3.920000000000000000e+02
3.212317633628845215e+01,3.930000000000000000e+02
3.219875574111938477e+01,3.940000000000000000e+02
3.227190947532653809e+01,3.950000000000000000e+02
3.234725141525268555e+01,3.960000000000000000e+02
3.242209386825561523e+01,3.970000000000000000e+02
3.249692082405090332e+01,3.980000000000000000e+02
3.264461135864257812e+01,3.990000000000000000e+02
3.271998882293701172e+01,4.000000000000000000e+02
3.279563593864440918e+01,4.010000000000000000e+02
3.287133455276489258e+01,4.020000000000000000e+02
3.294729971885681152e+01,4.030000000000000000e+02
3.309865498542785645e+01,4.040000000000000000e+02
3.317424678802490234e+01,4.050000000000000000e+02
3.325005602836608887e+01,4.060000000000000000e+02
3.332669687271118164e+01,4.070000000000000000e+02
3.340472459793090820e+01,4.080000000000000000e+02
3.362834692001342773e+01,4.090000000000000000e+02
3.370405530929565430e+01,4.100000000000000000e+02
3.377953219413757324e+01,4.110000000000000000e+02
3.385487675666809082e+01,4.120000000000000000e+02
3.393119478225708008e+01,4.130000000000000000e+02
3.401014399528503418e+01,4.140000000000000000e+02
3.415768122673034668e+01,4.150000000000000000e+02
3.423302531242370605e+01,4.160000000000000000e+02
3.430920124053955078e+01,4.170000000000000000e+02
3.438526701927185059e+01,4.180000000000000000e+02
3.446065020561218262e+01,4.190000000000000000e+02
3.453604507446289062e+01,4.200000000000000000e+02
3.461139893531799316e+01,4.210000000000000000e+02
3.468685150146484375e+01,4.220000000000000000e+02
3.476213860511779785e+01,4.230000000000000000e+02
3.483804297447204590e+01,4.240000000000000000e+02
3.491413974761962891e+01,4.250000000000000000e+02
3.498959684371948242e+01,4.260000000000000000e+02
3.506485533714294434e+01,4.270000000000000000e+02
3.514011049270629883e+01,4.280000000000000000e+02
3.521539807319641113e+01,4.290000000000000000e+02
3.529066395759582520e+01,4.300000000000000000e+02
3.536590862274169922e+01,4.310000000000000000e+02
3.544129157066345215e+01,4.320000000000000000e+02
3.551656579971313477e+01,4.330000000000000000e+02
3.558976674079895020e+01,4.340000000000000000e+02
3.566511940956115723e+01,4.350000000000000000e+02
3.574040174484252930e+01,4.360000000000000000e+02
3.581399965286254883e+01,4.370000000000000000e+02
3.588932251930236816e+01,4.380000000000000000e+02
3.596418380737304688e+01,4.390000000000000000e+02
3.603904962539672852e+01,4.400000000000000000e+02
3.611383223533630371e+01,4.410000000000000000e+02
3.626150298118591309e+01,4.420000000000000000e+02
3.633704948425292969e+01,4.430000000000000000e+02
3.641338014602661133e+01,4.440000000000000000e+02
3.648875212669372559e+01,4.450000000000000000e+02
3.656404995918273926e+01,4.460000000000000000e+02
3.663937115669250488e+01,4.470000000000000000e+02
3.671485543251037598e+01,4.480000000000000000e+02
3.679016947746276855e+01,4.490000000000000000e+02
3.686555075645446777e+01,4.500000000000000000e+02
3.694120788574218750e+01,4.510000000000000000e+02
3.701444149017333984e+01,4.520000000000000000e+02
3.708759641647338867e+01,4.530000000000000000e+02
3.716300296783447266e+01,4.540000000000000000e+02
3.723619174957275391e+01,4.550000000000000000e+02
3.732141208648681641e+01,4.560000000000000000e+02
3.739493632316589355e+01,4.570000000000000000e+02
3.747113013267517090e+01,4.580000000000000000e+02
3.754432821273803711e+01,4.590000000000000000e+02
3.761745095252990723e+01,4.600000000000000000e+02
3.769277858734130859e+01,4.610000000000000000e+02
3.776599907875061035e+01,4.620000000000000000e+02
3.784164357185363770e+01,4.630000000000000000e+02
3.791655182838439941e+01,4.640000000000000000e+02
3.806673884391784668e+01,4.650000000000000000e+02
3.821427822113037109e+01,4.660000000000000000e+02
3.828966116905212402e+01,4.670000000000000000e+02
3.836506128311157227e+01,4.680000000000000000e+02
3.844044971466064453e+01,4.690000000000000000e+02
3.851586389541625977e+01,4.700000000000000000e+02
3.859127068519592285e+01,4.710000000000000000e+02
3.866668891906738281e+01,4.720000000000000000e+02
3.874204254150390625e+01,4.730000000000000000e+02
3.881779098510742188e+01,4.740000000000000000e+02
3.889336824417114258e+01,4.750000000000000000e+02
3.896875691413879395e+01,4.760000000000000000e+02
3.904421448707580566e+01,4.770000000000000000e+02
3.911951899528503418e+01,4.780000000000000000e+02
3.919489383697509766e+01,4.790000000000000000e+02
3.927018857002258301e+01,4.800000000000000000e+02
3.934331560134887695e+01,4.810000000000000000e+02
3.941879773139953613e+01,4.820000000000000000e+02
3.949422645568847656e+01,4.830000000000000000e+02
3.956964445114135742e+01,4.840000000000000000e+02
3.964300632476806641e+01,4.850000000000000000e+02
3.971829056739807129e+01,4.860000000000000000e+02
3.979316496849060059e+01,4.870000000000000000e+02
3.986809492111206055e+01,4.880000000000000000e+02
3.994449067115783691e+01,4.890000000000000000e+02
4.001944875717163086e+01,4.900000000000000000e+02
4.009434628486633301e+01,4.910000000000000000e+02
4.024193739891052246e+01,4.920000000000000000e+02
4.031776762008666992e+01,4.930000000000000000e+02
4.039323973655700684e+01,4.940000000000000000e+02
4.046862268447875977e+01,4.950000000000000000e+02
4.054394865036010742e+01,4.960000000000000000e+02
4.061923170089721680e+01,4.970000000000000000e+02
4.069444561004638672e+01,4.980000000000000000e+02
4.076976537704467773e+01,4.990000000000000000e+02
4.084516596794128418e+01,5.000000000000000000e+02
4.092044734954833984e+01,5.010000000000000000e+02
4.099691653251647949e+01,5.020000000000000000e+02
4.107208752632141113e+01,5.030000000000000000e+02
4.114730429649353027e+01,5.040000000000000000e+02
4.122278237342834473e+01,5.050000000000000000e+02
4.129963922500610352e+01,5.060000000000000000e+02
4.137520360946655273e+01,5.070000000000000000e+02
4.145054292678833008e+01,5.080000000000000000e+02
4.152579951286315918e+01,5.090000000000000000e+02
4.160106730461120605e+01,5.100000000000000000e+02
4.167630672454833984e+01,5.110000000000000000e+02
4.175250864028930664e+01,5.120000000000000000e+02
4.182949614524841309e+01,5.130000000000000000e+02
4.190502357482910156e+01,5.140000000000000000e+02
4.198059535026550293e+01,5.150000000000000000e+02
4.205608725547790527e+01,5.160000000000000000e+02
4.213154101371765137e+01,5.170000000000000000e+02
4.220688128471374512e+01,5.180000000000000000e+02
4.228221082687377930e+01,5.190000000000000000e+02
4.235750746726989746e+01,5.200000000000000000e+02
4.243277168273925781e+01,5.210000000000000000e+02
4.250814509391784668e+01,5.220000000000000000e+02
4.258336591720581055e+01,5.230000000000000000e+02
4.265869283676147461e+01,5.240000000000000000e+02
4.273394656181335449e+01,5.250000000000000000e+02
4.280995726585388184e+01,5.260000000000000000e+02
4.288538241386413574e+01,5.270000000000000000e+02
4.296068596839904785e+01,5.280000000000000000e+02
4.303583073616027832e+01,5.290000000000000000e+02
4.310897970199584961e+01,5.300000000000000000e+02
4.318422079086303711e+01,5.310000000000000000e+02
4.325901842117309570e+01,5.320000000000000000e+02
4.333388876914978027e+01,5.330000000000000000e+02
4.355679011344909668e+01,5.340000000000000000e+02
4.363206672668457031e+01,5.350000000000000000e+02
4.370734453201293945e+01,5.360000000000000000e+02
4.378262066841125488e+01,5.370000000000000000e+02
4.385798025131225586e+01,5.380000000000000000e+02
4.393469357490539551e+01,5.390000000000000000e+02
4.401119279861450195e+01,5.400000000000000000e+02
4.408693218231201172e+01,5.410000000000000000e+02
4.416252899169921875e+01,5.420000000000000000e+02
4.423834419250488281e+01,5.430000000000000000e+02
4.431412744522094727e+01,5.440000000000000000e+02
4.438987565040588379e+01,5.450000000000000000e+02
4.446539831161499023e+01,5.460000000000000000e+02
4.454079031944274902e+01,5.470000000000000000e+02
4.461640262603759766e+01,5.480000000000000000e+02
4.469217991828918457e+01,5.490000000000000000e+02
4.476788020133972168e+01,5.500000000000000000e+02
4.484422206878662109e+01,5.510000000000000000e+02
4.491983079910278320e+01,5.520000000000000000e+02
4.522232294082641602e+01,5.530000000000000000e+02
4.537829113006591797e+01,5.540000000000000000e+02
4.545322513580322266e+01,5.550000000000000000e+02
4.552812838554382324e+01,5.560000000000000000e+02
4.567583155632019043e+01,5.570000000000000000e+02
4.575110721588134766e+01,5.580000000000000000e+02
4.582661271095275879e+01,5.590000000000000000e+02
4.590264701843261719e+01,5.600000000000000000e+02
4.597790026664733887e+01,5.610000000000000000e+02
4.605317163467407227e+01,5.620000000000000000e+02
4.612832832336425781e+01,5.630000000000000000e+02
4.620346617698669434e+01,5.640000000000000000e+02
4.627903199195861816e+01,5.650000000000000000e+02
4.635531616210937500e+01,5.660000000000000000e+02
4.643124055862426758e+01,5.670000000000000000e+02
4.650657534599304199e+01,5.680000000000000000e+02
4.658200287818908691e+01,5.690000000000000000e+02
4.665725898742675781e+01,5.700000000000000000e+02
4.673257660865783691e+01,5.710000000000000000e+02
4.680843234062194824e+01,5.720000000000000000e+02
4.688432574272155762e+01,5.730000000000000000e+02
4.695951247215270996e+01,5.740000000000000000e+02
4.703467559814453125e+01,5.750000000000000000e+02
4.710990333557128906e+01,5.760000000000000000e+02
4.718513226509094238e+01,5.770000000000000000e+02
4.726034641265869141e+01,5.780000000000000000e+02
4.733590912818908691e+01,5.790000000000000000e+02
4.741152858734130859e+01,5.800000000000000000e+02
4.748667049407958984e+01,5.810000000000000000e+02
4.756187176704406738e+01,5.820000000000000000e+02
4.763709235191345215e+01,5.830000000000000000e+02
4.771236586570739746e+01,5.840000000000000000e+02
4.778556609153747559e+01,5.850000000000000000e+02
4.800728416442871094e+01,5.860000000000000000e+02
4.808255767822265625e+01,5.870000000000000000e+02
4.815783619880676270e+01,5.880000000000000000e+02
4.823313879966735840e+01,5.890000000000000000e+02
4.830913281440734863e+01,5.900000000000000000e+02
4.838502311706542969e+01,5.910000000000000000e+02
4.846040487289428711e+01,5.920000000000000000e+02
4.853578448295593262e+01,5.930000000000000000e+02
4.861123657226562500e+01,5.940000000000000000e+02
4.868651580810546875e+01,5.950000000000000000e+02
4.876179838180541992e+01,5.960000000000000000e+02
4.883707189559936523e+01,5.970000000000000000e+02
4.891234159469604492e+01,5.980000000000000000e+02
4.898769378662109375e+01,5.990000000000000000e+02
4.906316423416137695e+01,6.000000000000000000e+02
4.913848233222961426e+01,6.010000000000000000e+02
4.921168136596679688e+01,6.020000000000000000e+02
4.928692984580993652e+01,6.030000000000000000e+02
4.936220598220825195e+01,6.040000000000000000e+02
4.943537116050720215e+01,6.050000000000000000e+02
4.951062440872192383e+01,6.060000000000000000e+02
4.958545613288879395e+01,6.070000000000000000e+02
4.966036391258239746e+01,6.080000000000000000e+02
4.980894708633422852e+01,6.090000000000000000e+02
4.988236689567565918e+01,6.100000000000000000e+02
4.995801496505737305e+01,6.110000000000000000e+02
5.003346014022827148e+01,6.120000000000000000e+02
5.010895538330078125e+01,6.130000000000000000e+02
5.018455862998962402e+01,6.140000000000000000e+02
5.026000618934631348e+01,6.150000000000000000e+02
5.033587503433227539e+01,6.160000000000000000e+02
5.041176772117614746e+01,6.170000000000000000e+02
5.048718070983886719e+01,6.180000000000000000e+02
5.056262397766113281e+01,6.190000000000000000e+02
5.063886785507202148e+01,6.200000000000000000e+02
5.071429419517517090e+01,6.210000000000000000e+02
5.078963565826416016e+01,6.220000000000000000e+02
5.086528611183166504e+01,6.230000000000000000e+02
5.094157814979553223e+01,6.240000000000000000e+02
5.101735591888427734e+01,6.250000000000000000e+02
5.109305500984191895e+01,6.260000000000000000e+02
5.116865515708923340e+01,6.270000000000000000e+02
5.124426698684692383e+01,6.280000000000000000e+02
5.131994009017944336e+01,6.290000000000000000e+02
5.139577817916870117e+01,6.300000000000000000e+02
5.146903562545776367e+01,6.310000000000000000e+02
5.154472112655639648e+01,6.320000000000000000e+02
5.162006831169128418e+01,6.330000000000000000e+02
5.169540095329284668e+01,6.340000000000000000e+02
5.177073693275451660e+01,6.350000000000000000e+02
5.184606838226318359e+01,6.360000000000000000e+02
5.192237067222595215e+01,6.370000000000000000e+02
5.199887967109680176e+01,6.380000000000000000e+02
5.207463765144348145e+01,6.390000000000000000e+02
5.214785885810852051e+01,6.400000000000000000e+02
5.222366595268249512e+01,6.410000000000000000e+02
5.229968285560607910e+01,6.420000000000000000e+02
5.237643957138061523e+01,6.430000000000000000e+02
5.245204305648803711e+01,6.440000000000000000e+02
5.252804470062255859e+01,6.450000000000000000e+02
5.260425639152526855e+01,6.460000000000000000e+02
5.267995524406433105e+01,6.470000000000000000e+02
5.275666546821594238e+01,6.480000000000000000e+02
5.283443975448608398e+01,6.490000000000000000e+02
5.292168331146240234e+01,6.500000000000000000e+02
5.299493479728698730e+01,6.510000000000000000e+02
5.306857705116271973e+01,6.520000000000000000e+02
5.314407014846801758e+01,6.530000000000000000e+02
5.321907830238342285e+01,6.540000000000000000e+02
5.329406619071960449e+01,6.550000000000000000e+02
5.336918449401855469e+01,6.560000000000000000e+02
5.344426679611206055e+01,6.570000000000000000e+02
5.366715669631958008e+01,6.580000000000000000e+02
5.374247407913208008e+01,6.590000000000000000e+02
5.381797266006469727e+01,6.600000000000000000e+02
5.389333748817443848e+01,6.610000000000000000e+02
5.396874666213989258e+01,6.620000000000000000e+02
5.404408025741577148e+01,6.630000000000000000e+02
5.411938571929931641e+01,6.640000000000000000e+02
5.419476914405822754e+01,6.650000000000000000e+02
5.427007365226745605e+01,6.660000000000000000e+02
5.434528040885925293e+01,6.670000000000000000e+02
5.442059564590454102e+01,6.680000000000000000e+02
5.449586367607116699e+01,6.690000000000000000e+02
5.457114815711975098e+01,6.700000000000000000e+02
5.464644241333007812e+01,6.710000000000000000e+02
5.472186803817749023e+01,6.720000000000000000e+02
5.479748344421386719e+01,6.730000000000000000e+02
5.487704014778137207e+01,6.740000000000000000e+02
5.495239186286926270e+01,6.750000000000000000e+02
5.502771306037902832e+01,6.760000000000000000e+02
5.510299682617187500e+01,6.770000000000000000e+02
5.517840504646301270e+01,6.780000000000000000e+02
5.525426006317138672e+01,6.790000000000000000e+02
5.533006191253662109e+01,6.800000000000000000e+02
5.540533614158630371e+01,6.810000000000000000e+02
5.548064446449279785e+01,6.820000000000000000e+02
5.555589342117309570e+01,6.830000000000000000e+02
5.563111519813537598e+01,6.840000000000000000e+02
5.570641899108886719e+01,6.850000000000000000e+02
5.578176140785217285e+01,6.860000000000000000e+02
5.585715842247009277e+01,6.870000000000000000e+02
5.593243241310119629e+01,6.880000000000000000e+02
5.600775384902954102e+01,6.890000000000000000e+02
5.608301901817321777e+01,6.900000000000000000e+02
5.615828371047973633e+01,6.910000000000000000e+02
5.623356032371520996e+01,6.920000000000000000e+02
5.638307905197143555e+01,6.930000000000000000e+02
5.645793533325195312e+01,6.940000000000000000e+02
5.653282928466796875e+01,6.950000000000000000e+02
5.660762906074523926e+01,6.960000000000000000e+02
5.675563406944274902e+01,6.970000000000000000e+02
5.683089399337768555e+01,6.980000000000000000e+02
5.690612530708312988e+01,6.990000000000000000e+02
5.698135399818420410e+01,7.000000000000000000e+02
5.705652451515197754e+01,7.010000000000000000e+02
5.713178205490112305e+01,7.020000000000000000e+02
5.720693874359130859e+01,7.030000000000000000e+02
5.728208684921264648e+01,7.040000000000000000e+02
5.735734486579895020e+01,7.050000000000000000e+02
5.743258643150329590e+01,7.060000000000000000e+02
5.750782942771911621e+01,7.070000000000000000e+02
5.758103299140930176e+01,7.080000000000000000e+02
5.765425229072570801e+01,7.090000000000000000e+02
5.772949981689453125e+01,7.100000000000000000e+02
5.780553817749023438e+01,7.110000000000000000e+02
5.788033866882324219e+01,7.120000000000000000e+02
5.795516943931579590e+01,7.130000000000000000e+02
5.803017139434814453e+01,7.140000000000000000e+02
5.817821884155273438e+01,7.150000000000000000e+02
5.825399756431579590e+01,7.160000000000000000e+02
5.832979464530944824e+01,7.170000000000000000e+02
5.840503358840942383e+01,7.180000000000000000e+02
5.848016738891601562e+01,7.190000000000000000e+02
5.855536437034606934e+01,7.200000000000000000e+02
5.863056182861328125e+01,7.210000000000000000e+02
5.870576834678649902e+01,7.220000000000000000e+02
5.878100609779357910e+01,7.230000000000000000e+02
5.885627079010009766e+01,7.240000000000000000e+02
5.893177294731140137e+01,7.250000000000000000e+02
5.900535535812377930e+01,7.260000000000000000e+02
5.908095908164978027e+01,7.270000000000000000e+02
5.915637135505676270e+01,7.280000000000000000e+02
5.923193430900573730e+01,7.290000000000000000e+02
5.930788040161132812e+01,7.300000000000000000e+02
5.938369965553283691e+01,7.310000000000000000e+02
5.945892429351806641e+01,7.320000000000000000e+02
5.953416681289672852e+01,7.330000000000000000e+02
5.960931468009948730e+01,7.340000000000000000e+02
5.968451714515686035e+01,7.350000000000000000e+02
5.975772619247436523e+01,7.360000000000000000e+02
5.983283543586730957e+01,7.370000000000000000e+02
5.990763831138610840e+01,7.380000000000000000e+02
5.998255825042724609e+01,7.390000000000000000e+02
7.482266426086425781e-02,1.000000000000000000e+00
1.496698856353759766e-01,2.000000000000000000e+00
2.654821872711181641e-01,3.000000000000000000e+00
3.402867317199707031e-01,4.000000000000000000e+00
4.151144027709960938e-01,5.000000000000000000e+00
5.664336681365966797e-01,6.000000000000000000e+00
6.498844623565673828e-01,7.000000000000000000e+00
7.236576080322265625e-01,8.000000000000000000e+00
8.007760047912597656e-01,9.000000000000000000e+00
8.761167526245117188e-01,1.000000000000000000e+01
9.513962268829345703e-01,1.100000000000000000e+01
1.027193784713745117e+00,1.200000000000000000e+01
1.104363441467285156e+00,1.300000000000000000e+01
1.184206962585449219e+00,1.400000000000000000e+01
1.260236740112304688e+00,1.500000000000000000e+01
1.340409755706787109e+00,1.600000000000000000e+01
1.421570539474487305e+00,1.700000000000000000e+01
1.495078086853027344e+00,1.800000000000000000e+01
1.571247339248657227e+00,1.900000000000000000e+01
1.649349451065063477e+00,2.000000000000000000e+01
1.725456953048706055e+00,2.100000000000000000e+01
1.807610273361206055e+00,2.200000000000000000e+01
1.883331298828125000e+00,2.300000000000000000e+01
1.959455490112304688e+00,2.400000000000000000e+01
2.034720897674560547e+00,2.500000000000000000e+01
2.257889270782470703e+00,2.600000000000000000e+01
2.333406925201416016e+00,2.700000000000000000e+01
2.408872127532958984e+00,2.800000000000000000e+01
2.484264612197875977e+00,2.900000000000000000e+01
2.559526205062866211e+00,3.000000000000000000e+01
2.634710788726806641e+00,3.100000000000000000e+01
2.712793588638305664e+00,3.200000000000000000e+01
2.791310787200927734e+00,3.300000000000000000e+01
2.938952922821044922e+00,3.400000000000000000e+01
3.014102697372436523e+00,3.500000000000000000e+01
3.089213132858276367e+00,3.600000000000000000e+01
3.164438724517822266e+00,3.700000000000000000e+01
3.240042924880981445e+00,3.800000000000000000e+01
3.315906524658203125e+00,3.900000000000000000e+01
3.391153812408447266e+00,4.000000000000000000e+01
3.466283082962036133e+00,4.100000000000000000e+01
3.541465520858764648e+00,4.200000000000000000e+01
3.616624593734741211e+00,4.300000000000000000e+01
3.691834688186645508e+00,4.400000000000000000e+01
3.767149209976196289e+00,4.500000000000000000e+01
3.842746734619140625e+00,4.600000000000000000e+01
3.918872117996215820e+00,4.700000000000000000e+01
3.994165182113647461e+00,4.800000000000000000e+01
4.069305419921875000e+00,4.900000000000000000e+01
4.144453287124633789e+00,5.000000000000000000e+01
4.220233678817749023e+00,5.100000000000000000e+01
4.296239376068115234e+00,5.200000000000000000e+01
4.372139215469360352e+00,5.300000000000000000e+01
4.447489261627197266e+00,5.400000000000000000e+01
4.522856950759887695e+00,5.500000000000000000e+01
4.598124027252197266e+00,5.600000000000000000e+01
4.673447608947753906e+00,5.700000000000000000e+01
4.748692035675048828e+00,5.800000000000000000e+01
4.821836709976196289e+00,5.900000000000000000e+01
4.897103786468505859e+00,6.000000000000000000e+01
4.972049236297607422e+00,6.100000000000000000e+01
5.046945810317993164e+00,6.200000000000000000e+01
5.270264148712158203e+00,6.300000000000000000e+01
5.346166610717773438e+00,6.400000000000000000e+01
5.428679227828979492e+00,6.500000000000000000e+01
5.502338171005249023e+00,6.600000000000000000e+01
5.594434976577758789e+00,6.700000000000000000e+01
5.700474262237548828e+00,6.800000000000000000e+01
5.786175251007080078e+00,6.900000000000000000e+01
5.867584228515625000e+00,7.000000000000000000e+01
5.964280605316162109e+00,7.100000000000000000e+01
6.051513910293579102e+00,7.200000000000000000e+01
6.162575006484985352e+00,7.300000000000000000e+01
6.238071918487548828e+00,7.400000000000000000e+01
6.324478626251220703e+00,7.500000000000000000e+01
6.405267953872680664e+00,7.600000000000000000e+01
6.488033533096313477e+00,7.700000000000000000e+01
6.562377452850341797e+00,7.800000000000000000e+01
6.729021549224853516e+00,7.900000000000000000e+01
6.813772916793823242e+00,8.000000000000000000e+01
6.916543006896972656e+00,8.100000000000000000e+01
6.930512905120849609e+00,8.200000000000000000e+01
7.014420032501220703e+00,8.300000000000000000e+01
7.106325626373291016e+00,8.400000000000000000e+01
7.205019474029541016e+00,8.500000000000000000e+01
7.298495054244995117e+00,8.600000000000000000e+01
7.385480642318725586e+00,8.700000000000000000e+01
7.458574771881103516e+00,8.800000000000000000e+01
7.536588668823242188e+00,8.900000000000000000e+01
7.616136074066162109e+00,9.000000000000000000e+01
7.692648649215698242e+00,9.100000000000000000e+01
7.771167755126953125e+00,9.200000000000000000e+01
7.856102228164672852e+00,9.300000000000000000e+01
7.938283681869506836e+00,9.400000000000000000e+01
8.016746997833251953e+00,9.500000000000000000e+01
8.092458963394165039e+00,9.600000000000000000e+01
8.170175790786743164e+00,9.700000000000000000e+01
8.243453741073608398e+00,9.800000000000000000e+01
8.316666603088378906e+00,9.900000000000000000e+01
8.467277288436889648e+00,1.000000000000000000e+02
8.615479946136474609e+00,1.010000000000000000e+02
8.691455125808715820e+00,1.020000000000000000e+02
8.770206212997436523e+00,1.030000000000000000e+02
8.997607469558715820e+00,1.040000000000000000e+02
9.148274898529052734e+00,1.050000000000000000e+02
9.447721719741821289e+00,1.060000000000000000e+02
9.523363113403320312e+00,1.070000000000000000e+02
9.599009037017822266e+00,1.080000000000000000e+02
9.674434185028076172e+00,1.090000000000000000e+02
9.750351428985595703e+00,1.100000000000000000e+02
9.826244831085205078e+00,1.110000000000000000e+02
9.902111053466796875e+00,1.120000000000000000e+02
9.977772951126098633e+00,1.130000000000000000e+02
1.005346202850341797e+01,1.140000000000000000e+02
1.012892174720764160e+01,1.150000000000000000e+02
1.020453143119812012e+01,1.160000000000000000e+02
1.028717350959777832e+01,1.170000000000000000e+02
1.051112174987792969e+01,1.180000000000000000e+02
1.058627915382385254e+01,1.190000000000000000e+02
1.088512945175170898e+01,1.200000000000000000e+02
1.096073460578918457e+01,1.210000000000000000e+02
1.103621459007263184e+01,1.220000000000000000e+02
1.111162161827087402e+01,1.230000000000000000e+02
1.118528389930725098e+01,1.240000000000000000e+02
1.126154208183288574e+01,1.250000000000000000e+02
1.133680200576782227e+01,1.260000000000000000e+02
1.141209387779235840e+01,1.270000000000000000e+02
1.148739790916442871e+01,1.280000000000000000e+02
1.156260776519775391e+01,1.290000000000000000e+02
1.163776850700378418e+01,1.300000000000000000e+02
1.171192646026611328e+01,1.310000000000000000e+02
1.178573083877563477e+01,1.320000000000000000e+02
1.185898923873901367e+01,1.330000000000000000e+02
1.193416976928710938e+01,1.340000000000000000e+02
1.200905156135559082e+01,1.350000000000000000e+02
1.215666127204895020e+01,1.360000000000000000e+02
1.223197960853576660e+01,1.370000000000000000e+02
1.230794477462768555e+01,1.380000000000000000e+02
1.238313841819763184e+01,1.390000000000000000e+02
1.245859098434448242e+01,1.400000000000000000e+02
1.253396010398864746e+01,1.410000000000000000e+02
1.260923337936401367e+01,1.420000000000000000e+02
1.268457841873168945e+01,1.430000000000000000e+02
1.275992369651794434e+01,1.440000000000000000e+02
1.283548069000244141e+01,1.450000000000000000e+02
1.291075801849365234e+01,1.460000000000000000e+02
1.298618817329406738e+01,1.470000000000000000e+02
1.306147694587707520e+01,1.480000000000000000e+02
1.313677334785461426e+01,1.490000000000000000e+02
1.321325135231018066e+01,1.500000000000000000e+02
1.329043436050415039e+01,1.510000000000000000e+02
1.336627483367919922e+01,1.520000000000000000e+02
1.344217109680175781e+01,1.530000000000000000e+02
1.351770591735839844e+01,1.540000000000000000e+02
1.359304451942443848e+01,1.550000000000000000e+02
1.366839385032653809e+01,1.560000000000000000e+02
1.374416995048522949e+01,1.570000000000000000e+02
1.381998944282531738e+01,1.580000000000000000e+02
1.389539122581481934e+01,1.590000000000000000e+02
1.397073316574096680e+01,1.600000000000000000e+02
1.404609656333923340e+01,1.610000000000000000e+02
1.412144017219543457e+01,1.620000000000000000e+02
1.419678950309753418e+01,1.630000000000000000e+02
1.427220416069030762e+01,1.640000000000000000e+02
1.434753918647766113e+01,1.650000000000000000e+02
1.442289996147155762e+01,1.660000000000000000e+02
1.449828457832336426e+01,1.670000000000000000e+02
1.457360816001892090e+01,1.680000000000000000e+02
1.464895606040954590e+01,1.690000000000000000e+02
1.472595763206481934e+01,1.700000000000000000e+02
1.489091515541076660e+01,1.710000000000000000e+02
1.496642351150512695e+01,1.720000000000000000e+02
1.504187250137329102e+01,1.730000000000000000e+02
1.511719655990600586e+01,1.740000000000000000e+02
1.519267749786376953e+01,1.750000000000000000e+02
1.526799535751342773e+01,1.760000000000000000e+02
1.534326243400573730e+01,1.770000000000000000e+02
1.541648340225219727e+01,1.780000000000000000e+02
1.549173474311828613e+01,1.790000000000000000e+02
1.556656765937805176e+01,1.800000000000000000e+02
1.564140319824218750e+01,1.810000000000000000e+02
1.571889209747314453e+01,1.820000000000000000e+02
1.579379177093505859e+01,1.830000000000000000e+02
1.586863660812377930e+01,1.840000000000000000e+02
1.601624083518981934e+01,1.850000000000000000e+02
1.608948016166687012e+01,1.860000000000000000e+02
1.616538071632385254e+01,1.870000000000000000e+02
1.624130201339721680e+01,1.880000000000000000e+02
1.631670093536376953e+01,1.890000000000000000e+02
1.639208292961120605e+01,1.900000000000000000e+02
1.646742463111877441e+01,1.910000000000000000e+02
1.654264092445373535e+01,1.920000000000000000e+02
1.661789131164550781e+01,1.930000000000000000e+02
1.669318079948425293e+01,1.940000000000000000e+02
1.676644086837768555e+01,1.950000000000000000e+02
1.684177780151367188e+01,1.960000000000000000e+02
1.699030590057373047e+01,1.970000000000000000e+02
1.706514787673950195e+01,1.980000000000000000e+02
1.714002370834350586e+01,1.990000000000000000e+02
1.729186153411865234e+01,2.000000000000000000e+02
1.736693429946899414e+01,2.010000000000000000e+02
1.751497173309326172e+01,2.020000000000000000e+02
1.759051346778869629e+01,2.030000000000000000e+02
1.766709184646606445e+01,2.040000000000000000e+02
1.774535489082336426e+01,2.050000000000000000e+02
1.789376831054687500e+01,2.060000000000000000e+02
1.796934890747070312e+01,2.070000000000000000e+02
1.804491782188415527e+01,2.080000000000000000e+02
1.812051177024841309e+01,2.090000000000000000e+02
1.819628429412841797e+01,2.100000000000000000e+02
1.834712171554565430e+01,2.110000000000000000e+02
1.842260980606079102e+01,2.120000000000000000e+02
1.849838852882385254e+01,2.130000000000000000e+02
1.857395482063293457e+01,2.140000000000000000e+02
1.864970040321350098e+01,2.150000000000000000e+02
1.872557234764099121e+01,2.160000000000000000e+02
1.880100989341735840e+01,2.170000000000000000e+02
1.887631201744079590e+01,2.180000000000000000e+02
1.895163297653198242e+01,2.190000000000000000e+02
1.902703499794006348e+01,2.200000000000000000e+02
1.910240769386291504e+01,2.210000000000000000e+02
1.917774009704589844e+01,2.220000000000000000e+02
1.925308394432067871e+01,2.230000000000000000e+02
1.932843184471130371e+01,2.240000000000000000e+02
1.940380573272705078e+01,2.250000000000000000e+02
1.947925877571105957e+01,2.260000000000000000e+02
1.955459713935852051e+01,2.270000000000000000e+02
1.962984848022460938e+01,2.280000000000000000e+02
1.970518827438354492e+01,2.290000000000000000e+02
1.978078079223632812e+01,2.300000000000000000e+02
1.985812306404113770e+01,2.310000000000000000e+02
1.993450665473937988e+01,2.320000000000000000e+02
2.001014494895935059e+01,2.330000000000000000e+02
2.008600449562072754e+01,2.340000000000000000e+02
2.016129183769226074e+01,2.350000000000000000e+02
2.023700428009033203e+01,2.360000000000000000e+02
2.031337666511535645e+01,2.370000000000000000e+02
2.038871526718139648e+01,2.380000000000000000e+02
2.046407008171081543e+01,2.390000000000000000e+02
2.053941059112548828e+01,2.400000000000000000e+02
2.061475563049316406e+01,2.410000000000000000e+02
2.069059896469116211e+01,2.420000000000000000e+02
2.076650476455688477e+01,2.430000000000000000e+02
2.084249901771545410e+01,2.440000000000000000e+02
2.091777873039245605e+01,2.450000000000000000e+02
2.099299263954162598e+01,2.460000000000000000e+02
2.106825947761535645e+01,2.470000000000000000e+02
2.114360308647155762e+01,2.480000000000000000e+02
2.121999645233154297e+01,2.490000000000000000e+02
2.129346394538879395e+01,2.500000000000000000e+02
2.136886930465698242e+01,2.510000000000000000e+02
2.144457435607910156e+01,2.520000000000000000e+02
2.152034115791320801e+01,2.530000000000000000e+02
2.159637236595153809e+01,2.540000000000000000e+02
2.167205810546875000e+01,2.550000000000000000e+02
2.174760317802429199e+01,2.560000000000000000e+02
2.182330060005187988e+01,2.570000000000000000e+02
2.189915871620178223e+01,2.580000000000000000e+02
2.197497439384460449e+01,2.590000000000000000e+02
2.205073285102844238e+01,2.600000000000000000e+02
2.212650084495544434e+01,2.610000000000000000e+02
2.220213556289672852e+01,2.620000000000000000e+02
2.227818512916564941e+01,2.630000000000000000e+02
2.235402417182922363e+01,2.640000000000000000e+02
2.242985057830810547e+01,2.650000000000000000e+02
2.250578761100769043e+01,2.660000000000000000e+02
2.258155822753906250e+01,2.670000000000000000e+02
2.265694713592529297e+01,2.680000000000000000e+02
2.273341655731201172e+01,2.690000000000000000e+02
2.280736732482910156e+01,2.700000000000000000e+02
2.288338780403137207e+01,2.710000000000000000e+02
2.295957088470458984e+01,2.720000000000000000e+02
2.303558158874511719e+01,2.730000000000000000e+02
2.310893845558166504e+01,2.740000000000000000e+02
2.318492507934570312e+01,2.750000000000000000e+02
2.326097273826599121e+01,2.760000000000000000e+02
2.333695840835571289e+01,2.770000000000000000e+02
2.341285300254821777e+01,2.780000000000000000e+02
2.348858618736267090e+01,2.790000000000000000e+02
2.356420707702636719e+01,2.800000000000000000e+02
2.363967442512512207e+01,2.810000000000000000e+02
2.371622395515441895e+01,2.820000000000000000e+02
2.379277801513671875e+01,2.830000000000000000e+02
2.386621546745300293e+01,2.840000000000000000e+02
2.394165086746215820e+01,2.850000000000000000e+02
2.401704263687133789e+01,2.860000000000000000e+02
2.409228038787841797e+01,2.870000000000000000e+02
2.416760945320129395e+01,2.880000000000000000e+02
2.424078559875488281e+01,2.890000000000000000e+02
2.431602787971496582e+01,2.900000000000000000e+02
2.439083385467529297e+01,2.910000000000000000e+02
2.446578884124755859e+01,2.920000000000000000e+02
2.461341381072998047e+01,2.930000000000000000e+02
2.468880152702331543e+01,2.940000000000000000e+02
2.476418137550354004e+01,2.950000000000000000e+02
2.483961057662963867e+01,2.960000000000000000e+02
2.491500782966613770e+01,2.970000000000000000e+02
2.499047303199768066e+01,2.980000000000000000e+02
2.506586861610412598e+01,2.990000000000000000e+02
2.514128017425537109e+01,3.000000000000000000e+02
2.521734404563903809e+01,3.010000000000000000e+02
2.529338693618774414e+01,3.020000000000000000e+02
2.536872863769531250e+01,3.030000000000000000e+02
2.544409036636352539e+01,3.040000000000000000e+02
2.551952219009399414e+01,3.050000000000000000e+02
2.559500122070312500e+01,3.060000000000000000e+02
2.567045736312866211e+01,3.070000000000000000e+02
2.574655580520629883e+01,3.080000000000000000e+02
2.582332086563110352e+01,3.090000000000000000e+02
2.589898610115051270e+01,3.100000000000000000e+02
2.597478246688842773e+01,3.110000000000000000e+02
2.605038905143737793e+01,3.120000000000000000e+02
2.612617468833923340e+01,3.130000000000000000e+02
2.620202231407165527e+01,3.140000000000000000e+02
2.627800655364990234e+01,3.150000000000000000e+02
2.635353422164916992e+01,3.160000000000000000e+02
2.642882323265075684e+01,3.170000000000000000e+02
2.650411701202392578e+01,3.180000000000000000e+02
2.657941555976867676e+01,3.190000000000000000e+02
2.665471506118774414e+01,3.200000000000000000e+02
2.673035335540771484e+01,3.210000000000000000e+02
2.680575942993164062e+01,3.220000000000000000e+02
2.688109183311462402e+01,3.230000000000000000e+02
2.695637941360473633e+01,3.240000000000000000e+02
2.703168678283691406e+01,3.250000000000000000e+02
2.710490679740905762e+01,3.260000000000000000e+02
2.718034410476684570e+01,3.270000000000000000e+02
2.725607037544250488e+01,3.280000000000000000e+02
2.733251142501831055e+01,3.290000000000000000e+02
2.740784215927124023e+01,3.300000000000000000e+02
2.748318099975585938e+01,3.310000000000000000e+02
2.755854058265686035e+01,3.320000000000000000e+02
2.763385796546936035e+01,3.330000000000000000e+02
2.770943355560302734e+01,3.340000000000000000e+02
2.778273057937622070e+01,3.350000000000000000e+02
2.785793614387512207e+01,3.360000000000000000e+02
2.793271136283874512e+01,3.370000000000000000e+02
2.800752592086791992e+01,3.380000000000000000e+02
2.815515375137329102e+01,3.390000000000000000e+02
2.823050928115844727e+01,3.400000000000000000e+02
2.830591535568237305e+01,3.410000000000000000e+02
2.838118171691894531e+01,3.420000000000000000e+02
2.845640063285827637e+01,3.430000000000000000e+02
2.853175568580627441e+01,3.440000000000000000e+02
2.860709285736083984e+01,3.450000000000000000e+02
2.868239974975585938e+01,3.460000000000000000e+02
2.875769042968750000e+01,3.470000000000000000e+02
2.883468770980834961e+01,3.480000000000000000e+02
2.891113352775573730e+01,3.490000000000000000e+02
2.898638820648193359e+01,3.500000000000000000e+02
2.906167054176330566e+01,3.510000000000000000e+02
2.913695240020751953e+01,3.520000000000000000e+02
2.921436619758605957e+01,3.530000000000000000e+02
2.929074001312255859e+01,3.540000000000000000e+02
2.936593627929687500e+01,3.550000000000000000e+02
2.944120359420776367e+01,3.560000000000000000e+02
2.951743435859680176e+01,3.570000000000000000e+02
2.959270215034484863e+01,3.580000000000000000e+02
2.966860389709472656e+01,3.590000000000000000e+02
2.974423432350158691e+01,3.600000000000000000e+02
2.981953740119934082e+01,3.610000000000000000e+02
2.989281249046325684e+01,3.620000000000000000e+02
2.996819972991943359e+01,3.630000000000000000e+02
3.004362368583679199e+01,3.640000000000000000e+02
3.011958479881286621e+01,3.650000000000000000e+02
3.019563651084899902e+01,3.660000000000000000e+02
3.027446937561035156e+01,3.670000000000000000e+02
3.050091123580932617e+01,3.680000000000000000e+02
3.057642221450805664e+01,3.690000000000000000e+02
3.065200018882751465e+01,3.700000000000000000e+02
3.072783470153808594e+01,3.710000000000000000e+02
3.080330467224121094e+01,3.720000000000000000e+02
3.087859201431274414e+01,3.730000000000000000e+02
3.095184946060180664e+01,3.740000000000000000e+02
3.102725672721862793e+01,3.750000000000000000e+02
3.110258126258850098e+01,3.760000000000000000e+02
3.117584252357482910e+01,3.770000000000000000e+02
3.125164461135864258e+01,3.780000000000000000e+02
3.132704210281372070e+01,3.790000000000000000e+02
3.140239048004150391e+01,3.800000000000000000e+02
3.147561287879943848e+01,3.810000000000000000e+02
3.155083036422729492e+01,3.820000000000000000e+02
3.162570714950561523e+01,3.830000000000000000e+02
3.170050597190856934e+01,3.840000000000000000e+02
3.184804773330688477e+01,3.850000000000000000e+02
3.192354655265808105e+01,3.860000000000000000e+02
3.199882483482360840e+01,3.870000000000000000e+02
3.207407069206237793e+01,3.880000000000000000e+02
3.214945435523986816e+01,3.890000000000000000e+02
3.222541499137878418e+01,3.900000000000000000e+02
3.230110740661621094e+01,3.910000000000000000e+02
3.237671566009521484e+01,3.920000000000000000e+02
3.245234632492065430e+01,3.930000000000000000e+02
3.252788949012756348e+01,3.940000000000000000e+02
3.260344624519348145e+01,3.950000000000000000e+02
3.267934036254882812e+01,3.960000000000000000e+02
3.275461435317993164e+01,3.970000000000000000e+02
3.282986974716186523e+01,3.980000000000000000e+02
3.290547657012939453e+01,3.990000000000000000e+02
3.298071241378784180e+01,4.000000000000000000e+02
3.305597329139709473e+01,4.010000000000000000e+02
3.313122630119323730e+01,4.020000000000000000e+02
3.320648121833801270e+01,4.030000000000000000e+02
3.328221964836120605e+01,4.040000000000000000e+02
3.335749578475952148e+01,4.050000000000000000e+02
3.343275809288024902e+01,4.060000000000000000e+02
3.350809001922607422e+01,4.070000000000000000e+02
3.358333587646484375e+01,4.080000000000000000e+02
3.365863704681396484e+01,4.090000000000000000e+02
3.373423171043395996e+01,4.100000000000000000e+02
3.381030726432800293e+01,4.110000000000000000e+02
3.388555097579956055e+01,4.120000000000000000e+02
3.396075034141540527e+01,4.130000000000000000e+02
3.403601288795471191e+01,4.140000000000000000e+02
3.410922551155090332e+01,4.150000000000000000e+02
3.418464589118957520e+01,4.160000000000000000e+02
3.425943922996520996e+01,4.170000000000000000e+02
3.441016244888305664e+01,4.180000000000000000e+02
3.448500609397888184e+01,4.190000000000000000e+02
3.463264465332031250e+01,4.200000000000000000e+02
3.471047687530517578e+01,4.210000000000000000e+02
3.478915309906005859e+01,4.220000000000000000e+02
3.486401200294494629e+01,4.230000000000000000e+02
3.501167654991149902e+01,4.240000000000000000e+02
3.508696627616882324e+01,4.250000000000000000e+02
3.516236495971679688e+01,4.260000000000000000e+02
3.523807239532470703e+01,4.270000000000000000e+02
3.531405186653137207e+01,4.280000000000000000e+02
3.538935756683349609e+01,4.290000000000000000e+02
3.546473884582519531e+01,4.300000000000000000e+02
3.553999567031860352e+01,4.310000000000000000e+02
3.561531710624694824e+01,4.320000000000000000e+02
3.569105553627014160e+01,4.330000000000000000e+02
3.576699542999267578e+01,4.340000000000000000e+02
3.584359622001647949e+01,4.350000000000000000e+02
3.591883826255798340e+01,4.360000000000000000e+02
3.599409890174865723e+01,4.370000000000000000e+02
3.606930685043334961e+01,4.380000000000000000e+02
3.614461231231689453e+01,4.390000000000000000e+02
3.622060132026672363e+01,4.400000000000000000e+02
3.629650640487670898e+01,4.410000000000000000e+02
3.637176656723022461e+01,4.420000000000000000e+02
3.644705629348754883e+01,4.430000000000000000e+02
3.652267813682556152e+01,4.440000000000000000e+02
3.659804296493530273e+01,4.450000000000000000e+02
3.667334485054016113e+01,4.460000000000000000e+02
3.674859309196472168e+01,4.470000000000000000e+02
3.682402348518371582e+01,4.480000000000000000e+02
3.689945673942565918e+01,4.490000000000000000e+02
3.697478866577148438e+01,4.500000000000000000e+02
3.705005741119384766e+01,4.510000000000000000e+02
3.712544107437133789e+01,4.520000000000000000e+02
3.720073556900024414e+01,4.530000000000000000e+02
3.727628040313720703e+01,4.540000000000000000e+02
3.735221004486083984e+01,4.550000000000000000e+02
3.742791128158569336e+01,4.560000000000000000e+02
3.750360870361328125e+01,4.570000000000000000e+02
3.757909512519836426e+01,4.580000000000000000e+02
3.765451025962829590e+01,4.590000000000000000e+02
3.773535132408142090e+01,4.600000000000000000e+02
3.781983137130737305e+01,4.610000000000000000e+02
3.789283728599548340e+01,4.620000000000000000e+02
3.796815252304077148e+01,4.630000000000000000e+02
3.804313421249389648e+01,4.640000000000000000e+02
3.811808156967163086e+01,4.650000000000000000e+02
3.834125304222106934e+01,4.660000000000000000e+02
3.841681957244873047e+01,4.670000000000000000e+02
3.849224925041198730e+01,4.680000000000000000e+02
3.856769251823425293e+01,4.690000000000000000e+02
3.864308357238769531e+01,4.700000000000000000e+02
3.871925449371337891e+01,4.710000000000000000e+02
3.879554295539855957e+01,4.720000000000000000e+02
3.887170720100402832e+01,4.730000000000000000e+02
3.894714331626892090e+01,4.740000000000000000e+02
3.902257609367370605e+01,4.750000000000000000e+02
3.909799265861511230e+01,4.760000000000000000e+02
3.917330861091613770e+01,4.770000000000000000e+02
3.924904203414916992e+01,4.780000000000000000e+02
3.932497072219848633e+01,4.790000000000000000e+02
3.940047717094421387e+01,4.800000000000000000e+02
3.947602725028991699e+01,4.810000000000000000e+02
3.955151176452636719e+01,4.820000000000000000e+02
3.962707448005676270e+01,4.830000000000000000e+02
3.970260000228881836e+01,4.840000000000000000e+02
3.977814483642578125e+01,4.850000000000000000e+02
3.985486197471618652e+01,4.860000000000000000e+02
3.993622374534606934e+01,4.870000000000000000e+02
4.001129078865051270e+01,4.880000000000000000e+02
4.008634257316589355e+01,4.890000000000000000e+02
4.016138315200805664e+01,4.900000000000000000e+02
4.023717522621154785e+01,4.910000000000000000e+02
4.031220793724060059e+01,4.920000000000000000e+02
4.046005105972290039e+01,4.930000000000000000e+02
4.053540802001953125e+01,4.940000000000000000e+02
4.061071610450744629e+01,4.950000000000000000e+02
4.068613934516906738e+01,4.960000000000000000e+02
4.076209521293640137e+01,4.970000000000000000e+02
4.083748555183410645e+01,4.980000000000000000e+02
4.091285943984985352e+01,4.990000000000000000e+02
4.098814272880554199e+01,5.000000000000000000e+02
4.106345772743225098e+01,5.010000000000000000e+02
4.113891553878784180e+01,5.020000000000000000e+02
4.121598768234252930e+01,5.030000000000000000e+02
4.129185485839843750e+01,5.040000000000000000e+02
4.136722874641418457e+01,5.050000000000000000e+02
4.144251823425292969e+01,5.060000000000000000e+02
4.151778912544250488e+01,5.070000000000000000e+02
4.159298586845397949e+01,5.080000000000000000e+02
4.166893315315246582e+01,5.090000000000000000e+02
4.174481415748596191e+01,5.100000000000000000e+02
4.182014989852905273e+01,5.110000000000000000e+02
4.189550852775573730e+01,5.120000000000000000e+02
4.197075796127319336e+01,5.130000000000000000e+02
4.204611372947692871e+01,5.140000000000000000e+02
4.212149190902709961e+01,5.150000000000000000e+02
4.219678068161010742e+01,5.160000000000000000e+02
4.227219700813293457e+01,5.170000000000000000e+02
4.234759831428527832e+01,5.180000000000000000e+02
4.242283821105957031e+01,5.190000000000000000e+02
4.249812769889831543e+01,5.200000000000000000e+02
4.257345509529113770e+01,5.210000000000000000e+02
4.264874696731567383e+01,5.220000000000000000e+02
4.272454977035522461e+01,5.230000000000000000e+02
4.279985427856445312e+01,5.240000000000000000e+02
4.287519836425781250e+01,5.250000000000000000e+02
4.294845318794250488e+01,5.260000000000000000e+02
4.302375936508178711e+01,5.270000000000000000e+02
4.309865331649780273e+01,5.280000000000000000e+02
4.317351555824279785e+01,5.290000000000000000e+02
4.339660644531250000e+01,5.300000000000000000e+02
4.347197771072387695e+01,5.310000000000000000e+02
4.354731512069702148e+01,5.320000000000000000e+02
4.362281179428100586e+01,5.330000000000000000e+02
4.369815444946289062e+01,5.340000000000000000e+02
4.377421712875366211e+01,5.350000000000000000e+02
4.385179519653320312e+01,5.360000000000000000e+02
4.392999958992004395e+01,5.370000000000000000e+02
4.407785153388977051e+01,5.380000000000000000e+02
4.415313339233398438e+01,5.390000000000000000e+02
4.422886133193969727e+01,5.400000000000000000e+02
4.430446267127990723e+01,5.410000000000000000e+02
4.437981772422790527e+01,5.420000000000000000e+02
4.445517539978027344e+01,5.430000000000000000e+02
4.453056168556213379e+01,5.440000000000000000e+02
4.460588669776916504e+01,5.450000000000000000e+02
4.468134164810180664e+01,5.460000000000000000e+02
4.475672769546508789e+01,5.470000000000000000e+02
4.483264660835266113e+01,5.480000000000000000e+02
4.490867424011230469e+01,5.490000000000000000e+02
4.498413610458374023e+01,5.500000000000000000e+02
4.505952453613281250e+01,5.510000000000000000e+02
4.513485598564147949e+01,5.520000000000000000e+02
4.521510481834411621e+01,5.530000000000000000e+02
4.529343581199645996e+01,5.540000000000000000e+02
4.536826562881469727e+01,5.550000000000000000e+02
4.544327235221862793e+01,5.560000000000000000e+02
4.559122681617736816e+01,5.570000000000000000e+02
4.566686463356018066e+01,5.580000000000000000e+02
4.574301433563232422e+01,5.590000000000000000e+02
4.596949410438537598e+01,5.600000000000000000e+02
4.605096936225891113e+01,5.610000000000000000e+02
4.612584328651428223e+01,5.620000000000000000e+02
4.620073413848876953e+01,5.630000000000000000e+02
4.627562046051025391e+01,5.640000000000000000e+02
4.642324948310852051e+01,5.650000000000000000e+02
4.649860763549804688e+01,5.660000000000000000e+02
4.657390618324279785e+01,5.670000000000000000e+02
4.664920949935913086e+01,5.680000000000000000e+02
4.672494220733642578e+01,5.690000000000000000e+02
4.680026555061340332e+01,5.700000000000000000e+02
4.687548232078552246e+01,5.710000000000000000e+02
4.695099592208862305e+01,5.720000000000000000e+02
4.702632284164428711e+01,5.730000000000000000e+02
4.710156941413879395e+01,5.740000000000000000e+02
4.717683982849121094e+01,5.750000000000000000e+02
4.725218248367309570e+01,5.760000000000000000e+02
4.732747149467468262e+01,5.770000000000000000e+02
4.740272927284240723e+01,5.780000000000000000e+02
4.747799038887023926e+01,5.790000000000000000e+02
4.755324482917785645e+01,5.800000000000000000e+02
4.762852096557617188e+01,5.810000000000000000e+02
4.770391082763671875e+01,5.820000000000000000e+02
4.777968764305114746e+01,5.830000000000000000e+02
4.785589909553527832e+01,5.840000000000000000e+02
4.793156075477600098e+01,5.850000000000000000e+02
4.800725245475769043e+01,5.860000000000000000e+02
4.808296132087707520e+01,5.870000000000000000e+02
4.815871596336364746e+01,5.880000000000000000e+02
4.823498034477233887e+01,5.890000000000000000e+02
4.831117939949035645e+01,5.900000000000000000e+02
4.838699030876159668e+01,5.910000000000000000e+02
4.846287775039672852e+01,5.920000000000000000e+02
4.853857326507568359e+01,5.930000000000000000e+02
4.861454367637634277e+01,5.940000000000000000e+02
4.868798494338989258e+01,5.950000000000000000e+02
4.876357793807983398e+01,5.960000000000000000e+02
4.883974480628967285e+01,5.970000000000000000e+02
4.891538977622985840e+01,5.980000000000000000e+02
4.899096393585205078e+01,5.990000000000000000e+02
4.906668686866760254e+01,6.000000000000000000e+02
4.914231276512145996e+01,6.010000000000000000e+02
4.921914005279541016e+01,6.020000000000000000e+02
4.929561853408813477e+01,6.030000000000000000e+02
4.937171626091003418e+01,6.040000000000000000e+02
4.944703459739685059e+01,6.050000000000000000e+02
4.952243089675903320e+01,6.060000000000000000e+02
4.959778475761413574e+01,6.070000000000000000e+02
4.967321920394897461e+01,6.080000000000000000e+02
4.974921441078186035e+01,6.090000000000000000e+02
4.982458448410034180e+01,6.100000000000000000e+02
4.989994573593139648e+01,6.110000000000000000e+02
4.997533869743347168e+01,6.120000000000000000e+02
5.005066919326782227e+01,6.130000000000000000e+02
5.012596201896667480e+01,6.140000000000000000e+02
5.020127439498901367e+01,6.150000000000000000e+02
5.027657628059387207e+01,6.160000000000000000e+02
5.034980201721191406e+01,6.170000000000000000e+02
5.042506432533264160e+01,6.180000000000000000e+02
5.049988865852355957e+01,6.190000000000000000e+02
5.057473707199096680e+01,6.200000000000000000e+02
5.079845452308654785e+01,6.210000000000000000e+02
5.087411618232727051e+01,6.220000000000000000e+02
5.094942903518676758e+01,6.230000000000000000e+02
5.102269339561462402e+01,6.240000000000000000e+02
5.109799361228942871e+01,6.250000000000000000e+02
5.117325234413146973e+01,6.260000000000000000e+02
5.124856066703796387e+01,6.270000000000000000e+02
5.132414364814758301e+01,6.280000000000000000e+02
5.139957094192504883e+01,6.290000000000000000e+02
5.147495746612548828e+01,6.300000000000000000e+02
5.155031871795654297e+01,6.310000000000000000e+02
5.162565970420837402e+01,6.320000000000000000e+02
5.170101261138916016e+01,6.330000000000000000e+02
5.177652144432067871e+01,6.340000000000000000e+02
5.185209560394287109e+01,6.350000000000000000e+02
5.192814612388610840e+01,6.360000000000000000e+02
5.200344920158386230e+01,6.370000000000000000e+02
5.207876467704772949e+01,6.380000000000000000e+02
5.215407681465148926e+01,6.390000000000000000e+02
5.222958421707153320e+01,6.400000000000000000e+02
5.230566406250000000e+01,6.410000000000000000e+02
5.238130044937133789e+01,6.420000000000000000e+02
5.245651841163635254e+01,6.430000000000000000e+02
5.253187894821166992e+01,6.440000000000000000e+02
5.260716247558593750e+01,6.450000000000000000e+02
5.268039870262145996e+01,6.460000000000000000e+02
5.283211731910705566e+01,6.470000000000000000e+02
5.290696573257446289e+01,6.480000000000000000e+02
5.298169708251953125e+01,6.490000000000000000e+02
5.305656242370605469e+01,6.500000000000000000e+02
5.320432662963867188e+01,6.510000000000000000e+02
5.327984952926635742e+01,6.520000000000000000e+02
5.335531258583068848e+01,6.530000000000000000e+02
5.343072390556335449e+01,6.540000000000000000e+02
5.350606846809387207e+01,6.550000000000000000e+02
5.358141279220581055e+01,6.560000000000000000e+02
5.365679645538330078e+01,6.570000000000000000e+02
5.373791766166687012e+01,6.580000000000000000e+02
5.381865501403808594e+01,6.590000000000000000e+02
5.389216184616088867e+01,6.600000000000000000e+02
5.396767377853393555e+01,6.610000000000000000e+02
5.404264831542968750e+01,6.620000000000000000e+02
5.411767816543579102e+01,6.630000000000000000e+02
5.419277167320251465e+01,6.640000000000000000e+02
5.426773118972778320e+01,6.650000000000000000e+02
5.441537094116210938e+01,6.660000000000000000e+02
5.449074459075927734e+01,6.670000000000000000e+02
5.456605339050292969e+01,6.680000000000000000e+02
5.464138436317443848e+01,6.690000000000000000e+02
5.471737933158874512e+01,6.700000000000000000e+02
5.479365873336791992e+01,6.710000000000000000e+02
5.486918735504150391e+01,6.720000000000000000e+02
5.494458031654357910e+01,6.730000000000000000e+02
5.501983857154846191e+01,6.740000000000000000e+02
5.509510135650634766e+01,6.750000000000000000e+02
5.516902875900268555e+01,6.760000000000000000e+02
5.524429559707641602e+01,6.770000000000000000e+02
5.531965661048889160e+01,6.780000000000000000e+02
5.539500141143798828e+01,6.790000000000000000e+02
5.546825098991394043e+01,6.800000000000000000e+02
5.554351735115051270e+01,6.810000000000000000e+02
5.561671733856201172e+01,6.820000000000000000e+02
5.569200253486633301e+01,6.830000000000000000e+02
5.576688003540039062e+01,6.840000000000000000e+02
5.584167599678039551e+01,6.850000000000000000e+02
5.598932433128356934e+01,6.860000000000000000e+02
5.606452870368957520e+01,6.870000000000000000e+02
5.613973188400268555e+01,6.880000000000000000e+02
5.621672415733337402e+01,6.890000000000000000e+02
5.636830353736877441e+01,6.900000000000000000e+02
5.644372081756591797e+01,6.910000000000000000e+02
5.651943087577819824e+01,6.920000000000000000e+02
5.659525179862976074e+01,6.930000000000000000e+02
5.667084670066833496e+01,6.940000000000000000e+02
5.674642753601074219e+01,6.950000000000000000e+02
5.682233238220214844e+01,6.960000000000000000e+02
5.689837861061096191e+01,6.970000000000000000e+02
5.697403788566589355e+01,6.980000000000000000e+02
5.704966449737548828e+01,6.990000000000000000e+02
5.712304520606994629e+01,7.000000000000000000e+02
5.719866490364074707e+01,7.010000000000000000e+02
5.727438282966613770e+01,7.020000000000000000e+02
5.735006642341613770e+01,7.030000000000000000e+02
5.742569732666015625e+01,7.040000000000000000e+02
5.750129985809326172e+01,7.050000000000000000e+02
5.757695198059082031e+01,7.060000000000000000e+02
5.765260314941406250e+01,7.070000000000000000e+02
5.772824597358703613e+01,7.080000000000000000e+02
5.780406999588012695e+01,7.090000000000000000e+02
5.787976741790771484e+01,7.100000000000000000e+02
5.795529651641845703e+01,7.110000000000000000e+02
5.803101778030395508e+01,7.120000000000000000e+02
5.810671401023864746e+01,7.130000000000000000e+02
5.818243002891540527e+01,7.140000000000000000e+02
5.825877261161804199e+01,7.150000000000000000e+02
5.833405017852783203e+01,7.160000000000000000e+02
5.840990734100341797e+01,7.170000000000000000e+02
5.848534464836120605e+01,7.180000000000000000e+02
5.856071591377258301e+01,7.190000000000000000e+02
5.863606476783752441e+01,7.200000000000000000e+02
5.871387052536010742e+01,7.210000000000000000e+02
5.886883068084716797e+01,7.220000000000000000e+02
5.901683163642883301e+01,7.230000000000000000e+02
5.909239554405212402e+01,7.240000000000000000e+02
5.916826939582824707e+01,7.250000000000000000e+02
5.924398684501647949e+01,7.260000000000000000e+02
5.931989288330078125e+01,7.270000000000000000e+02
5.939525938034057617e+01,7.280000000000000000e+02
5.947059535980224609e+01,7.290000000000000000e+02
5.954586887359619141e+01,7.300000000000000000e+02
5.962120771408081055e+01,7.310000000000000000e+02
5.969712519645690918e+01,7.320000000000000000e+02
5.977410864830017090e+01,7.330000000000000000e+02
5.985314345359802246e+01,7.340000000000000000e+02
5.992810392379760742e+01,7.350000000000000000e+02
