time,packet_count
2.014544010162353516e-01,1.000000000000000000e+00
2.774336338043212891e-01,2.000000000000000000e+00
7.313375473022460938e-01,3.000000000000000000e+00
8.071577548980712891e-01,4.000000000000000000e+00
8.827238082885742188e-01,5.000000000000000000e+00
9.582643508911132812e-01,6.000000000000000000e+00
6.068934679031372070e+00,7.000000000000000000e+00
6.146769046783447266e+00,8.000000000000000000e+00
6.222589969635009766e+00,9.000000000000000000e+00
6.298125982284545898e+00,1.000000000000000000e+01
6.373422384262084961e+00,1.100000000000000000e+01
6.448767662048339844e+00,1.200000000000000000e+01
6.524178981781005859e+00,1.300000000000000000e+01
6.599505186080932617e+00,1.400000000000000000e+01
6.674798250198364258e+00,1.500000000000000000e+01
6.750091552734375000e+00,1.600000000000000000e+01
6.825586318969726562e+00,1.700000000000000000e+01
6.901084899902343750e+00,1.800000000000000000e+01
6.976747512817382812e+00,1.900000000000000000e+01
7.052428245544433594e+00,2.000000000000000000e+01
7.128654241561889648e+00,2.100000000000000000e+01
7.204073190689086914e+00,2.200000000000000000e+01
7.279595375061035156e+00,2.300000000000000000e+01
7.355224609375000000e+00,2.400000000000000000e+01
7.431313514709472656e+00,2.500000000000000000e+01
7.507485151290893555e+00,2.600000000000000000e+01
7.583108663558959961e+00,2.700000000000000000e+01
7.659211158752441406e+00,2.800000000000000000e+01
7.734688520431518555e+00,2.900000000000000000e+01
7.810202598571777344e+00,3.000000000000000000e+01
7.885780096054077148e+00,3.100000000000000000e+01
7.962049722671508789e+00,3.200000000000000000e+01
8.037596464157104492e+00,3.300000000000000000e+01
8.113052845001220703e+00,3.400000000000000000e+01
8.188407182693481445e+00,3.500000000000000000e+01
8.265082836151123047e+00,3.600000000000000000e+01
8.340531826019287109e+00,3.700000000000000000e+01
8.416050672531127930e+00,3.800000000000000000e+01
8.492238283157348633e+00,3.900000000000000000e+01
8.568356513977050781e+00,4.000000000000000000e+01
8.643776416778564453e+00,4.100000000000000000e+01
8.719577550888061523e+00,4.200000000000000000e+01
8.794899702072143555e+00,4.300000000000000000e+01
8.870534658432006836e+00,4.400000000000000000e+01
8.946021080017089844e+00,4.500000000000000000e+01
9.021530628204345703e+00,4.600000000000000000e+01
9.097294569015502930e+00,4.700000000000000000e+01
9.173513650894165039e+00,4.800000000000000000e+01
9.248948335647583008e+00,4.900000000000000000e+01
9.324289083480834961e+00,5.000000000000000000e+01
9.399592876434326172e+00,5.100000000000000000e+01
9.474960327148437500e+00,5.200000000000000000e+01
9.551343917846679688e+00,5.300000000000000000e+01
9.627086877822875977e+00,5.400000000000000000e+01
9.702609777450561523e+00,5.500000000000000000e+01
9.778516530990600586e+00,5.600000000000000000e+01
9.853984832763671875e+00,5.700000000000000000e+01
9.929527759552001953e+00,5.800000000000000000e+01
1.000568318367004395e+01,5.900000000000000000e+01
1.008207988739013672e+01,6.000000000000000000e+01
1.015813112258911133e+01,6.100000000000000000e+01
1.023363089561462402e+01,6.200000000000000000e+01
1.030907869338989258e+01,6.300000000000000000e+01
1.038463926315307617e+01,6.400000000000000000e+01
1.046011900901794434e+01,6.500000000000000000e+01
1.053572392463684082e+01,6.600000000000000000e+01
1.061112189292907715e+01,6.700000000000000000e+01
1.068660426139831543e+01,6.800000000000000000e+01
1.076202178001403809e+01,6.900000000000000000e+01
1.083747172355651855e+01,7.000000000000000000e+01
1.091948127746582031e+01,7.100000000000000000e+01
1.099913620948791504e+01,7.200000000000000000e+01
1.107558059692382812e+01,7.300000000000000000e+01
1.122408223152160645e+01,7.400000000000000000e+01
1.197653555870056152e+01,7.500000000000000000e+01
1.205232381820678711e+01,7.600000000000000000e+01
1.212822842597961426e+01,7.700000000000000000e+01
1.220366787910461426e+01,7.800000000000000000e+01
1.227902102470397949e+01,7.900000000000000000e+01
1.235440969467163086e+01,8.000000000000000000e+01
1.242984199523925781e+01,8.100000000000000000e+01
1.250530385971069336e+01,8.200000000000000000e+01
1.258079791069030762e+01,8.300000000000000000e+01
1.265686440467834473e+01,8.400000000000000000e+01
1.273232030868530273e+01,8.500000000000000000e+01
1.280780673027038574e+01,8.600000000000000000e+01
1.288334298133850098e+01,8.700000000000000000e+01
1.295875239372253418e+01,8.800000000000000000e+01
1.303414440155029297e+01,8.900000000000000000e+01
1.310958504676818848e+01,9.000000000000000000e+01
1.318507313728332520e+01,9.100000000000000000e+01
1.326054811477661133e+01,9.200000000000000000e+01
1.333603215217590332e+01,9.300000000000000000e+01
1.341151833534240723e+01,9.400000000000000000e+01
1.348699975013732910e+01,9.500000000000000000e+01
1.356316351890563965e+01,9.600000000000000000e+01
1.363883924484252930e+01,9.700000000000000000e+01
1.371425795555114746e+01,9.800000000000000000e+01
1.378964471817016602e+01,9.900000000000000000e+01
1.386499524116516113e+01,1.000000000000000000e+02
1.394031238555908203e+01,1.010000000000000000e+02
1.401586174964904785e+01,1.020000000000000000e+02
1.409248447418212891e+01,1.030000000000000000e+02
1.416869091987609863e+01,1.040000000000000000e+02
1.424492669105529785e+01,1.050000000000000000e+02
1.432081818580627441e+01,1.060000000000000000e+02
1.439612030982971191e+01,1.070000000000000000e+02
1.447145605087280273e+01,1.080000000000000000e+02
1.454675865173339844e+01,1.090000000000000000e+02
1.462205147743225098e+01,1.100000000000000000e+02
1.469808506965637207e+01,1.110000000000000000e+02
1.477340531349182129e+01,1.120000000000000000e+02
1.484869098663330078e+01,1.130000000000000000e+02
1.492402267456054688e+01,1.140000000000000000e+02
1.499925327301025391e+01,1.150000000000000000e+02
1.507453513145446777e+01,1.160000000000000000e+02
1.515003037452697754e+01,1.170000000000000000e+02
1.522531008720397949e+01,1.180000000000000000e+02
1.530062341690063477e+01,1.190000000000000000e+02
1.537595152854919434e+01,1.200000000000000000e+02
1.545109558105468750e+01,1.210000000000000000e+02
1.552700233459472656e+01,1.220000000000000000e+02
1.560439777374267578e+01,1.230000000000000000e+02
1.568061351776123047e+01,1.240000000000000000e+02
1.575725436210632324e+01,1.250000000000000000e+02
1.583356714248657227e+01,1.260000000000000000e+02
1.591110157966613770e+01,1.270000000000000000e+02
1.614355421066284180e+01,1.280000000000000000e+02
1.666850256919860840e+01,1.290000000000000000e+02
1.674383902549743652e+01,1.300000000000000000e+02
1.681902503967285156e+01,1.310000000000000000e+02
1.689425230026245117e+01,1.320000000000000000e+02
1.696945691108703613e+01,1.330000000000000000e+02
1.704478573799133301e+01,1.340000000000000000e+02
1.712010860443115234e+01,1.350000000000000000e+02
1.719556760787963867e+01,1.360000000000000000e+02
1.727547311782836914e+01,1.370000000000000000e+02
1.735362243652343750e+01,1.380000000000000000e+02
1.787920117378234863e+01,1.390000000000000000e+02
1.795447516441345215e+01,1.400000000000000000e+02
1.802963447570800781e+01,1.410000000000000000e+02
1.810530114173889160e+01,1.420000000000000000e+02
1.818105053901672363e+01,1.430000000000000000e+02
1.825630974769592285e+01,1.440000000000000000e+02
1.833175182342529297e+01,1.450000000000000000e+02
1.840691328048706055e+01,1.460000000000000000e+02
1.848223090171813965e+01,1.470000000000000000e+02
1.855947041511535645e+01,1.480000000000000000e+02
1.863513779640197754e+01,1.490000000000000000e+02
1.871051168441772461e+01,1.500000000000000000e+02
1.878581070899963379e+01,1.510000000000000000e+02
1.886110973358154297e+01,1.520000000000000000e+02
1.893647170066833496e+01,1.530000000000000000e+02
1.901189804077148438e+01,1.540000000000000000e+02
1.908788537979125977e+01,1.550000000000000000e+02
1.916388607025146484e+01,1.560000000000000000e+02
1.923923134803771973e+01,1.570000000000000000e+02
1.931458115577697754e+01,1.580000000000000000e+02
1.938990974426269531e+01,1.590000000000000000e+02
1.946539163589477539e+01,1.600000000000000000e+02
1.954077148437500000e+01,1.610000000000000000e+02
1.961608958244323730e+01,1.620000000000000000e+02
1.969156336784362793e+01,1.630000000000000000e+02
1.976693844795227051e+01,1.640000000000000000e+02
1.984226775169372559e+01,1.650000000000000000e+02
1.991770553588867188e+01,1.660000000000000000e+02
1.999304962158203125e+01,1.670000000000000000e+02
2.006847476959228516e+01,1.680000000000000000e+02
2.014381742477416992e+01,1.690000000000000000e+02
2.021916103363037109e+01,1.700000000000000000e+02
2.029436492919921875e+01,1.710000000000000000e+02
2.036961460113525391e+01,1.720000000000000000e+02
2.044286537170410156e+01,1.730000000000000000e+02
2.051809358596801758e+01,1.740000000000000000e+02
2.066809415817260742e+01,1.750000000000000000e+02
2.089118409156799316e+01,1.760000000000000000e+02
2.096637582778930664e+01,1.770000000000000000e+02
2.104152846336364746e+01,1.780000000000000000e+02
2.111685299873352051e+01,1.790000000000000000e+02
2.119233274459838867e+01,1.800000000000000000e+02
2.126774048805236816e+01,1.810000000000000000e+02
2.134313082695007324e+01,1.820000000000000000e+02
2.141849613189697266e+01,1.830000000000000000e+02
2.149395418167114258e+01,1.840000000000000000e+02
2.156938576698303223e+01,1.850000000000000000e+02
2.164480257034301758e+01,1.860000000000000000e+02
2.172012186050415039e+01,1.870000000000000000e+02
2.179555058479309082e+01,1.880000000000000000e+02
2.187094736099243164e+01,1.890000000000000000e+02
2.194643950462341309e+01,1.900000000000000000e+02
2.202179193496704102e+01,1.910000000000000000e+02
2.209780120849609375e+01,1.920000000000000000e+02
2.217407870292663574e+01,1.930000000000000000e+02
2.224945640563964844e+01,1.940000000000000000e+02
2.232489752769470215e+01,1.950000000000000000e+02
2.240031623840332031e+01,1.960000000000000000e+02
2.247572755813598633e+01,1.970000000000000000e+02
2.255127453804016113e+01,1.980000000000000000e+02
2.262709665298461914e+01,1.990000000000000000e+02
2.270245313644409180e+01,2.000000000000000000e+02
2.277782392501831055e+01,2.010000000000000000e+02
2.285320949554443359e+01,2.020000000000000000e+02
2.292860603332519531e+01,2.030000000000000000e+02
2.300387191772460938e+01,2.040000000000000000e+02
2.307936716079711914e+01,2.050000000000000000e+02
2.315553379058837891e+01,2.060000000000000000e+02
2.323091292381286621e+01,2.070000000000000000e+02
2.330632710456848145e+01,2.080000000000000000e+02
2.338219022750854492e+01,2.090000000000000000e+02
2.345786285400390625e+01,2.100000000000000000e+02
2.353370523452758789e+01,2.110000000000000000e+02
2.360936188697814941e+01,2.120000000000000000e+02
2.368506073951721191e+01,2.130000000000000000e+02
2.376076889038085938e+01,2.140000000000000000e+02
2.383913874626159668e+01,2.150000000000000000e+02
2.391569352149963379e+01,2.160000000000000000e+02
2.399146604537963867e+01,2.170000000000000000e+02
2.406752824783325195e+01,2.180000000000000000e+02
2.414307451248168945e+01,2.190000000000000000e+02
2.421857142448425293e+01,2.200000000000000000e+02
2.429399490356445312e+01,2.210000000000000000e+02
2.436944627761840820e+01,2.220000000000000000e+02
2.444475722312927246e+01,2.230000000000000000e+02
2.452016472816467285e+01,2.240000000000000000e+02
2.459548282623291016e+01,2.250000000000000000e+02
2.467165803909301758e+01,2.260000000000000000e+02
2.474835896492004395e+01,2.270000000000000000e+02
2.482468175888061523e+01,2.280000000000000000e+02
2.490031862258911133e+01,2.290000000000000000e+02
2.497595477104187012e+01,2.300000000000000000e+02
2.505354261398315430e+01,2.310000000000000000e+02
2.581382727622985840e+01,2.320000000000000000e+02
2.603732323646545410e+01,2.330000000000000000e+02
2.611278796195983887e+01,2.340000000000000000e+02
2.618852710723876953e+01,2.350000000000000000e+02
2.649139547348022461e+01,2.360000000000000000e+02
2.656673359870910645e+01,2.370000000000000000e+02
2.664267754554748535e+01,2.380000000000000000e+02
2.671806716918945312e+01,2.390000000000000000e+02
2.679344391822814941e+01,2.400000000000000000e+02
2.686888265609741211e+01,2.410000000000000000e+02
2.694423508644104004e+01,2.420000000000000000e+02
2.701964902877807617e+01,2.430000000000000000e+02
2.709550523757934570e+01,2.440000000000000000e+02
2.717146563529968262e+01,2.450000000000000000e+02
2.724678325653076172e+01,2.460000000000000000e+02
2.732229065895080566e+01,2.470000000000000000e+02
2.739748525619506836e+01,2.480000000000000000e+02
2.747281527519226074e+01,2.490000000000000000e+02
2.754814267158508301e+01,2.500000000000000000e+02
2.762369585037231445e+01,2.510000000000000000e+02
2.769958233833312988e+01,2.520000000000000000e+02
2.777537870407104492e+01,2.530000000000000000e+02
2.785062623023986816e+01,2.540000000000000000e+02
2.792651319503784180e+01,2.550000000000000000e+02
2.800176835060119629e+01,2.560000000000000000e+02
2.807734513282775879e+01,2.570000000000000000e+02
2.815341925621032715e+01,2.580000000000000000e+02
2.822883391380310059e+01,2.590000000000000000e+02
2.830426406860351562e+01,2.600000000000000000e+02
2.837950110435485840e+01,2.610000000000000000e+02
2.845470952987670898e+01,2.620000000000000000e+02
2.852998590469360352e+01,2.630000000000000000e+02
2.860528731346130371e+01,2.640000000000000000e+02
2.868056082725524902e+01,2.650000000000000000e+02
2.875581097602844238e+01,2.660000000000000000e+02
2.883110213279724121e+01,2.670000000000000000e+02
2.890634083747863770e+01,2.680000000000000000e+02
2.898181605339050293e+01,2.690000000000000000e+02
2.905790781974792480e+01,2.700000000000000000e+02
2.913337707519531250e+01,2.710000000000000000e+02
2.920876407623291016e+01,2.720000000000000000e+02
2.928416991233825684e+01,2.730000000000000000e+02
2.935738945007324219e+01,2.740000000000000000e+02
2.973019289970397949e+01,2.750000000000000000e+02
2.980551743507385254e+01,2.760000000000000000e+02
2.988090491294860840e+01,2.770000000000000000e+02
2.995614624023437500e+01,2.780000000000000000e+02
3.003162026405334473e+01,2.790000000000000000e+02
3.010682678222656250e+01,2.800000000000000000e+02
3.018218135833740234e+01,2.810000000000000000e+02
3.025741147994995117e+01,2.820000000000000000e+02
3.033275818824768066e+01,2.830000000000000000e+02
3.040808415412902832e+01,2.840000000000000000e+02
3.048333668708801270e+01,2.850000000000000000e+02
3.055970072746276855e+01,2.860000000000000000e+02
3.063596534729003906e+01,2.870000000000000000e+02
3.071123456954956055e+01,2.880000000000000000e+02
3.078653025627136230e+01,2.890000000000000000e+02
3.086185765266418457e+01,2.900000000000000000e+02
3.093718147277832031e+01,2.910000000000000000e+02
3.101251459121704102e+01,2.920000000000000000e+02
3.108893060684204102e+01,2.930000000000000000e+02
3.117813086509704590e+01,2.940000000000000000e+02
3.125091052055358887e+01,2.950000000000000000e+02
3.132407569885253906e+01,2.960000000000000000e+02
3.139936566352844238e+01,2.970000000000000000e+02
3.147430872917175293e+01,2.980000000000000000e+02
3.169786596298217773e+01,2.990000000000000000e+02
3.177316021919250488e+01,3.000000000000000000e+02
3.184839057922363281e+01,3.010000000000000000e+02
3.192386484146118164e+01,3.020000000000000000e+02
3.199903559684753418e+01,3.030000000000000000e+02
3.207474660873413086e+01,3.040000000000000000e+02
3.215094900131225586e+01,3.050000000000000000e+02
3.222659635543823242e+01,3.060000000000000000e+02
3.230217933654785156e+01,3.070000000000000000e+02
3.237762069702148438e+01,3.080000000000000000e+02
3.245313811302185059e+01,3.090000000000000000e+02
3.252853202819824219e+01,3.100000000000000000e+02
3.260389733314514160e+01,3.110000000000000000e+02
3.267920899391174316e+01,3.120000000000000000e+02
3.275453615188598633e+01,3.130000000000000000e+02
3.282999825477600098e+01,3.140000000000000000e+02
3.290534162521362305e+01,3.150000000000000000e+02
3.298086118698120117e+01,3.160000000000000000e+02
3.305782413482666016e+01,3.170000000000000000e+02
3.313399267196655273e+01,3.180000000000000000e+02
3.320935606956481934e+01,3.190000000000000000e+02
3.328492236137390137e+01,3.200000000000000000e+02
3.336031842231750488e+01,3.210000000000000000e+02
3.343564915657043457e+01,3.220000000000000000e+02
3.351102590560913086e+01,3.230000000000000000e+02
3.358704185485839844e+01,3.240000000000000000e+02
3.366293859481811523e+01,3.250000000000000000e+02
3.373833918571472168e+01,3.260000000000000000e+02
3.381373429298400879e+01,3.270000000000000000e+02
3.388943791389465332e+01,3.280000000000000000e+02
3.396473288536071777e+01,3.290000000000000000e+02
3.404025673866271973e+01,3.300000000000000000e+02
3.411605215072631836e+01,3.310000000000000000e+02
3.419182538986206055e+01,3.320000000000000000e+02
3.426760983467102051e+01,3.330000000000000000e+02
3.434344720840454102e+01,3.340000000000000000e+02
3.441917443275451660e+01,3.350000000000000000e+02
3.449492597579956055e+01,3.360000000000000000e+02
3.457040691375732422e+01,3.370000000000000000e+02
3.464612150192260742e+01,3.380000000000000000e+02
3.472152686119079590e+01,3.390000000000000000e+02
3.479694128036499023e+01,3.400000000000000000e+02
3.487225341796875000e+01,3.410000000000000000e+02
3.494770097732543945e+01,3.420000000000000000e+02
3.502311873435974121e+01,3.430000000000000000e+02
3.509887671470642090e+01,3.440000000000000000e+02
3.517560744285583496e+01,3.450000000000000000e+02
3.525192594528198242e+01,3.460000000000000000e+02
3.532727551460266113e+01,3.470000000000000000e+02
3.540251064300537109e+01,3.480000000000000000e+02
3.547798156738281250e+01,3.490000000000000000e+02
3.555771899223327637e+01,3.500000000000000000e+02
3.563683056831359863e+01,3.510000000000000000e+02
3.616681480407714844e+01,3.520000000000000000e+02
3.624171900749206543e+01,3.530000000000000000e+02
3.638975358009338379e+01,3.540000000000000000e+02
3.646504521369934082e+01,3.550000000000000000e+02
3.654039287567138672e+01,3.560000000000000000e+02
3.661570286750793457e+01,3.570000000000000000e+02
3.669144392013549805e+01,3.580000000000000000e+02
3.676756572723388672e+01,3.590000000000000000e+02
3.684279918670654297e+01,3.600000000000000000e+02
3.691811800003051758e+01,3.610000000000000000e+02
3.699337005615234375e+01,3.620000000000000000e+02
3.706879544258117676e+01,3.630000000000000000e+02
3.714439654350280762e+01,3.640000000000000000e+02
3.721970772743225098e+01,3.650000000000000000e+02
3.729500675201416016e+01,3.660000000000000000e+02
3.737030959129333496e+01,3.670000000000000000e+02
3.744590783119201660e+01,3.680000000000000000e+02
3.752116060256958008e+01,3.690000000000000000e+02
3.759656333923339844e+01,3.700000000000000000e+02
3.767179417610168457e+01,3.710000000000000000e+02
3.774707031250000000e+01,3.720000000000000000e+02
3.782231140136718750e+01,3.730000000000000000e+02
3.789766740798950195e+01,3.740000000000000000e+02
3.797299742698669434e+01,3.750000000000000000e+02
3.804831433296203613e+01,3.760000000000000000e+02
3.812439298629760742e+01,3.770000000000000000e+02
3.820018553733825684e+01,3.780000000000000000e+02
3.827597975730895996e+01,3.790000000000000000e+02
3.835136389732360840e+01,3.800000000000000000e+02
3.842666411399841309e+01,3.810000000000000000e+02
3.850200462341308594e+01,3.820000000000000000e+02
3.857768869400024414e+01,3.830000000000000000e+02
3.865388083457946777e+01,3.840000000000000000e+02
3.872922253608703613e+01,3.850000000000000000e+02
3.880458331108093262e+01,3.860000000000000000e+02
3.888346076011657715e+01,3.870000000000000000e+02
3.896227836608886719e+01,3.880000000000000000e+02
3.903790402412414551e+01,3.890000000000000000e+02
3.911322164535522461e+01,3.900000000000000000e+02
3.918853163719177246e+01,3.910000000000000000e+02
3.926387596130371094e+01,3.920000000000000000e+02
3.933921098709106445e+01,3.930000000000000000e+02
3.941463589668273926e+01,3.940000000000000000e+02
3.949001002311706543e+01,3.950000000000000000e+02
3.956537961959838867e+01,3.960000000000000000e+02
3.964070963859558105e+01,3.970000000000000000e+02
3.971600222587585449e+01,3.980000000000000000e+02
3.979133677482604980e+01,3.990000000000000000e+02
3.986658334732055664e+01,4.000000000000000000e+02
3.994204354286193848e+01,4.010000000000000000e+02
4.001733517646789551e+01,4.020000000000000000e+02
4.009317135810852051e+01,4.030000000000000000e+02
4.016922664642333984e+01,4.040000000000000000e+02
4.024448442459106445e+01,4.050000000000000000e+02
4.031987214088439941e+01,4.060000000000000000e+02
4.039518785476684570e+01,4.070000000000000000e+02
4.047050595283508301e+01,4.080000000000000000e+02
4.054592657089233398e+01,4.090000000000000000e+02
4.062124228477478027e+01,4.100000000000000000e+02
4.069671320915222168e+01,4.110000000000000000e+02
4.077202081680297852e+01,4.120000000000000000e+02
4.084735155105590820e+01,4.130000000000000000e+02
4.092057704925537109e+01,4.140000000000000000e+02
4.106947588920593262e+01,4.150000000000000000e+02
4.121757435798645020e+01,4.160000000000000000e+02
4.129301643371582031e+01,4.170000000000000000e+02
4.136833047866821289e+01,4.180000000000000000e+02
4.144363451004028320e+01,4.190000000000000000e+02
4.151901364326477051e+01,4.200000000000000000e+02
4.159442019462585449e+01,4.210000000000000000e+02
4.166977572441101074e+01,4.220000000000000000e+02
4.174523186683654785e+01,4.230000000000000000e+02
4.182061314582824707e+01,4.240000000000000000e+02
4.189600419998168945e+01,4.250000000000000000e+02
4.197138714790344238e+01,4.260000000000000000e+02
4.204675483703613281e+01,4.270000000000000000e+02
4.212222814559936523e+01,4.280000000000000000e+02
4.219825553894042969e+01,4.290000000000000000e+02
4.227361845970153809e+01,4.300000000000000000e+02
4.234903216361999512e+01,4.310000000000000000e+02
4.242440485954284668e+01,4.320000000000000000e+02
4.249973750114440918e+01,4.330000000000000000e+02
4.257596588134765625e+01,4.340000000000000000e+02
4.265197420120239258e+01,4.350000000000000000e+02
4.272743415832519531e+01,4.360000000000000000e+02
4.280270838737487793e+01,4.370000000000000000e+02
4.287801480293273926e+01,4.380000000000000000e+02
4.295335555076599121e+01,4.390000000000000000e+02
4.302870607376098633e+01,4.400000000000000000e+02
4.310442042350769043e+01,4.410000000000000000e+02
4.318026804924011230e+01,4.420000000000000000e+02
4.325561237335205078e+01,4.430000000000000000e+02
4.333102536201477051e+01,4.440000000000000000e+02
4.340625786781311035e+01,4.450000000000000000e+02
4.348155236244201660e+01,4.460000000000000000e+02
4.355794763565063477e+01,4.470000000000000000e+02
4.363390302658081055e+01,4.480000000000000000e+02
4.370914268493652344e+01,4.490000000000000000e+02
4.378440308570861816e+01,4.500000000000000000e+02
4.385966658592224121e+01,4.510000000000000000e+02
4.393489527702331543e+01,4.520000000000000000e+02
4.400815749168395996e+01,4.530000000000000000e+02
4.408367729187011719e+01,4.540000000000000000e+02
4.415859985351562500e+01,4.550000000000000000e+02
4.423352050781250000e+01,4.560000000000000000e+02
4.453244328498840332e+01,4.570000000000000000e+02
4.460771965980529785e+01,4.580000000000000000e+02
4.468303918838500977e+01,4.590000000000000000e+02
4.475841665267944336e+01,4.600000000000000000e+02
4.483376550674438477e+01,4.610000000000000000e+02
4.490912413597106934e+01,4.620000000000000000e+02
4.498443722724914551e+01,4.630000000000000000e+02
4.506079053878784180e+01,4.640000000000000000e+02
4.513673853874206543e+01,4.650000000000000000e+02
4.521206617355346680e+01,4.660000000000000000e+02
4.528748583793640137e+01,4.670000000000000000e+02
4.536282086372375488e+01,4.680000000000000000e+02
4.543816733360290527e+01,4.690000000000000000e+02
4.551355195045471191e+01,4.700000000000000000e+02
4.558978033065795898e+01,4.710000000000000000e+02
4.566570973396301270e+01,4.720000000000000000e+02
4.574104356765747070e+01,4.730000000000000000e+02
4.581688165664672852e+01,4.740000000000000000e+02
4.589248776435852051e+01,4.750000000000000000e+02
4.596789121627807617e+01,4.760000000000000000e+02
4.604320573806762695e+01,4.770000000000000000e+02
4.612350749969482422e+01,4.780000000000000000e+02
4.665529060363769531e+01,4.790000000000000000e+02
4.695398879051208496e+01,4.800000000000000000e+02
4.702931594848632812e+01,4.810000000000000000e+02
4.710526156425476074e+01,4.820000000000000000e+02
4.718116307258605957e+01,4.830000000000000000e+02
4.725657129287719727e+01,4.840000000000000000e+02
4.733213639259338379e+01,4.850000000000000000e+02
4.740751886367797852e+01,4.860000000000000000e+02
4.748284316062927246e+01,4.870000000000000000e+02
4.755925941467285156e+01,4.880000000000000000e+02
4.771068072319030762e+01,4.890000000000000000e+02
4.778602957725524902e+01,4.900000000000000000e+02
4.786137914657592773e+01,4.910000000000000000e+02
4.793671035766601562e+01,4.920000000000000000e+02
4.801205992698669434e+01,4.930000000000000000e+02
4.808783507347106934e+01,4.940000000000000000e+02
4.816379737854003906e+01,4.950000000000000000e+02
4.823912310600280762e+01,4.960000000000000000e+02
4.831450533866882324e+01,4.970000000000000000e+02
4.838986206054687500e+01,4.980000000000000000e+02
4.846522617340087891e+01,4.990000000000000000e+02
4.854059934616088867e+01,5.000000000000000000e+02
4.861596584320068359e+01,5.010000000000000000e+02
4.869265294075012207e+01,5.020000000000000000e+02
4.876866269111633301e+01,5.030000000000000000e+02
4.884413957595825195e+01,5.040000000000000000e+02
4.891975641250610352e+01,5.050000000000000000e+02
4.899571347236633301e+01,5.060000000000000000e+02
4.907145452499389648e+01,5.070000000000000000e+02
4.914769458770751953e+01,5.080000000000000000e+02
4.922307419776916504e+01,5.090000000000000000e+02
4.929842925071716309e+01,5.100000000000000000e+02
4.937383270263671875e+01,5.110000000000000000e+02
4.944935011863708496e+01,5.120000000000000000e+02
4.952503013610839844e+01,5.130000000000000000e+02
4.960052061080932617e+01,5.140000000000000000e+02
4.967605805397033691e+01,5.150000000000000000e+02
4.975150942802429199e+01,5.160000000000000000e+02
4.982697486877441406e+01,5.170000000000000000e+02
4.990244555473327637e+01,5.180000000000000000e+02
4.997787761688232422e+01,5.190000000000000000e+02
5.005323052406311035e+01,5.200000000000000000e+02
5.012893867492675781e+01,5.210000000000000000e+02
5.020459461212158203e+01,5.220000000000000000e+02
5.028053689002990723e+01,5.230000000000000000e+02
5.035633707046508789e+01,5.240000000000000000e+02
5.043155932426452637e+01,5.250000000000000000e+02
5.050686597824096680e+01,5.260000000000000000e+02
5.058245849609375000e+01,5.270000000000000000e+02
5.065838241577148438e+01,5.280000000000000000e+02
5.073370814323425293e+01,5.290000000000000000e+02
5.080901980400085449e+01,5.300000000000000000e+02
5.088429999351501465e+01,5.310000000000000000e+02
5.095966506004333496e+01,5.320000000000000000e+02
5.103487253189086914e+01,5.330000000000000000e+02
5.111018586158752441e+01,5.340000000000000000e+02
5.118558168411254883e+01,5.350000000000000000e+02
5.126107168197631836e+01,5.360000000000000000e+02
5.133659768104553223e+01,5.370000000000000000e+02
5.141199040412902832e+01,5.380000000000000000e+02
5.148744702339172363e+01,5.390000000000000000e+02
5.156139039993286133e+01,5.400000000000000000e+02
5.193766331672668457e+01,5.410000000000000000e+02
5.201285266876220703e+01,5.420000000000000000e+02
5.224057579040527344e+01,5.430000000000000000e+02
5.231579041481018066e+01,5.440000000000000000e+02
5.239096736907958984e+01,5.450000000000000000e+02
5.284167551994323730e+01,5.460000000000000000e+02
5.291705489158630371e+01,5.470000000000000000e+02
5.299252915382385254e+01,5.480000000000000000e+02
5.306798076629638672e+01,5.490000000000000000e+02
5.314362430572509766e+01,5.500000000000000000e+02
5.321901845932006836e+01,5.510000000000000000e+02
5.329435229301452637e+01,5.520000000000000000e+02
5.336968612670898438e+01,5.530000000000000000e+02
5.344500637054443359e+01,5.540000000000000000e+02
5.352035927772521973e+01,5.550000000000000000e+02
5.359636282920837402e+01,5.560000000000000000e+02
5.367361283302307129e+01,5.570000000000000000e+02
5.374962520599365234e+01,5.580000000000000000e+02
5.382488751411437988e+01,5.590000000000000000e+02
5.390022277832031250e+01,5.600000000000000000e+02
5.397560429573059082e+01,5.610000000000000000e+02
5.405130171775817871e+01,5.620000000000000000e+02
5.413294005393981934e+01,5.630000000000000000e+02
5.458266043663024902e+01,5.640000000000000000e+02
5.480908179283142090e+01,5.650000000000000000e+02
5.488425540924072266e+01,5.660000000000000000e+02
5.495957589149475098e+01,5.670000000000000000e+02
5.503482246398925781e+01,5.680000000000000000e+02
5.511007642745971680e+01,5.690000000000000000e+02
5.518529438972473145e+01,5.700000000000000000e+02
5.526054883003234863e+01,5.710000000000000000e+02
5.533579492568969727e+01,5.720000000000000000e+02
5.541103553771972656e+01,5.730000000000000000e+02
5.548633599281311035e+01,5.740000000000000000e+02
5.556224679946899414e+01,5.750000000000000000e+02
5.563787674903869629e+01,5.760000000000000000e+02
5.571318817138671875e+01,5.770000000000000000e+02
5.578849887847900391e+01,5.780000000000000000e+02
5.586375951766967773e+01,5.790000000000000000e+02
5.593902444839477539e+01,5.800000000000000000e+02
5.601430892944335938e+01,5.810000000000000000e+02
5.609024643898010254e+01,5.820000000000000000e+02
5.616555643081665039e+01,5.830000000000000000e+02
5.624097847938537598e+01,5.840000000000000000e+02
5.631621265411376953e+01,5.850000000000000000e+02
5.639151740074157715e+01,5.860000000000000000e+02
5.646667027473449707e+01,5.870000000000000000e+02
5.653987860679626465e+01,5.880000000000000000e+02
5.669049167633056641e+01,5.890000000000000000e+02
5.706470561027526855e+01,5.900000000000000000e+02
5.714004087448120117e+01,5.910000000000000000e+02
5.721536421775817871e+01,5.920000000000000000e+02
5.729106092453002930e+01,5.930000000000000000e+02
5.736640357971191406e+01,5.940000000000000000e+02
5.744167232513427734e+01,5.950000000000000000e+02
5.751693010330200195e+01,5.960000000000000000e+02
5.759216451644897461e+01,5.970000000000000000e+02
5.766746616363525391e+01,5.980000000000000000e+02
5.774277472496032715e+01,5.990000000000000000e+02
5.781854891777038574e+01,6.000000000000000000e+02
5.789390349388122559e+01,6.010000000000000000e+02
5.796923542022705078e+01,6.020000000000000000e+02
5.804464769363403320e+01,6.030000000000000000e+02
5.811999249458312988e+01,6.040000000000000000e+02
5.819534111022949219e+01,6.050000000000000000e+02
5.827064609527587891e+01,6.060000000000000000e+02
5.834607315063476562e+01,6.070000000000000000e+02
5.842148399353027344e+01,6.080000000000000000e+02
5.849679136276245117e+01,6.090000000000000000e+02
5.857287645339965820e+01,6.100000000000000000e+02
5.864857888221740723e+01,6.110000000000000000e+02
5.872419118881225586e+01,6.120000000000000000e+02
5.879975056648254395e+01,6.130000000000000000e+02
5.887538647651672363e+01,6.140000000000000000e+02
5.895066046714782715e+01,6.150000000000000000e+02
5.902611160278320312e+01,6.160000000000000000e+02
5.910179138183593750e+01,6.170000000000000000e+02
5.917813658714294434e+01,6.180000000000000000e+02
5.925447392463684082e+01,6.190000000000000000e+02
5.932983875274658203e+01,6.200000000000000000e+02
5.940526747703552246e+01,6.210000000000000000e+02
5.948060226440429688e+01,6.220000000000000000e+02
5.955722880363464355e+01,6.230000000000000000e+02
5.963352108001708984e+01,6.240000000000000000e+02
5.970889258384704590e+01,6.250000000000000000e+02
5.978422832489013672e+01,6.260000000000000000e+02
5.986349844932556152e+01,6.270000000000000000e+02
5.993967986106872559e+01,6.280000000000000000e+02
6.001502275466918945e+01,6.290000000000000000e+02
1.515300273895263672e-01,1.000000000000000000e+00
2.449502944946289062e-01,2.000000000000000000e+00
3.206155300140380859e-01,3.000000000000000000e+00
3.962593078613281250e-01,4.000000000000000000e+00
4.715857505798339844e-01,5.000000000000000000e+00
5.475893020629882812e-01,6.000000000000000000e+00
6.242210865020751953e-01,7.000000000000000000e+00
7.069158554077148438e-01,8.000000000000000000e+00
7.807617187500000000e-01,9.000000000000000000e+00
8.568108081817626953e-01,1.000000000000000000e+01
9.318234920501708984e-01,1.100000000000000000e+01
1.006701231002807617e+00,1.200000000000000000e+01
1.160277605056762695e+00,1.300000000000000000e+01
1.387767314910888672e+00,1.400000000000000000e+01
1.462587594985961914e+00,1.500000000000000000e+01
1.540470123291015625e+00,1.600000000000000000e+01
1.690582275390625000e+00,1.700000000000000000e+01
2.218929052352905273e+00,1.800000000000000000e+01
2.293820619583129883e+00,1.900000000000000000e+01
2.368906259536743164e+00,2.000000000000000000e+01
2.596699714660644531e+00,2.100000000000000000e+01
2.671773195266723633e+00,2.200000000000000000e+01
3.050227403640747070e+00,2.300000000000000000e+01
3.349189043045043945e+00,2.400000000000000000e+01
3.424527645111083984e+00,2.500000000000000000e+01
3.499793291091918945e+00,2.600000000000000000e+01
3.575098037719726562e+00,2.700000000000000000e+01
3.650459527969360352e+00,2.800000000000000000e+01
3.725857496261596680e+00,2.900000000000000000e+01
3.801481008529663086e+00,3.000000000000000000e+01
3.876831531524658203e+00,3.100000000000000000e+01
3.952601671218872070e+00,3.200000000000000000e+01
4.030168771743774414e+00,3.300000000000000000e+01
4.635655641555786133e+00,3.400000000000000000e+01
4.710997581481933594e+00,3.500000000000000000e+01
4.786395072937011719e+00,3.600000000000000000e+01
4.861740350723266602e+00,3.700000000000000000e+01
4.936992645263671875e+00,3.800000000000000000e+01
5.012266635894775391e+00,3.900000000000000000e+01
5.087593078613281250e+00,4.000000000000000000e+01
5.163393259048461914e+00,4.100000000000000000e+01
5.239455938339233398e+00,4.200000000000000000e+01
5.314765214920043945e+00,4.300000000000000000e+01
5.395353317260742188e+00,4.400000000000000000e+01
5.474768638610839844e+00,4.500000000000000000e+01
5.553112983703613281e+00,4.600000000000000000e+01
5.628501415252685547e+00,4.700000000000000000e+01
5.728559017181396484e+00,4.800000000000000000e+01
5.848411083221435547e+00,4.900000000000000000e+01
5.927196979522705078e+00,5.000000000000000000e+01
6.013968706130981445e+00,5.100000000000000000e+01
6.102485179901123047e+00,5.200000000000000000e+01
6.190920829772949219e+00,5.300000000000000000e+01
6.269026517868041992e+00,5.400000000000000000e+01
6.355481863021850586e+00,5.500000000000000000e+01
6.433344841003417969e+00,5.600000000000000000e+01
6.522629022598266602e+00,5.700000000000000000e+01
6.597329378128051758e+00,5.800000000000000000e+01
6.685639619827270508e+00,5.900000000000000000e+01
6.691996097564697266e+00,6.000000000000000000e+01
6.768484592437744141e+00,6.100000000000000000e+01
6.929125785827636719e+00,6.200000000000000000e+01
7.011313438415527344e+00,6.300000000000000000e+01
7.251049995422363281e+00,6.400000000000000000e+01
7.330151796340942383e+00,6.500000000000000000e+01
7.411628961563110352e+00,6.600000000000000000e+01
7.491213321685791016e+00,6.700000000000000000e+01
7.577285766601562500e+00,6.800000000000000000e+01
7.659337759017944336e+00,6.900000000000000000e+01
7.738853454589843750e+00,7.000000000000000000e+01
7.894898653030395508e+00,7.100000000000000000e+01
7.970877885818481445e+00,7.200000000000000000e+01
8.045971393585205078e+00,7.300000000000000000e+01
8.121080398559570312e+00,7.400000000000000000e+01
8.196000576019287109e+00,7.500000000000000000e+01
8.270825862884521484e+00,7.600000000000000000e+01
8.418909549713134766e+00,7.700000000000000000e+01
8.494282484054565430e+00,7.800000000000000000e+01
8.569690227508544922e+00,7.900000000000000000e+01
8.645035505294799805e+00,8.000000000000000000e+01
8.720459461212158203e+00,8.100000000000000000e+01
8.795848369598388672e+00,8.200000000000000000e+01
8.871227264404296875e+00,8.300000000000000000e+01
8.946599721908569336e+00,8.400000000000000000e+01
9.024026632308959961e+00,8.500000000000000000e+01
9.099419355392456055e+00,8.600000000000000000e+01
9.174793481826782227e+00,8.700000000000000000e+01
9.250047922134399414e+00,8.800000000000000000e+01
9.325299978256225586e+00,8.900000000000000000e+01
9.400609493255615234e+00,9.000000000000000000e+01
9.475846290588378906e+00,9.100000000000000000e+01
9.551560401916503906e+00,9.200000000000000000e+01
9.627484321594238281e+00,9.300000000000000000e+01
9.702703952789306641e+00,9.400000000000000000e+01
9.778035879135131836e+00,9.500000000000000000e+01
9.853412151336669922e+00,9.600000000000000000e+01
9.928551912307739258e+00,9.700000000000000000e+01
1.000401854515075684e+01,9.800000000000000000e+01
1.007938361167907715e+01,9.900000000000000000e+01
1.015474653244018555e+01,1.000000000000000000e+02
1.023007774353027344e+01,1.010000000000000000e+02
1.030535888671875000e+01,1.020000000000000000e+02
1.038059663772583008e+01,1.030000000000000000e+02
1.045633387565612793e+01,1.040000000000000000e+02
1.053160476684570312e+01,1.050000000000000000e+02
1.060689640045166016e+01,1.060000000000000000e+02
1.068009185791015625e+01,1.070000000000000000e+02
1.075530934333801270e+01,1.080000000000000000e+02
1.128006458282470703e+01,1.090000000000000000e+02
1.135546493530273438e+01,1.100000000000000000e+02
1.143103671073913574e+01,1.110000000000000000e+02
1.150636816024780273e+01,1.120000000000000000e+02
1.158187794685363770e+01,1.130000000000000000e+02
1.165729808807373047e+01,1.140000000000000000e+02
1.173256850242614746e+01,1.150000000000000000e+02
1.180785918235778809e+01,1.160000000000000000e+02
1.188308715820312500e+01,1.170000000000000000e+02
1.195837235450744629e+01,1.180000000000000000e+02
1.203374290466308594e+01,1.190000000000000000e+02
1.210994601249694824e+01,1.200000000000000000e+02
1.218691706657409668e+01,1.210000000000000000e+02
1.226841211318969727e+01,1.220000000000000000e+02
1.234341740608215332e+01,1.230000000000000000e+02
1.241826963424682617e+01,1.240000000000000000e+02
1.256673955917358398e+01,1.250000000000000000e+02
1.272251796722412109e+01,1.260000000000000000e+02
1.287278103828430176e+01,1.270000000000000000e+02
1.302176928520202637e+01,1.280000000000000000e+02
1.317555427551269531e+01,1.290000000000000000e+02
1.332360386848449707e+01,1.300000000000000000e+02
1.339889192581176758e+01,1.310000000000000000e+02
1.347437644004821777e+01,1.320000000000000000e+02
1.355011868476867676e+01,1.330000000000000000e+02
1.362590551376342773e+01,1.340000000000000000e+02
1.370125579833984375e+01,1.350000000000000000e+02
1.377663922309875488e+01,1.360000000000000000e+02
1.385193920135498047e+01,1.370000000000000000e+02
1.392725324630737305e+01,1.380000000000000000e+02
1.400259518623352051e+01,1.390000000000000000e+02
1.407804250717163086e+01,1.400000000000000000e+02
1.415342378616333008e+01,1.410000000000000000e+02
1.422905349731445312e+01,1.420000000000000000e+02
1.430483269691467285e+01,1.430000000000000000e+02
1.438008737564086914e+01,1.440000000000000000e+02
1.445694637298583984e+01,1.450000000000000000e+02
1.454717564582824707e+01,1.460000000000000000e+02
1.462508702278137207e+01,1.470000000000000000e+02
1.470078420639038086e+01,1.480000000000000000e+02
1.477671337127685547e+01,1.490000000000000000e+02
1.485245037078857422e+01,1.500000000000000000e+02
1.492816185951232910e+01,1.510000000000000000e+02
1.500385665893554688e+01,1.520000000000000000e+02
1.507958984375000000e+01,1.530000000000000000e+02
1.515526700019836426e+01,1.540000000000000000e+02
1.523088908195495605e+01,1.550000000000000000e+02
1.530663633346557617e+01,1.560000000000000000e+02
1.538247513771057129e+01,1.570000000000000000e+02
1.545809888839721680e+01,1.580000000000000000e+02
1.553385496139526367e+01,1.590000000000000000e+02
1.560978150367736816e+01,1.600000000000000000e+02
1.568544054031372070e+01,1.610000000000000000e+02
1.576097917556762695e+01,1.620000000000000000e+02
1.583680415153503418e+01,1.630000000000000000e+02
1.591257119178771973e+01,1.640000000000000000e+02
1.598842382431030273e+01,1.650000000000000000e+02
1.606499481201171875e+01,1.660000000000000000e+02
1.614068841934204102e+01,1.670000000000000000e+02
1.621604609489440918e+01,1.680000000000000000e+02
1.629142999649047852e+01,1.690000000000000000e+02
1.636670207977294922e+01,1.700000000000000000e+02
1.644211173057556152e+01,1.710000000000000000e+02
1.651850724220275879e+01,1.720000000000000000e+02
1.659504270553588867e+01,1.730000000000000000e+02
1.667037248611450195e+01,1.740000000000000000e+02
1.674570298194885254e+01,1.750000000000000000e+02
1.682092761993408203e+01,1.760000000000000000e+02
1.689624619483947754e+01,1.770000000000000000e+02
1.697150659561157227e+01,1.780000000000000000e+02
1.704752230644226074e+01,1.790000000000000000e+02
1.712339735031127930e+01,1.800000000000000000e+02
1.719873380661010742e+01,1.810000000000000000e+02
1.728030204772949219e+01,1.820000000000000000e+02
1.743322539329528809e+01,1.830000000000000000e+02
1.765931749343872070e+01,1.840000000000000000e+02
1.780738615989685059e+01,1.850000000000000000e+02
1.788258433341979980e+01,1.860000000000000000e+02
1.795801830291748047e+01,1.870000000000000000e+02
1.803345155715942383e+01,1.880000000000000000e+02
1.810900545120239258e+01,1.890000000000000000e+02
1.818440699577331543e+01,1.900000000000000000e+02
1.825985193252563477e+01,1.910000000000000000e+02
1.833504867553710938e+01,1.920000000000000000e+02
1.841042351722717285e+01,1.930000000000000000e+02
1.848567795753479004e+01,1.940000000000000000e+02
1.856102919578552246e+01,1.950000000000000000e+02
1.863634800910949707e+01,1.960000000000000000e+02
1.871169805526733398e+01,1.970000000000000000e+02
1.878786969184875488e+01,1.980000000000000000e+02
1.886327552795410156e+01,1.990000000000000000e+02
1.893873453140258789e+01,2.000000000000000000e+02
1.901413989067077637e+01,2.010000000000000000e+02
1.909004235267639160e+01,2.020000000000000000e+02
1.916576361656188965e+01,2.030000000000000000e+02
1.924118208885192871e+01,2.040000000000000000e+02
1.931659126281738281e+01,2.050000000000000000e+02
1.939191746711730957e+01,2.060000000000000000e+02
1.946722292900085449e+01,2.070000000000000000e+02
1.954749155044555664e+01,2.080000000000000000e+02
1.970974230766296387e+01,2.090000000000000000e+02
1.978511047363281250e+01,2.100000000000000000e+02
1.986051774024963379e+01,2.110000000000000000e+02
1.993578219413757324e+01,2.120000000000000000e+02
2.000901222229003906e+01,2.130000000000000000e+02
2.008432698249816895e+01,2.140000000000000000e+02
2.023534536361694336e+01,2.150000000000000000e+02
2.031021285057067871e+01,2.160000000000000000e+02
2.053380298614501953e+01,2.170000000000000000e+02
2.060930204391479492e+01,2.180000000000000000e+02
2.068461084365844727e+01,2.190000000000000000e+02
2.075994873046875000e+01,2.200000000000000000e+02
2.083523583412170410e+01,2.210000000000000000e+02
2.091052746772766113e+01,2.220000000000000000e+02
2.098590373992919922e+01,2.230000000000000000e+02
2.106179761886596680e+01,2.240000000000000000e+02
2.113764214515686035e+01,2.250000000000000000e+02
2.121300029754638672e+01,2.260000000000000000e+02
2.128863501548767090e+01,2.270000000000000000e+02
2.136399531364440918e+01,2.280000000000000000e+02
2.143931174278259277e+01,2.290000000000000000e+02
2.151474356651306152e+01,2.300000000000000000e+02
2.159173893928527832e+01,2.310000000000000000e+02
2.166716837882995605e+01,2.320000000000000000e+02
2.174341797828674316e+01,2.330000000000000000e+02
2.181929588317871094e+01,2.340000000000000000e+02
2.189504957199096680e+01,2.350000000000000000e+02
2.197073745727539062e+01,2.360000000000000000e+02
2.204704523086547852e+01,2.370000000000000000e+02
2.212332653999328613e+01,2.380000000000000000e+02
2.219885087013244629e+01,2.390000000000000000e+02
2.227472829818725586e+01,2.400000000000000000e+02
2.235048031806945801e+01,2.410000000000000000e+02
2.242623662948608398e+01,2.420000000000000000e+02
2.250192761421203613e+01,2.430000000000000000e+02
2.257759094238281250e+01,2.440000000000000000e+02
2.265323376655578613e+01,2.450000000000000000e+02
2.272860455513000488e+01,2.460000000000000000e+02
2.280395722389221191e+01,2.470000000000000000e+02
2.287925267219543457e+01,2.480000000000000000e+02
2.295463347434997559e+01,2.490000000000000000e+02
2.303010654449462891e+01,2.500000000000000000e+02
2.310549163818359375e+01,2.510000000000000000e+02
2.318092060089111328e+01,2.520000000000000000e+02
2.325627207756042480e+01,2.530000000000000000e+02
2.333163142204284668e+01,2.540000000000000000e+02
2.340708065032958984e+01,2.550000000000000000e+02
2.348254108428955078e+01,2.560000000000000000e+02
2.355800604820251465e+01,2.570000000000000000e+02
2.363351058959960938e+01,2.580000000000000000e+02
2.370899200439453125e+01,2.590000000000000000e+02
2.378441190719604492e+01,2.600000000000000000e+02
2.385982227325439453e+01,2.610000000000000000e+02
2.393526577949523926e+01,2.620000000000000000e+02
2.401065587997436523e+01,2.630000000000000000e+02
2.408619427680969238e+01,2.640000000000000000e+02
2.416165137290954590e+01,2.650000000000000000e+02
2.423709774017333984e+01,2.660000000000000000e+02
2.431250977516174316e+01,2.670000000000000000e+02
2.438571500778198242e+01,2.680000000000000000e+02
2.453472185134887695e+01,2.690000000000000000e+02
2.468249154090881348e+01,2.700000000000000000e+02
2.475776743888854980e+01,2.710000000000000000e+02
2.483310413360595703e+01,2.720000000000000000e+02
2.490847945213317871e+01,2.730000000000000000e+02
2.498412990570068359e+01,2.740000000000000000e+02
2.505978775024414062e+01,2.750000000000000000e+02
2.513562774658203125e+01,2.760000000000000000e+02
2.521097230911254883e+01,2.770000000000000000e+02
2.528632020950317383e+01,2.780000000000000000e+02
2.536174464225769043e+01,2.790000000000000000e+02
2.543721461296081543e+01,2.800000000000000000e+02
2.551268649101257324e+01,2.810000000000000000e+02
2.558908104896545410e+01,2.820000000000000000e+02
2.566454005241394043e+01,2.830000000000000000e+02
2.573992776870727539e+01,2.840000000000000000e+02
2.581535744667053223e+01,2.850000000000000000e+02
2.589078259468078613e+01,2.860000000000000000e+02
2.596614813804626465e+01,2.870000000000000000e+02
2.604215955734252930e+01,2.880000000000000000e+02
2.611825108528137207e+01,2.890000000000000000e+02
2.619365048408508301e+01,2.900000000000000000e+02
2.626913475990295410e+01,2.910000000000000000e+02
2.634451603889465332e+01,2.920000000000000000e+02
2.641990113258361816e+01,2.930000000000000000e+02
2.649525809288024902e+01,2.940000000000000000e+02
2.657068228721618652e+01,2.950000000000000000e+02
2.664615225791931152e+01,2.960000000000000000e+02
2.672231149673461914e+01,2.970000000000000000e+02
2.679811978340148926e+01,2.980000000000000000e+02
2.687387537956237793e+01,2.990000000000000000e+02
2.694961285591125488e+01,3.000000000000000000e+02
2.702617359161376953e+01,3.010000000000000000e+02
2.710248827934265137e+01,3.020000000000000000e+02
2.717862987518310547e+01,3.030000000000000000e+02
2.725487184524536133e+01,3.040000000000000000e+02
2.733657884597778320e+01,3.050000000000000000e+02
2.741514301300048828e+01,3.060000000000000000e+02
2.749030733108520508e+01,3.070000000000000000e+02
2.756541824340820312e+01,3.080000000000000000e+02
2.764042663574218750e+01,3.090000000000000000e+02
2.779263305664062500e+01,3.100000000000000000e+02
2.786778259277343750e+01,3.110000000000000000e+02
2.794275093078613281e+01,3.120000000000000000e+02
2.809443879127502441e+01,3.130000000000000000e+02
2.816939163208007812e+01,3.140000000000000000e+02
2.831755757331848145e+01,3.150000000000000000e+02
2.839325952529907227e+01,3.160000000000000000e+02
2.846902060508728027e+01,3.170000000000000000e+02
2.854518604278564453e+01,3.180000000000000000e+02
2.885076689720153809e+01,3.190000000000000000e+02
2.899952101707458496e+01,3.200000000000000000e+02
2.915033888816833496e+01,3.210000000000000000e+02
2.922591733932495117e+01,3.220000000000000000e+02
2.930173683166503906e+01,3.230000000000000000e+02
2.937789797782897949e+01,3.240000000000000000e+02
2.945349955558776855e+01,3.250000000000000000e+02
2.952939867973327637e+01,3.260000000000000000e+02
2.960486602783203125e+01,3.270000000000000000e+02
2.968024563789367676e+01,3.280000000000000000e+02
2.975563430786132812e+01,3.290000000000000000e+02
2.983107328414916992e+01,3.300000000000000000e+02
2.990642142295837402e+01,3.310000000000000000e+02
2.998188281059265137e+01,3.320000000000000000e+02
3.005784320831298828e+01,3.330000000000000000e+02
3.013378167152404785e+01,3.340000000000000000e+02
3.020919537544250488e+01,3.350000000000000000e+02
3.028459620475769043e+01,3.360000000000000000e+02
3.035992336273193359e+01,3.370000000000000000e+02
3.043530464172363281e+01,3.380000000000000000e+02
3.051065516471862793e+01,3.390000000000000000e+02
3.058606362342834473e+01,3.400000000000000000e+02
3.066182756423950195e+01,3.410000000000000000e+02
3.073777866363525391e+01,3.420000000000000000e+02
3.081317710876464844e+01,3.430000000000000000e+02
3.088860797882080078e+01,3.440000000000000000e+02
3.096397352218627930e+01,3.450000000000000000e+02
3.103985047340393066e+01,3.460000000000000000e+02
3.111584973335266113e+01,3.470000000000000000e+02
3.119120287895202637e+01,3.480000000000000000e+02
3.126650619506835938e+01,3.490000000000000000e+02
3.134189963340759277e+01,3.500000000000000000e+02
3.141729140281677246e+01,3.510000000000000000e+02
3.149273443222045898e+01,3.520000000000000000e+02
3.156824254989624023e+01,3.530000000000000000e+02
3.164358925819396973e+01,3.540000000000000000e+02
3.171898651123046875e+01,3.550000000000000000e+02
3.179436135292053223e+01,3.560000000000000000e+02
3.186971545219421387e+01,3.570000000000000000e+02
3.194564890861511230e+01,3.580000000000000000e+02
3.202219128608703613e+01,3.590000000000000000e+02
3.209843468666076660e+01,3.600000000000000000e+02
3.217412734031677246e+01,3.610000000000000000e+02
3.225016522407531738e+01,3.620000000000000000e+02
3.232548832893371582e+01,3.630000000000000000e+02
3.240094709396362305e+01,3.640000000000000000e+02
3.247622394561767578e+01,3.650000000000000000e+02
3.255182480812072754e+01,3.660000000000000000e+02
3.262777662277221680e+01,3.670000000000000000e+02
3.270312261581420898e+01,3.680000000000000000e+02
3.277855491638183594e+01,3.690000000000000000e+02
3.285401177406311035e+01,3.700000000000000000e+02
3.292934107780456543e+01,3.710000000000000000e+02
3.300473213195800781e+01,3.720000000000000000e+02
3.307793760299682617e+01,3.730000000000000000e+02
3.315326118469238281e+01,3.740000000000000000e+02
3.322818946838378906e+01,3.750000000000000000e+02
3.330305814743041992e+01,3.760000000000000000e+02
3.345115947723388672e+01,3.770000000000000000e+02
3.352726936340332031e+01,3.780000000000000000e+02
3.367794203758239746e+01,3.790000000000000000e+02
3.375320696830749512e+01,3.800000000000000000e+02
3.382860970497131348e+01,3.810000000000000000e+02
3.390397906303405762e+01,3.820000000000000000e+02
3.397938275337219238e+01,3.830000000000000000e+02
3.405548977851867676e+01,3.840000000000000000e+02
3.413141584396362305e+01,3.850000000000000000e+02
3.420688962936401367e+01,3.860000000000000000e+02
3.428223872184753418e+01,3.870000000000000000e+02
3.435759592056274414e+01,3.880000000000000000e+02
3.443297934532165527e+01,3.890000000000000000e+02
3.450852894783020020e+01,3.900000000000000000e+02
3.458396601676940918e+01,3.910000000000000000e+02
3.465934228897094727e+01,3.920000000000000000e+02
3.473469519615173340e+01,3.930000000000000000e+02
3.481094527244567871e+01,3.940000000000000000e+02
3.489021015167236328e+01,3.950000000000000000e+02
3.504132580757141113e+01,3.960000000000000000e+02
3.511662793159484863e+01,3.970000000000000000e+02
3.519196701049804688e+01,3.980000000000000000e+02
3.526725244522094727e+01,3.990000000000000000e+02
3.534252762794494629e+01,4.000000000000000000e+02
3.541780376434326172e+01,4.010000000000000000e+02
3.549316096305847168e+01,4.020000000000000000e+02
3.556852078437805176e+01,4.030000000000000000e+02
3.564382195472717285e+01,4.040000000000000000e+02
3.571915984153747559e+01,4.050000000000000000e+02
3.579448938369750977e+01,4.060000000000000000e+02
3.586978721618652344e+01,4.070000000000000000e+02
3.594509387016296387e+01,4.080000000000000000e+02
3.602105140686035156e+01,4.090000000000000000e+02
3.609740710258483887e+01,4.100000000000000000e+02
3.617271184921264648e+01,4.110000000000000000e+02
3.624803733825683594e+01,4.120000000000000000e+02
3.632338809967041016e+01,4.130000000000000000e+02
3.639868140220642090e+01,4.140000000000000000e+02
3.647400307655334473e+01,4.150000000000000000e+02
3.654976892471313477e+01,4.160000000000000000e+02
3.662553191184997559e+01,4.170000000000000000e+02
3.670093727111816406e+01,4.180000000000000000e+02
3.677625465393066406e+01,4.190000000000000000e+02
3.685157465934753418e+01,4.200000000000000000e+02
3.692686581611633301e+01,4.210000000000000000e+02
3.700220656394958496e+01,4.220000000000000000e+02
3.729724693298339844e+01,4.230000000000000000e+02
3.737254548072814941e+01,4.240000000000000000e+02
3.744772124290466309e+01,4.250000000000000000e+02
3.752355170249938965e+01,4.260000000000000000e+02
3.759996128082275391e+01,4.270000000000000000e+02
3.767529869079589844e+01,4.280000000000000000e+02
3.775057983398437500e+01,4.290000000000000000e+02
3.782591056823730469e+01,4.300000000000000000e+02
3.790117645263671875e+01,4.310000000000000000e+02
3.797648787498474121e+01,4.320000000000000000e+02
3.805216240882873535e+01,4.330000000000000000e+02
3.812743282318115234e+01,4.340000000000000000e+02
3.820282268524169922e+01,4.350000000000000000e+02
3.827819371223449707e+01,4.360000000000000000e+02
3.835355544090270996e+01,4.370000000000000000e+02
3.842896318435668945e+01,4.380000000000000000e+02
3.850431799888610840e+01,4.390000000000000000e+02
3.857963776588439941e+01,4.400000000000000000e+02
3.865537548065185547e+01,4.410000000000000000e+02
3.873075461387634277e+01,4.420000000000000000e+02
3.880611205101013184e+01,4.430000000000000000e+02
3.888139724731445312e+01,4.440000000000000000e+02
3.895804262161254883e+01,4.450000000000000000e+02
3.903411769866943359e+01,4.460000000000000000e+02
3.911024713516235352e+01,4.470000000000000000e+02
3.918565773963928223e+01,4.480000000000000000e+02
3.926129198074340820e+01,4.490000000000000000e+02
3.933666563034057617e+01,4.500000000000000000e+02
3.941205739974975586e+01,4.510000000000000000e+02
3.948747515678405762e+01,4.520000000000000000e+02
3.956343722343444824e+01,4.530000000000000000e+02
3.963924837112426758e+01,4.540000000000000000e+02
3.971459245681762695e+01,4.550000000000000000e+02
3.979003190994262695e+01,4.560000000000000000e+02
3.986539435386657715e+01,4.570000000000000000e+02
3.994075965881347656e+01,4.580000000000000000e+02
4.001634669303894043e+01,4.590000000000000000e+02
4.009322333335876465e+01,4.600000000000000000e+02
4.016858744621276855e+01,4.610000000000000000e+02
4.024389028549194336e+01,4.620000000000000000e+02
4.031913781166076660e+01,4.630000000000000000e+02
4.039455986022949219e+01,4.640000000000000000e+02
4.046988344192504883e+01,4.650000000000000000e+02
4.054541277885437012e+01,4.660000000000000000e+02
4.061861252784729004e+01,4.670000000000000000e+02
4.084004497528076172e+01,4.680000000000000000e+02
4.091542506217956543e+01,4.690000000000000000e+02
4.099077939987182617e+01,4.700000000000000000e+02
4.106670999526977539e+01,4.710000000000000000e+02
4.114279103279113770e+01,4.720000000000000000e+02
4.121890115737915039e+01,4.730000000000000000e+02
4.129427528381347656e+01,4.740000000000000000e+02
4.136975336074829102e+01,4.750000000000000000e+02
4.144505858421325684e+01,4.760000000000000000e+02
4.152149748802185059e+01,4.770000000000000000e+02
4.174841928482055664e+01,4.780000000000000000e+02
4.182373547554016113e+01,4.790000000000000000e+02
4.189897823333740234e+01,4.800000000000000000e+02
4.197426033020019531e+01,4.810000000000000000e+02
4.204959297180175781e+01,4.820000000000000000e+02
4.212527227401733398e+01,4.830000000000000000e+02
4.220069265365600586e+01,4.840000000000000000e+02
4.227593183517456055e+01,4.850000000000000000e+02
4.235118603706359863e+01,4.860000000000000000e+02
4.242648077011108398e+01,4.870000000000000000e+02
4.250182151794433594e+01,4.880000000000000000e+02
4.257793593406677246e+01,4.890000000000000000e+02
4.265593028068542480e+01,4.900000000000000000e+02
4.273137021064758301e+01,4.910000000000000000e+02
4.280675268173217773e+01,4.920000000000000000e+02
4.288225674629211426e+01,4.930000000000000000e+02
4.295770740509033203e+01,4.940000000000000000e+02
4.303346276283264160e+01,4.950000000000000000e+02
4.310895562171936035e+01,4.960000000000000000e+02
4.318455672264099121e+01,4.970000000000000000e+02
4.326070213317871094e+01,4.980000000000000000e+02
4.333663821220397949e+01,4.990000000000000000e+02
4.341255426406860352e+01,5.000000000000000000e+02
4.348846077919006348e+01,5.010000000000000000e+02
4.356420946121215820e+01,5.020000000000000000e+02
4.364011859893798828e+01,5.030000000000000000e+02
4.371616506576538086e+01,5.040000000000000000e+02
4.379208874702453613e+01,5.050000000000000000e+02
4.386788749694824219e+01,5.060000000000000000e+02
4.394376397132873535e+01,5.070000000000000000e+02
4.401926088333129883e+01,5.080000000000000000e+02
4.409485363960266113e+01,5.090000000000000000e+02
4.417035627365112305e+01,5.100000000000000000e+02
4.424655437469482422e+01,5.110000000000000000e+02
4.432269549369812012e+01,5.120000000000000000e+02
4.439851355552673340e+01,5.130000000000000000e+02
4.454961133003234863e+01,5.140000000000000000e+02
4.477685594558715820e+01,5.150000000000000000e+02
4.485253763198852539e+01,5.160000000000000000e+02
4.492820119857788086e+01,5.170000000000000000e+02
4.500370025634765625e+01,5.180000000000000000e+02
4.507897591590881348e+01,5.190000000000000000e+02
4.515428662300109863e+01,5.200000000000000000e+02
4.522970700263977051e+01,5.210000000000000000e+02
4.530511116981506348e+01,5.220000000000000000e+02
4.538047051429748535e+01,5.230000000000000000e+02
4.545584559440612793e+01,5.240000000000000000e+02
4.553148841857910156e+01,5.250000000000000000e+02
4.560740637779235840e+01,5.260000000000000000e+02
4.568302559852600098e+01,5.270000000000000000e+02
4.575864458084106445e+01,5.280000000000000000e+02
4.583418226242065430e+01,5.290000000000000000e+02
4.590955352783203125e+01,5.300000000000000000e+02
4.598496270179748535e+01,5.310000000000000000e+02
4.606071472167968750e+01,5.320000000000000000e+02
4.613673329353332520e+01,5.330000000000000000e+02
4.621208620071411133e+01,5.340000000000000000e+02
4.628740406036376953e+01,5.350000000000000000e+02
4.636266946792602539e+01,5.360000000000000000e+02
4.643793511390686035e+01,5.370000000000000000e+02
4.651319169998168945e+01,5.380000000000000000e+02
4.658935117721557617e+01,5.390000000000000000e+02
4.666468095779418945e+01,5.400000000000000000e+02
4.673997998237609863e+01,5.410000000000000000e+02
4.681532692909240723e+01,5.420000000000000000e+02
4.689066433906555176e+01,5.430000000000000000e+02
4.696594119071960449e+01,5.440000000000000000e+02
4.704165005683898926e+01,5.450000000000000000e+02
4.711787796020507812e+01,5.460000000000000000e+02
4.719327998161315918e+01,5.470000000000000000e+02
4.726884818077087402e+01,5.480000000000000000e+02
4.734477639198303223e+01,5.490000000000000000e+02
4.742017602920532227e+01,5.500000000000000000e+02
4.749552130699157715e+01,5.510000000000000000e+02
4.757084298133850098e+01,5.520000000000000000e+02
4.771933627128601074e+01,5.530000000000000000e+02
4.779416704177856445e+01,5.540000000000000000e+02
4.786907315254211426e+01,5.550000000000000000e+02
4.801745748519897461e+01,5.560000000000000000e+02
4.809575676918029785e+01,5.570000000000000000e+02
4.824354887008666992e+01,5.580000000000000000e+02
4.831888961791992188e+01,5.590000000000000000e+02
4.839445447921752930e+01,5.600000000000000000e+02
4.847014737129211426e+01,5.610000000000000000e+02
4.854708218574523926e+01,5.620000000000000000e+02
4.877398395538330078e+01,5.630000000000000000e+02
4.892533516883850098e+01,5.640000000000000000e+02
4.900117659568786621e+01,5.650000000000000000e+02
4.907672262191772461e+01,5.660000000000000000e+02
4.915256237983703613e+01,5.670000000000000000e+02
4.922812509536743164e+01,5.680000000000000000e+02
4.930409121513366699e+01,5.690000000000000000e+02
4.937974929809570312e+01,5.700000000000000000e+02
4.968166518211364746e+01,5.710000000000000000e+02
4.975698971748352051e+01,5.720000000000000000e+02
4.983234786987304688e+01,5.730000000000000000e+02
4.990760684013366699e+01,5.740000000000000000e+02
4.998365783691406250e+01,5.750000000000000000e+02
5.006135487556457520e+01,5.760000000000000000e+02
5.014360880851745605e+01,5.770000000000000000e+02
5.021686673164367676e+01,5.780000000000000000e+02
5.029215145111083984e+01,5.790000000000000000e+02
5.059397840499877930e+01,5.800000000000000000e+02
5.074165439605712891e+01,5.810000000000000000e+02
5.081698870658874512e+01,5.820000000000000000e+02
5.089235591888427734e+01,5.830000000000000000e+02
5.096767520904541016e+01,5.840000000000000000e+02
5.104367280006408691e+01,5.850000000000000000e+02
5.111981034278869629e+01,5.860000000000000000e+02
5.119513869285583496e+01,5.870000000000000000e+02
5.127056789398193359e+01,5.880000000000000000e+02
5.134587430953979492e+01,5.890000000000000000e+02
5.142127013206481934e+01,5.900000000000000000e+02
5.149660134315490723e+01,5.910000000000000000e+02
5.157192349433898926e+01,5.920000000000000000e+02
5.164788722991943359e+01,5.930000000000000000e+02
5.172382879257202148e+01,5.940000000000000000e+02
5.179916214942932129e+01,5.950000000000000000e+02
5.187445545196533203e+01,5.960000000000000000e+02
5.194975662231445312e+01,5.970000000000000000e+02
5.202584147453308105e+01,5.980000000000000000e+02
5.210202908515930176e+01,5.990000000000000000e+02
5.217735409736633301e+01,6.000000000000000000e+02
5.225273942947387695e+01,6.010000000000000000e+02
5.232809495925903320e+01,6.020000000000000000e+02
5.240346312522888184e+01,6.030000000000000000e+02
5.247888326644897461e+01,6.040000000000000000e+02
5.255422043800354004e+01,6.050000000000000000e+02
5.262954282760620117e+01,6.060000000000000000e+02
5.270482873916625977e+01,6.070000000000000000e+02
5.278009080886840820e+01,6.080000000000000000e+02
5.285539412498474121e+01,6.090000000000000000e+02
5.293069386482238770e+01,6.100000000000000000e+02
5.300603318214416504e+01,6.110000000000000000e+02
5.307919907569885254e+01,6.120000000000000000e+02
5.315509581565856934e+01,6.130000000000000000e+02
5.322994589805603027e+01,6.140000000000000000e+02
5.330489587783813477e+01,6.150000000000000000e+02
5.337983012199401855e+01,6.160000000000000000e+02
5.352816510200500488e+01,6.170000000000000000e+02
5.368234634399414062e+01,6.180000000000000000e+02
5.383003854751586914e+01,6.190000000000000000e+02
5.390543031692504883e+01,6.200000000000000000e+02
5.398090243339538574e+01,6.210000000000000000e+02
5.405653500556945801e+01,6.220000000000000000e+02
5.413234400749206543e+01,6.230000000000000000e+02
5.420763111114501953e+01,6.240000000000000000e+02
5.428314757347106934e+01,6.250000000000000000e+02
5.435886526107788086e+01,6.260000000000000000e+02
5.443455481529235840e+01,6.270000000000000000e+02
5.451021504402160645e+01,6.280000000000000000e+02
5.458564329147338867e+01,6.290000000000000000e+02
5.466111612319946289e+01,6.300000000000000000e+02
5.473668503761291504e+01,6.310000000000000000e+02
5.481204247474670410e+01,6.320000000000000000e+02
5.488736486434936523e+01,6.330000000000000000e+02
5.496273589134216309e+01,6.340000000000000000e+02
5.503912115097045898e+01,6.350000000000000000e+02
5.511473608016967773e+01,6.360000000000000000e+02
5.519019031524658203e+01,6.370000000000000000e+02
5.526558375358581543e+01,6.380000000000000000e+02
5.534106183052062988e+01,6.390000000000000000e+02
5.541641473770141602e+01,6.400000000000000000e+02
5.549162793159484863e+01,6.410000000000000000e+02
5.556700849533081055e+01,6.420000000000000000e+02
5.564237856864929199e+01,6.430000000000000000e+02
5.571780347824096680e+01,6.440000000000000000e+02
5.579314970970153809e+01,6.450000000000000000e+02
5.586855936050415039e+01,6.460000000000000000e+02
5.594391322135925293e+01,6.470000000000000000e+02
5.601931858062744141e+01,6.480000000000000000e+02
5.609494113922119141e+01,6.490000000000000000e+02
5.617037487030029297e+01,6.500000000000000000e+02
5.624562096595764160e+01,6.510000000000000000e+02
5.631883811950683594e+01,6.520000000000000000e+02
5.639411211013793945e+01,6.530000000000000000e+02
5.646901893615722656e+01,6.540000000000000000e+02
5.654451751708984375e+01,6.550000000000000000e+02
5.684333682060241699e+01,6.560000000000000000e+02
5.691870927810668945e+01,6.570000000000000000e+02
5.699403095245361328e+01,6.580000000000000000e+02
5.706967568397521973e+01,6.590000000000000000e+02
5.714562129974365234e+01,6.600000000000000000e+02
5.722100234031677246e+01,6.610000000000000000e+02
5.729640626907348633e+01,6.620000000000000000e+02
5.737182974815368652e+01,6.630000000000000000e+02
5.744713401794433594e+01,6.640000000000000000e+02
5.753220772743225098e+01,6.650000000000000000e+02
5.761221313476562500e+01,6.660000000000000000e+02
5.768829107284545898e+01,6.670000000000000000e+02
5.776407670974731445e+01,6.680000000000000000e+02
5.784005379676818848e+01,6.690000000000000000e+02
5.791541194915771484e+01,6.700000000000000000e+02
5.799072074890136719e+01,6.710000000000000000e+02
5.806635594367980957e+01,6.720000000000000000e+02
5.814207172393798828e+01,6.730000000000000000e+02
5.821743392944335938e+01,6.740000000000000000e+02
5.829269790649414062e+01,6.750000000000000000e+02
5.836802172660827637e+01,6.760000000000000000e+02
5.844350910186767578e+01,6.770000000000000000e+02
5.851910877227783203e+01,6.780000000000000000e+02
5.859744501113891602e+01,6.790000000000000000e+02
5.867294883728027344e+01,6.800000000000000000e+02
5.874842739105224609e+01,6.810000000000000000e+02
5.882389092445373535e+01,6.820000000000000000e+02
5.889922308921813965e+01,6.830000000000000000e+02
5.897464680671691895e+01,6.840000000000000000e+02
5.905093836784362793e+01,6.850000000000000000e+02
5.912657880783081055e+01,6.860000000000000000e+02
5.920206546783447266e+01,6.870000000000000000e+02
5.927777814865112305e+01,6.880000000000000000e+02
5.935380530357360840e+01,6.890000000000000000e+02
5.942924666404724121e+01,6.900000000000000000e+02
5.950452828407287598e+01,6.910000000000000000e+02
5.957987904548645020e+01,6.920000000000000000e+02
5.965553474426269531e+01,6.930000000000000000e+02
5.973087716102600098e+01,6.940000000000000000e+02
5.980625987052917480e+01,6.950000000000000000e+02
5.988157010078430176e+01,6.960000000000000000e+02
5.995693469047546387e+01,6.970000000000000000e+02
6.003275036811828613e+01,6.980000000000000000e+02
7.661771774291992188e-02,1.000000000000000000e+00
1.498067378997802734e-01,2.000000000000000000e+00
3.716173171997070312e-01,3.000000000000000000e+00
4.469640254974365234e-01,4.000000000000000000e+00
6.000690460205078125e-01,5.000000000000000000e+00
6.736187934875488281e-01,6.000000000000000000e+00
7.520141601562500000e-01,7.000000000000000000e+00
1.051948547363281250e+00,8.000000000000000000e+00
1.130624532699584961e+00,9.000000000000000000e+00
1.207413673400878906e+00,1.000000000000000000e+01
1.281551122665405273e+00,1.100000000000000000e+01
1.357051372528076172e+00,1.200000000000000000e+01
1.430869579315185547e+00,1.300000000000000000e+01
1.507841110229492188e+00,1.400000000000000000e+01
1.584989070892333984e+00,1.500000000000000000e+01
1.657767772674560547e+00,1.600000000000000000e+01
1.734047174453735352e+00,1.700000000000000000e+01
1.811018466949462891e+00,1.800000000000000000e+01
1.883810281753540039e+00,1.900000000000000000e+01
1.964309215545654297e+00,2.000000000000000000e+01
2.037362813949584961e+00,2.100000000000000000e+01
2.185828685760498047e+00,2.200000000000000000e+01
2.333899497985839844e+00,2.300000000000000000e+01
2.409265995025634766e+00,2.400000000000000000e+01
2.488401412963867188e+00,2.500000000000000000e+01
2.566552400588989258e+00,2.600000000000000000e+01
2.641441583633422852e+00,2.700000000000000000e+01
2.716264724731445312e+00,2.800000000000000000e+01
2.867677927017211914e+00,2.900000000000000000e+01
2.944550275802612305e+00,3.000000000000000000e+01
3.020529985427856445e+00,3.100000000000000000e+01
3.097053766250610352e+00,3.200000000000000000e+01
3.172294855117797852e+00,3.300000000000000000e+01
3.248278617858886719e+00,3.400000000000000000e+01
3.324643373489379883e+00,3.500000000000000000e+01
3.475823640823364258e+00,3.600000000000000000e+01
3.552134752273559570e+00,3.700000000000000000e+01
3.625864982604980469e+00,3.800000000000000000e+01
3.703428268432617188e+00,3.900000000000000000e+01
3.776385784149169922e+00,4.000000000000000000e+01
3.928428888320922852e+00,4.100000000000000000e+01
4.003694534301757812e+00,4.200000000000000000e+01
4.078791379928588867e+00,4.300000000000000000e+01
4.306555986404418945e+00,4.400000000000000000e+01
4.457963466644287109e+00,4.500000000000000000e+01
4.533079147338867188e+00,4.600000000000000000e+01
4.608150720596313477e+00,4.700000000000000000e+01
4.756208896636962891e+00,4.800000000000000000e+01
4.832061290740966797e+00,4.900000000000000000e+01
4.907741308212280273e+00,5.000000000000000000e+01
4.983465194702148438e+00,5.100000000000000000e+01
5.134761571884155273e+00,5.200000000000000000e+01
5.210541248321533203e+00,5.300000000000000000e+01
5.286090612411499023e+00,5.400000000000000000e+01
5.363685369491577148e+00,5.500000000000000000e+01
5.453275203704833984e+00,5.600000000000000000e+01
5.540224075317382812e+00,5.700000000000000000e+01
5.618574380874633789e+00,5.800000000000000000e+01
5.701754808425903320e+00,5.900000000000000000e+01
5.780692815780639648e+00,6.000000000000000000e+01
5.866662979125976562e+00,6.100000000000000000e+01
5.877682685852050781e+00,6.200000000000000000e+01
5.951796054840087891e+00,6.300000000000000000e+01
6.031289577484130859e+00,6.400000000000000000e+01
6.115272045135498047e+00,6.500000000000000000e+01
6.198147058486938477e+00,6.600000000000000000e+01
6.285691499710083008e+00,6.700000000000000000e+01
6.380996942520141602e+00,6.800000000000000000e+01
6.477543115615844727e+00,6.900000000000000000e+01
6.562005996704101562e+00,7.000000000000000000e+01
6.642959356307983398e+00,7.100000000000000000e+01
6.740973234176635742e+00,7.200000000000000000e+01
6.816508054733276367e+00,7.300000000000000000e+01
6.903171539306640625e+00,7.400000000000000000e+01
6.979556083679199219e+00,7.500000000000000000e+01
7.087341308593750000e+00,7.600000000000000000e+01
7.162385463714599609e+00,7.700000000000000000e+01
7.248703479766845703e+00,7.800000000000000000e+01
7.324037075042724609e+00,7.900000000000000000e+01
7.412918090820312500e+00,8.000000000000000000e+01
7.590028047561645508e+00,8.100000000000000000e+01
7.668841361999511719e+00,8.200000000000000000e+01
7.852980852127075195e+00,8.300000000000000000e+01
7.937678337097167969e+00,8.400000000000000000e+01
8.115534543991088867e+00,8.500000000000000000e+01
8.211576938629150391e+00,8.600000000000000000e+01
8.288845539093017578e+00,8.700000000000000000e+01
8.377357006072998047e+00,8.800000000000000000e+01
8.554357051849365234e+00,8.900000000000000000e+01
8.645283699035644531e+00,9.000000000000000000e+01
8.720842361450195312e+00,9.100000000000000000e+01
8.835652112960815430e+00,9.200000000000000000e+01
8.962610244750976562e+00,9.300000000000000000e+01
9.068125247955322266e+00,9.400000000000000000e+01
9.146185874938964844e+00,9.500000000000000000e+01
9.227222204208374023e+00,9.600000000000000000e+01
9.309617519378662109e+00,9.700000000000000000e+01
9.382806777954101562e+00,9.800000000000000000e+01
9.460032463073730469e+00,9.900000000000000000e+01
9.537936925888061523e+00,1.000000000000000000e+02
9.625645160675048828e+00,1.010000000000000000e+02
9.701163768768310547e+00,1.020000000000000000e+02
9.780257463455200195e+00,1.030000000000000000e+02
9.856817722320556641e+00,1.040000000000000000e+02
9.934196710586547852e+00,1.050000000000000000e+02
1.001597785949707031e+01,1.060000000000000000e+02
1.009268045425415039e+01,1.070000000000000000e+02
1.016633772850036621e+01,1.080000000000000000e+02
1.024162673950195312e+01,1.090000000000000000e+02
1.031647109985351562e+01,1.100000000000000000e+02
1.046675491333007812e+01,1.110000000000000000e+02
1.061475992202758789e+01,1.120000000000000000e+02
1.069016551971435547e+01,1.130000000000000000e+02
1.076553153991699219e+01,1.140000000000000000e+02
1.084102296829223633e+01,1.150000000000000000e+02
1.091690778732299805e+01,1.160000000000000000e+02
1.099235415458679199e+01,1.170000000000000000e+02
1.107264065742492676e+01,1.180000000000000000e+02
1.144748234748840332e+01,1.190000000000000000e+02
1.152303504943847656e+01,1.200000000000000000e+02
1.160295176506042480e+01,1.210000000000000000e+02
1.182933831214904785e+01,1.220000000000000000e+02
1.197718071937561035e+01,1.230000000000000000e+02
1.205272889137268066e+01,1.240000000000000000e+02
1.213132810592651367e+01,1.250000000000000000e+02
1.220986533164978027e+01,1.260000000000000000e+02
1.228502273559570312e+01,1.270000000000000000e+02
1.236061692237854004e+01,1.280000000000000000e+02
1.243772768974304199e+01,1.290000000000000000e+02
1.251315903663635254e+01,1.300000000000000000e+02
1.258923721313476562e+01,1.310000000000000000e+02
1.282118010520935059e+01,1.320000000000000000e+02
1.289644932746887207e+01,1.330000000000000000e+02
1.297183203697204590e+01,1.340000000000000000e+02
1.304729723930358887e+01,1.350000000000000000e+02
1.312282443046569824e+01,1.360000000000000000e+02
1.319829988479614258e+01,1.370000000000000000e+02
1.327367305755615234e+01,1.380000000000000000e+02
1.334931516647338867e+01,1.390000000000000000e+02
1.342937493324279785e+01,1.400000000000000000e+02
1.350668740272521973e+01,1.410000000000000000e+02
1.365801572799682617e+01,1.420000000000000000e+02
1.373340654373168945e+01,1.430000000000000000e+02
1.380873370170593262e+01,1.440000000000000000e+02
1.388403367996215820e+01,1.450000000000000000e+02
1.395929837226867676e+01,1.460000000000000000e+02
1.403467440605163574e+01,1.470000000000000000e+02
1.411002302169799805e+01,1.480000000000000000e+02
1.418523192405700684e+01,1.490000000000000000e+02
1.426133513450622559e+01,1.500000000000000000e+02
1.433665037155151367e+01,1.510000000000000000e+02
1.441450452804565430e+01,1.520000000000000000e+02
1.449050235748291016e+01,1.530000000000000000e+02
1.456586003303527832e+01,1.540000000000000000e+02
1.464116048812866211e+01,1.550000000000000000e+02
1.471638607978820801e+01,1.560000000000000000e+02
1.479165649414062500e+01,1.570000000000000000e+02
1.486705088615417480e+01,1.580000000000000000e+02
1.494295668601989746e+01,1.590000000000000000e+02
1.501895856857299805e+01,1.600000000000000000e+02
1.509460210800170898e+01,1.610000000000000000e+02
1.516997194290161133e+01,1.620000000000000000e+02
1.524537849426269531e+01,1.630000000000000000e+02
1.532067942619323730e+01,1.640000000000000000e+02
1.539599514007568359e+01,1.650000000000000000e+02
1.547132229804992676e+01,1.660000000000000000e+02
1.554665207862854004e+01,1.670000000000000000e+02
1.562226891517639160e+01,1.680000000000000000e+02
1.569810676574707031e+01,1.690000000000000000e+02
1.577343821525573730e+01,1.700000000000000000e+02
1.584943795204162598e+01,1.710000000000000000e+02
1.592521452903747559e+01,1.720000000000000000e+02
1.600057697296142578e+01,1.730000000000000000e+02
1.607593369483947754e+01,1.740000000000000000e+02
1.615122461318969727e+01,1.750000000000000000e+02
1.622667479515075684e+01,1.760000000000000000e+02
1.630212450027465820e+01,1.770000000000000000e+02
1.637871170043945312e+01,1.780000000000000000e+02
1.645462584495544434e+01,1.790000000000000000e+02
1.653060030937194824e+01,1.800000000000000000e+02
1.660703206062316895e+01,1.810000000000000000e+02
1.668231868743896484e+01,1.820000000000000000e+02
1.675773954391479492e+01,1.830000000000000000e+02
1.683309197425842285e+01,1.840000000000000000e+02
1.690846133232116699e+01,1.850000000000000000e+02
1.698393106460571289e+01,1.860000000000000000e+02
1.706228542327880859e+01,1.870000000000000000e+02
1.713801288604736328e+01,1.880000000000000000e+02
1.721402454376220703e+01,1.890000000000000000e+02
1.728940415382385254e+01,1.900000000000000000e+02
1.736474633216857910e+01,1.910000000000000000e+02
1.744004678726196289e+01,1.920000000000000000e+02
1.751624321937561035e+01,1.930000000000000000e+02
1.759195685386657715e+01,1.940000000000000000e+02
1.766727423667907715e+01,1.950000000000000000e+02
1.774255895614624023e+01,1.960000000000000000e+02
1.781797480583190918e+01,1.970000000000000000e+02
1.789325189590454102e+01,1.980000000000000000e+02
1.796851038932800293e+01,1.990000000000000000e+02
1.804386448860168457e+01,2.000000000000000000e+02
1.811915063858032227e+01,2.010000000000000000e+02
1.819442081451416016e+01,2.020000000000000000e+02
1.827091002464294434e+01,2.030000000000000000e+02
1.834804630279541016e+01,2.040000000000000000e+02
1.842342638969421387e+01,2.050000000000000000e+02
1.849872422218322754e+01,2.060000000000000000e+02
1.857405090332031250e+01,2.070000000000000000e+02
1.864928460121154785e+01,2.080000000000000000e+02
1.872511172294616699e+01,2.090000000000000000e+02
1.880112767219543457e+01,2.100000000000000000e+02
1.887637329101562500e+01,2.110000000000000000e+02
1.895217680931091309e+01,2.120000000000000000e+02
1.903124785423278809e+01,2.130000000000000000e+02
1.910810351371765137e+01,2.140000000000000000e+02
1.918900799751281738e+01,2.150000000000000000e+02
1.926420807838439941e+01,2.160000000000000000e+02
1.933988404273986816e+01,2.170000000000000000e+02
1.941522860527038574e+01,2.180000000000000000e+02
1.949022793769836426e+01,2.190000000000000000e+02
1.964042997360229492e+01,2.200000000000000000e+02
1.978809404373168945e+01,2.210000000000000000e+02
1.986339998245239258e+01,2.220000000000000000e+02
1.993996810913085938e+01,2.230000000000000000e+02
2.016706156730651855e+01,2.240000000000000000e+02
2.024248194694519043e+01,2.250000000000000000e+02
2.031783318519592285e+01,2.260000000000000000e+02
2.039363169670104980e+01,2.270000000000000000e+02
2.054589939117431641e+01,2.280000000000000000e+02
2.062138080596923828e+01,2.290000000000000000e+02
2.069741177558898926e+01,2.300000000000000000e+02
2.077598834037780762e+01,2.310000000000000000e+02
2.092408108711242676e+01,2.320000000000000000e+02
2.116027545928955078e+01,2.330000000000000000e+02
2.124736738204956055e+01,2.340000000000000000e+02
2.132266902923583984e+01,2.350000000000000000e+02
2.139758229255676270e+01,2.360000000000000000e+02
2.147244882583618164e+01,2.370000000000000000e+02
2.155056738853454590e+01,2.380000000000000000e+02
2.162797331809997559e+01,2.390000000000000000e+02
2.170157098770141602e+01,2.400000000000000000e+02
2.177914929389953613e+01,2.410000000000000000e+02
2.185377550125122070e+01,2.420000000000000000e+02
2.193880581855773926e+01,2.430000000000000000e+02
2.202030801773071289e+01,2.440000000000000000e+02
2.209868478775024414e+01,2.450000000000000000e+02
2.217513847351074219e+01,2.460000000000000000e+02
2.225060987472534180e+01,2.470000000000000000e+02
2.232777881622314453e+01,2.480000000000000000e+02
2.240910792350769043e+01,2.490000000000000000e+02
2.249125385284423828e+01,2.500000000000000000e+02
2.256488633155822754e+01,2.510000000000000000e+02
2.264486169815063477e+01,2.520000000000000000e+02
2.271837806701660156e+01,2.530000000000000000e+02
2.279194235801696777e+01,2.540000000000000000e+02
2.287146043777465820e+01,2.550000000000000000e+02
2.294427442550659180e+01,2.560000000000000000e+02
2.301750087738037109e+01,2.570000000000000000e+02
2.309945440292358398e+01,2.580000000000000000e+02
2.317243814468383789e+01,2.590000000000000000e+02
2.324616956710815430e+01,2.600000000000000000e+02
2.332169723510742188e+01,2.610000000000000000e+02
2.355027413368225098e+01,2.620000000000000000e+02
2.370107650756835938e+01,2.630000000000000000e+02
2.377393341064453125e+01,2.640000000000000000e+02
2.393297171592712402e+01,2.650000000000000000e+02
2.402665185928344727e+01,2.660000000000000000e+02
2.410437130928039551e+01,2.670000000000000000e+02
2.426057982444763184e+01,2.680000000000000000e+02
2.433621048927307129e+01,2.690000000000000000e+02
2.441159534454345703e+01,2.700000000000000000e+02
2.448672866821289062e+01,2.710000000000000000e+02
2.456176161766052246e+01,2.720000000000000000e+02
2.463693261146545410e+01,2.730000000000000000e+02
2.471195983886718750e+01,2.740000000000000000e+02
2.487231612205505371e+01,2.750000000000000000e+02
2.496009612083435059e+01,2.760000000000000000e+02
2.503679966926574707e+01,2.770000000000000000e+02
2.511481094360351562e+01,2.780000000000000000e+02
2.519165372848510742e+01,2.790000000000000000e+02
2.527246785163879395e+01,2.800000000000000000e+02
2.535715794563293457e+01,2.810000000000000000e+02
2.545296716690063477e+01,2.820000000000000000e+02
2.553621435165405273e+01,2.830000000000000000e+02
2.561326146125793457e+01,2.840000000000000000e+02
2.568904066085815430e+01,2.850000000000000000e+02
2.576462626457214355e+01,2.860000000000000000e+02
2.584326767921447754e+01,2.870000000000000000e+02
2.592274069786071777e+01,2.880000000000000000e+02
2.614644765853881836e+01,2.890000000000000000e+02
2.622186350822448730e+01,2.900000000000000000e+02
2.629745006561279297e+01,2.910000000000000000e+02
2.637691807746887207e+01,2.920000000000000000e+02
2.645668387413024902e+01,2.930000000000000000e+02
2.653099179267883301e+01,2.940000000000000000e+02
2.660624313354492188e+01,2.950000000000000000e+02
2.668118095397949219e+01,2.960000000000000000e+02
2.675609302520751953e+01,2.970000000000000000e+02
2.690736532211303711e+01,2.980000000000000000e+02
2.706476378440856934e+01,2.990000000000000000e+02
2.714111971855163574e+01,3.000000000000000000e+02
2.721484208106994629e+01,3.010000000000000000e+02
2.729520535469055176e+01,3.020000000000000000e+02
2.737409186363220215e+01,3.030000000000000000e+02
2.752747750282287598e+01,3.040000000000000000e+02
2.767517018318176270e+01,3.050000000000000000e+02
2.775057482719421387e+01,3.060000000000000000e+02
2.782619857788085938e+01,3.070000000000000000e+02
2.790204882621765137e+01,3.080000000000000000e+02
2.797732830047607422e+01,3.090000000000000000e+02
2.805267572402954102e+01,3.100000000000000000e+02
2.812793803215026855e+01,3.110000000000000000e+02
2.820414328575134277e+01,3.120000000000000000e+02
2.827993965148925781e+01,3.130000000000000000e+02
2.835524821281433105e+01,3.140000000000000000e+02
2.843064427375793457e+01,3.150000000000000000e+02
2.850588417053222656e+01,3.160000000000000000e+02
2.858114671707153320e+01,3.170000000000000000e+02
2.865924406051635742e+01,3.180000000000000000e+02
2.873810100555419922e+01,3.190000000000000000e+02
2.888580679893493652e+01,3.200000000000000000e+02
2.896115756034851074e+01,3.210000000000000000e+02
2.903677296638488770e+01,3.220000000000000000e+02
2.911274337768554688e+01,3.230000000000000000e+02
2.918828749656677246e+01,3.240000000000000000e+02
2.926365542411804199e+01,3.250000000000000000e+02
2.933899998664855957e+01,3.260000000000000000e+02
2.941431403160095215e+01,3.270000000000000000e+02
2.948965692520141602e+01,3.280000000000000000e+02
2.956500816345214844e+01,3.290000000000000000e+02
2.964032459259033203e+01,3.300000000000000000e+02
2.971574354171752930e+01,3.310000000000000000e+02
2.979122233390808105e+01,3.320000000000000000e+02
2.986651682853698730e+01,3.330000000000000000e+02
2.994193267822265625e+01,3.340000000000000000e+02
3.001758527755737305e+01,3.350000000000000000e+02
3.009349870681762695e+01,3.360000000000000000e+02
3.016917133331298828e+01,3.370000000000000000e+02
3.024509525299072266e+01,3.380000000000000000e+02
3.032480192184448242e+01,3.390000000000000000e+02
3.055170750617980957e+01,3.400000000000000000e+02
3.062742280960083008e+01,3.410000000000000000e+02
3.070331311225891113e+01,3.420000000000000000e+02
3.077881217002868652e+01,3.430000000000000000e+02
3.085455083847045898e+01,3.440000000000000000e+02
3.093001174926757812e+01,3.450000000000000000e+02
3.100541400909423828e+01,3.460000000000000000e+02
3.108084988594055176e+01,3.470000000000000000e+02
3.115661287307739258e+01,3.480000000000000000e+02
3.138535904884338379e+01,3.490000000000000000e+02
3.146302056312561035e+01,3.500000000000000000e+02
3.161065316200256348e+01,3.510000000000000000e+02
3.168757557868957520e+01,3.520000000000000000e+02
3.177416563034057617e+01,3.530000000000000000e+02
3.185056638717651367e+01,3.540000000000000000e+02
3.192659568786621094e+01,3.550000000000000000e+02
3.200214219093322754e+01,3.560000000000000000e+02
3.207750082015991211e+01,3.570000000000000000e+02
3.215288162231445312e+01,3.580000000000000000e+02
3.222896718978881836e+01,3.590000000000000000e+02
3.230463290214538574e+01,3.600000000000000000e+02
3.237992525100708008e+01,3.610000000000000000e+02
3.245524740219116211e+01,3.620000000000000000e+02
3.253054451942443848e+01,3.630000000000000000e+02
3.260589075088500977e+01,3.640000000000000000e+02
3.268114185333251953e+01,3.650000000000000000e+02
3.275642848014831543e+01,3.660000000000000000e+02
3.283181691169738770e+01,3.670000000000000000e+02
3.290723705291748047e+01,3.680000000000000000e+02
3.298254466056823730e+01,3.690000000000000000e+02
3.305796813964843750e+01,3.700000000000000000e+02
3.313335967063903809e+01,3.710000000000000000e+02
3.320871400833129883e+01,3.720000000000000000e+02
3.328193306922912598e+01,3.730000000000000000e+02
3.335745191574096680e+01,3.740000000000000000e+02
3.343234872817993164e+01,3.750000000000000000e+02
3.350729131698608398e+01,3.760000000000000000e+02
3.358218288421630859e+01,3.770000000000000000e+02
3.372979307174682617e+01,3.780000000000000000e+02
3.380561614036560059e+01,3.790000000000000000e+02
3.388108444213867188e+01,3.800000000000000000e+02
3.395642328262329102e+01,3.810000000000000000e+02
3.403181147575378418e+01,3.820000000000000000e+02
3.410713195800781250e+01,3.830000000000000000e+02
3.418254065513610840e+01,3.840000000000000000e+02
3.425813174247741699e+01,3.850000000000000000e+02
3.433393478393554688e+01,3.860000000000000000e+02
3.441022014617919922e+01,3.870000000000000000e+02
3.448580026626586914e+01,3.880000000000000000e+02
3.456124782562255859e+01,3.890000000000000000e+02
3.463687872886657715e+01,3.900000000000000000e+02
3.471214985847473145e+01,3.910000000000000000e+02
3.478734135627746582e+01,3.920000000000000000e+02
3.487135338783264160e+01,3.930000000000000000e+02
3.495327138900756836e+01,3.940000000000000000e+02
3.503321456909179688e+01,3.950000000000000000e+02
3.511803555488586426e+01,3.960000000000000000e+02
3.519214034080505371e+01,3.970000000000000000e+02
3.526598215103149414e+01,3.980000000000000000e+02
3.534871459007263184e+01,3.990000000000000000e+02
3.542626261711120605e+01,4.000000000000000000e+02
3.565283155441284180e+01,4.010000000000000000e+02
3.572824645042419434e+01,4.020000000000000000e+02
3.580391192436218262e+01,4.030000000000000000e+02
3.588022017478942871e+01,4.040000000000000000e+02
3.595891380310058594e+01,4.050000000000000000e+02
3.610694003105163574e+01,4.060000000000000000e+02
3.618260502815246582e+01,4.070000000000000000e+02
3.625824379920959473e+01,4.080000000000000000e+02
3.633579397201538086e+01,4.090000000000000000e+02
3.641369891166687012e+01,4.100000000000000000e+02
3.648883724212646484e+01,4.110000000000000000e+02
3.663699698448181152e+01,4.120000000000000000e+02
3.671597361564636230e+01,4.130000000000000000e+02
3.701534724235534668e+01,4.140000000000000000e+02
3.709126996994018555e+01,4.150000000000000000e+02
3.716694426536560059e+01,4.160000000000000000e+02
3.724266600608825684e+01,4.170000000000000000e+02
3.731837821006774902e+01,4.180000000000000000e+02
3.746901488304138184e+01,4.190000000000000000e+02
3.754436755180358887e+01,4.200000000000000000e+02
3.761967563629150391e+01,4.210000000000000000e+02
3.769503450393676758e+01,4.220000000000000000e+02
3.777026438713073730e+01,4.230000000000000000e+02
3.784575414657592773e+01,4.240000000000000000e+02
3.800589418411254883e+01,4.250000000000000000e+02
3.815441942214965820e+01,4.260000000000000000e+02
3.822960257530212402e+01,4.270000000000000000e+02
3.837732100486755371e+01,4.280000000000000000e+02
3.845280385017395020e+01,4.290000000000000000e+02
3.852797579765319824e+01,4.300000000000000000e+02
3.860318732261657715e+01,4.310000000000000000e+02
3.867851614952087402e+01,4.320000000000000000e+02
3.875374436378479004e+01,4.330000000000000000e+02
3.882903575897216797e+01,4.340000000000000000e+02
3.890428805351257324e+01,4.350000000000000000e+02
3.897961378097534180e+01,4.360000000000000000e+02
3.905525302886962891e+01,4.370000000000000000e+02
3.913078355789184570e+01,4.380000000000000000e+02
3.920605063438415527e+01,4.390000000000000000e+02
3.928126192092895508e+01,4.400000000000000000e+02
3.935702371597290039e+01,4.410000000000000000e+02
3.943237495422363281e+01,4.420000000000000000e+02
3.950765323638916016e+01,4.430000000000000000e+02
3.958288884162902832e+01,4.440000000000000000e+02
3.965818095207214355e+01,4.450000000000000000e+02
3.973368334770202637e+01,4.460000000000000000e+02
3.980955982208251953e+01,4.470000000000000000e+02
3.988477873802185059e+01,4.480000000000000000e+02
3.996015763282775879e+01,4.490000000000000000e+02
4.003538203239440918e+01,4.500000000000000000e+02
4.010862040519714355e+01,4.510000000000000000e+02
4.018396806716918945e+01,4.520000000000000000e+02
4.025883221626281738e+01,4.530000000000000000e+02
4.033367156982421875e+01,4.540000000000000000e+02
4.048169159889221191e+01,4.550000000000000000e+02
4.055689954757690430e+01,4.560000000000000000e+02
4.063210678100585938e+01,4.570000000000000000e+02
4.070728135108947754e+01,4.580000000000000000e+02
4.078266549110412598e+01,4.590000000000000000e+02
4.085815548896789551e+01,4.600000000000000000e+02
4.093357443809509277e+01,4.610000000000000000e+02
4.100881481170654297e+01,4.620000000000000000e+02
4.108407950401306152e+01,4.630000000000000000e+02
4.115940713882446289e+01,4.640000000000000000e+02
4.123505878448486328e+01,4.650000000000000000e+02
4.131084012985229492e+01,4.660000000000000000e+02
4.138673329353332520e+01,4.670000000000000000e+02
4.146265602111816406e+01,4.680000000000000000e+02
4.153862667083740234e+01,4.690000000000000000e+02
4.161418962478637695e+01,4.700000000000000000e+02
4.169164967536926270e+01,4.710000000000000000e+02
4.176727271080017090e+01,4.720000000000000000e+02
4.184279036521911621e+01,4.730000000000000000e+02
4.191892313957214355e+01,4.740000000000000000e+02
4.199558877944946289e+01,4.750000000000000000e+02
4.207116913795471191e+01,4.760000000000000000e+02
4.214814114570617676e+01,4.770000000000000000e+02
4.222648906707763672e+01,4.780000000000000000e+02
4.230185961723327637e+01,4.790000000000000000e+02
4.237717127799987793e+01,4.800000000000000000e+02
4.252512621879577637e+01,4.810000000000000000e+02
4.260069608688354492e+01,4.820000000000000000e+02
4.267753648757934570e+01,4.830000000000000000e+02
4.275595784187316895e+01,4.840000000000000000e+02
4.290361380577087402e+01,4.850000000000000000e+02
4.297887945175170898e+01,4.860000000000000000e+02
4.305419445037841797e+01,4.870000000000000000e+02
4.312949752807617188e+01,4.880000000000000000e+02
4.320484232902526855e+01,4.890000000000000000e+02
4.328008937835693359e+01,4.900000000000000000e+02
4.335545516014099121e+01,4.910000000000000000e+02
4.343082261085510254e+01,4.920000000000000000e+02
4.350615859031677246e+01,4.930000000000000000e+02
4.358144617080688477e+01,4.940000000000000000e+02
4.366080498695373535e+01,4.950000000000000000e+02
4.382682704925537109e+01,4.960000000000000000e+02
4.390451741218566895e+01,4.970000000000000000e+02
4.398749518394470215e+01,4.980000000000000000e+02
4.406922483444213867e+01,4.990000000000000000e+02
4.415655493736267090e+01,5.000000000000000000e+02
4.423397684097290039e+01,5.010000000000000000e+02
4.432031822204589844e+01,5.020000000000000000e+02
4.439683866500854492e+01,5.030000000000000000e+02
4.447224688529968262e+01,5.040000000000000000e+02
4.454758048057556152e+01,5.050000000000000000e+02
4.462297058105468750e+01,5.060000000000000000e+02
4.470149993896484375e+01,5.070000000000000000e+02
4.477938771247863770e+01,5.080000000000000000e+02
4.487237071990966797e+01,5.090000000000000000e+02
4.495931649208068848e+01,5.100000000000000000e+02
4.505591201782226562e+01,5.110000000000000000e+02
4.514107394218444824e+01,5.120000000000000000e+02
4.522686743736267090e+01,5.130000000000000000e+02
4.532511591911315918e+01,5.140000000000000000e+02
4.541521477699279785e+01,5.150000000000000000e+02
4.550316596031188965e+01,5.160000000000000000e+02
4.561660480499267578e+01,5.170000000000000000e+02
4.563237762451171875e+01,5.180000000000000000e+02
4.574902892112731934e+01,5.190000000000000000e+02
4.582804465293884277e+01,5.200000000000000000e+02
4.591171288490295410e+01,5.210000000000000000e+02
4.600074577331542969e+01,5.220000000000000000e+02
4.608885908126831055e+01,5.230000000000000000e+02
4.616915965080261230e+01,5.240000000000000000e+02
4.624826288223266602e+01,5.250000000000000000e+02
4.634902763366699219e+01,5.260000000000000000e+02
4.642893338203430176e+01,5.270000000000000000e+02
4.652829289436340332e+01,5.280000000000000000e+02
4.664129304885864258e+01,5.290000000000000000e+02
4.664513325691223145e+01,5.300000000000000000e+02
4.672632884979248047e+01,5.310000000000000000e+02
4.679947876930236816e+01,5.320000000000000000e+02
4.687835812568664551e+01,5.330000000000000000e+02
4.695336890220642090e+01,5.340000000000000000e+02
4.702823305130004883e+01,5.350000000000000000e+02
4.710244560241699219e+01,5.360000000000000000e+02
4.717874884605407715e+01,5.370000000000000000e+02
4.725376224517822266e+01,5.380000000000000000e+02
4.732904052734375000e+01,5.390000000000000000e+02
4.740402722358703613e+01,5.400000000000000000e+02
4.747900652885437012e+01,5.410000000000000000e+02
4.755390191078186035e+01,5.420000000000000000e+02
4.770823287963867188e+01,5.430000000000000000e+02
4.778360319137573242e+01,5.440000000000000000e+02
4.785926651954650879e+01,5.450000000000000000e+02
4.793481540679931641e+01,5.460000000000000000e+02
4.801040959358215332e+01,5.470000000000000000e+02
4.808586692810058594e+01,5.480000000000000000e+02
4.816107964515686035e+01,5.490000000000000000e+02
4.824881052970886230e+01,5.500000000000000000e+02
4.832328176498413086e+01,5.510000000000000000e+02
4.840269732475280762e+01,5.520000000000000000e+02
4.847808432579040527e+01,5.530000000000000000e+02
4.855298662185668945e+01,5.540000000000000000e+02
4.871630978584289551e+01,5.550000000000000000e+02
4.881007623672485352e+01,5.560000000000000000e+02
4.888955092430114746e+01,5.570000000000000000e+02
4.897231578826904297e+01,5.580000000000000000e+02
4.905716705322265625e+01,5.590000000000000000e+02
4.914222621917724609e+01,5.600000000000000000e+02
4.923404836654663086e+01,5.610000000000000000e+02
4.938220429420471191e+01,5.620000000000000000e+02
4.945761823654174805e+01,5.630000000000000000e+02
4.953288841247558594e+01,5.640000000000000000e+02
4.960830307006835938e+01,5.650000000000000000e+02
4.968376159667968750e+01,5.660000000000000000e+02
4.975909423828125000e+01,5.670000000000000000e+02
4.983454012870788574e+01,5.680000000000000000e+02
4.990986847877502441e+01,5.690000000000000000e+02
4.998533248901367188e+01,5.700000000000000000e+02
5.006079292297363281e+01,5.710000000000000000e+02
5.014117646217346191e+01,5.720000000000000000e+02
5.022453379631042480e+01,5.730000000000000000e+02
5.030552864074707031e+01,5.740000000000000000e+02
5.038776659965515137e+01,5.750000000000000000e+02
5.047282052040100098e+01,5.760000000000000000e+02
5.054720544815063477e+01,5.770000000000000000e+02
5.063160419464111328e+01,5.780000000000000000e+02
5.070736670494079590e+01,5.790000000000000000e+02
5.080218029022216797e+01,5.800000000000000000e+02
5.080913543701171875e+01,5.810000000000000000e+02
5.090203142166137695e+01,5.820000000000000000e+02
5.091669368743896484e+01,5.830000000000000000e+02
5.100153303146362305e+01,5.840000000000000000e+02
5.108590435981750488e+01,5.850000000000000000e+02
5.116715955734252930e+01,5.860000000000000000e+02
5.125618410110473633e+01,5.870000000000000000e+02
5.134705853462219238e+01,5.880000000000000000e+02
5.143628454208374023e+01,5.890000000000000000e+02
5.144886755943298340e+01,5.900000000000000000e+02
5.152991199493408203e+01,5.910000000000000000e+02
5.160880303382873535e+01,5.920000000000000000e+02
5.170096564292907715e+01,5.930000000000000000e+02
5.177998852729797363e+01,5.940000000000000000e+02
5.186943316459655762e+01,5.950000000000000000e+02
5.196686077117919922e+01,5.960000000000000000e+02
5.205866193771362305e+01,5.970000000000000000e+02
5.213490152359008789e+01,5.980000000000000000e+02
5.221399354934692383e+01,5.990000000000000000e+02
5.237403130531311035e+01,6.000000000000000000e+02
5.245045185089111328e+01,6.010000000000000000e+02
5.252622628211975098e+01,6.020000000000000000e+02
5.260200715065002441e+01,6.030000000000000000e+02
5.267762970924377441e+01,6.040000000000000000e+02
5.275351357460021973e+01,6.050000000000000000e+02
5.282922697067260742e+01,6.060000000000000000e+02
5.290464472770690918e+01,6.070000000000000000e+02
5.298011541366577148e+01,6.080000000000000000e+02
5.305564379692077637e+01,6.090000000000000000e+02
5.313196158409118652e+01,6.100000000000000000e+02
5.320757269859313965e+01,6.110000000000000000e+02
5.328333544731140137e+01,6.120000000000000000e+02
5.335931897163391113e+01,6.130000000000000000e+02
5.343499207496643066e+01,6.140000000000000000e+02
5.351045727729797363e+01,6.150000000000000000e+02
5.358614873886108398e+01,6.160000000000000000e+02
5.366181588172912598e+01,6.170000000000000000e+02
5.373760747909545898e+01,6.180000000000000000e+02
5.381403708457946777e+01,6.190000000000000000e+02
5.388963341712951660e+01,6.200000000000000000e+02
5.396513390541076660e+01,6.210000000000000000e+02
5.404045748710632324e+01,6.220000000000000000e+02
5.412085199356079102e+01,6.230000000000000000e+02
5.420324182510375977e+01,6.240000000000000000e+02
5.428044033050537109e+01,6.250000000000000000e+02
5.436820697784423828e+01,6.260000000000000000e+02
5.446105861663818359e+01,6.270000000000000000e+02
5.455679821968078613e+01,6.280000000000000000e+02
5.463365745544433594e+01,6.290000000000000000e+02
5.473743891716003418e+01,6.300000000000000000e+02
5.481065154075622559e+01,6.310000000000000000e+02
5.489138484001159668e+01,6.320000000000000000e+02
5.497484469413757324e+01,6.330000000000000000e+02
5.504818105697631836e+01,6.340000000000000000e+02
5.512584280967712402e+01,6.350000000000000000e+02
5.520249319076538086e+01,6.360000000000000000e+02
5.527547264099121094e+01,6.370000000000000000e+02
5.535153317451477051e+01,6.380000000000000000e+02
5.542659997940063477e+01,6.390000000000000000e+02
5.550153279304504395e+01,6.400000000000000000e+02
5.572482967376708984e+01,6.410000000000000000e+02
5.580005741119384766e+01,6.420000000000000000e+02
5.587527728080749512e+01,6.430000000000000000e+02
5.595073676109313965e+01,6.440000000000000000e+02
5.602601742744445801e+01,6.450000000000000000e+02
5.610122275352478027e+01,6.460000000000000000e+02
5.617654728889465332e+01,6.470000000000000000e+02
5.625234699249267578e+01,6.480000000000000000e+02
5.632969379425048828e+01,6.490000000000000000e+02
5.640516185760498047e+01,6.500000000000000000e+02
5.648291206359863281e+01,6.510000000000000000e+02
5.656742382049560547e+01,6.520000000000000000e+02
5.664654088020324707e+01,6.530000000000000000e+02
5.672243952751159668e+01,6.540000000000000000e+02
5.679801630973815918e+01,6.550000000000000000e+02
5.687385773658752441e+01,6.560000000000000000e+02
5.694917535781860352e+01,6.570000000000000000e+02
5.702488064765930176e+01,6.580000000000000000e+02
5.710067772865295410e+01,6.590000000000000000e+02
5.717598462104797363e+01,6.600000000000000000e+02
5.725130581855773926e+01,6.610000000000000000e+02
5.732665991783142090e+01,6.620000000000000000e+02
5.740201401710510254e+01,6.630000000000000000e+02
5.747764992713928223e+01,6.640000000000000000e+02
5.755302691459655762e+01,6.650000000000000000e+02
5.762873244285583496e+01,6.660000000000000000e+02
5.770440840721130371e+01,6.670000000000000000e+02
5.777971577644348145e+01,6.680000000000000000e+02
5.785504341125488281e+01,6.690000000000000000e+02
5.793035936355590820e+01,6.700000000000000000e+02
5.800759625434875488e+01,6.710000000000000000e+02
5.808344626426696777e+01,6.720000000000000000e+02
5.815909314155578613e+01,6.730000000000000000e+02
5.823464393615722656e+01,6.740000000000000000e+02
5.831019210815429688e+01,6.750000000000000000e+02
5.838557195663452148e+01,6.760000000000000000e+02
5.846098804473876953e+01,6.770000000000000000e+02
5.853657603263854980e+01,6.780000000000000000e+02
5.861194109916687012e+01,6.790000000000000000e+02
5.868728876113891602e+01,6.800000000000000000e+02
5.876256752014160156e+01,6.810000000000000000e+02
5.883788299560546875e+01,6.820000000000000000e+02
5.891520380973815918e+01,6.830000000000000000e+02
5.899422478675842285e+01,6.840000000000000000e+02
5.906970667839050293e+01,6.850000000000000000e+02
5.914520478248596191e+01,6.860000000000000000e+02
5.922066426277160645e+01,6.870000000000000000e+02
5.929616141319274902e+01,6.880000000000000000e+02
5.937165927886962891e+01,6.890000000000000000e+02
5.944718050956726074e+01,6.900000000000000000e+02
5.952262020111083984e+01,6.910000000000000000e+02
5.959799790382385254e+01,6.920000000000000000e+02
5.967344617843627930e+01,6.930000000000000000e+02
5.974881029129028320e+01,6.940000000000000000e+02
5.982421374320983887e+01,6.950000000000000000e+02
5.989955425262451172e+01,6.960000000000000000e+02
5.997544765472412109e+01,6.970000000000000000e+02
6.005083870887756348e+01,6.980000000000000000e+02
