time,packet_count
1.621956825256347656e-01,1.000000000000000000e+00
2.408251762390136719e-01,2.000000000000000000e+00
3.158087730407714844e-01,3.000000000000000000e+00
3.906872272491455078e-01,4.000000000000000000e+00
5.384292602539062500e-01,5.000000000000000000e+00
6.137206554412841797e-01,6.000000000000000000e+00
6.891989707946777344e-01,7.000000000000000000e+00
7.645220756530761719e-01,8.000000000000000000e+00
8.398027420043945312e-01,9.000000000000000000e+00
9.156818389892578125e-01,1.000000000000000000e+01
9.908702373504638672e-01,1.100000000000000000e+01
1.066146612167358398e+00,1.200000000000000000e+01
1.141535758972167969e+00,1.300000000000000000e+01
1.216848611831665039e+00,1.400000000000000000e+01
1.292388916015625000e+00,1.500000000000000000e+01
1.367749929428100586e+00,1.600000000000000000e+01
1.443027019500732422e+00,1.700000000000000000e+01
1.518406867980957031e+00,1.800000000000000000e+01
1.593755960464477539e+00,1.900000000000000000e+01
1.669114112854003906e+00,2.000000000000000000e+01
1.744487524032592773e+00,2.100000000000000000e+01
1.819811582565307617e+00,2.200000000000000000e+01
1.895210981369018555e+00,2.300000000000000000e+01
1.970525503158569336e+00,2.400000000000000000e+01
2.045896768569946289e+00,2.500000000000000000e+01
2.121254682540893555e+00,2.600000000000000000e+01
2.196593999862670898e+00,2.700000000000000000e+01
2.269872188568115234e+00,2.800000000000000000e+01
2.345683813095092773e+00,2.900000000000000000e+01
2.420580863952636719e+00,3.000000000000000000e+01
2.495500326156616211e+00,3.100000000000000000e+01
2.570305824279785156e+00,3.200000000000000000e+01
2.793394565582275391e+00,3.300000000000000000e+01
2.868613719940185547e+00,3.400000000000000000e+01
2.944273471832275391e+00,3.500000000000000000e+01
3.020195960998535156e+00,3.600000000000000000e+01
3.095669031143188477e+00,3.700000000000000000e+01
3.171176433563232422e+00,3.800000000000000000e+01
3.246741294860839844e+00,3.900000000000000000e+01
3.322268247604370117e+00,4.000000000000000000e+01
3.397629261016845703e+00,4.100000000000000000e+01
3.473021030426025391e+00,4.200000000000000000e+01
3.548385858535766602e+00,4.300000000000000000e+01
3.623771429061889648e+00,4.400000000000000000e+01
3.699294090270996094e+00,4.500000000000000000e+01
3.774720907211303711e+00,4.600000000000000000e+01
3.850193977355957031e+00,4.700000000000000000e+01
3.925604104995727539e+00,4.800000000000000000e+01
4.001912355422973633e+00,4.900000000000000000e+01
4.080516099929809570e+00,5.000000000000000000e+01
4.155985593795776367e+00,5.100000000000000000e+01
4.231789350509643555e+00,5.200000000000000000e+01
4.307690858840942383e+00,5.300000000000000000e+01
4.458792686462402344e+00,5.400000000000000000e+01
4.535302639007568359e+00,5.500000000000000000e+01
4.613707065582275391e+00,5.600000000000000000e+01
4.837164878845214844e+00,5.700000000000000000e+01
4.912714481353759766e+00,5.800000000000000000e+01
4.988524913787841797e+00,5.900000000000000000e+01
5.064028978347778320e+00,6.000000000000000000e+01
5.139956951141357422e+00,6.100000000000000000e+01
5.215864181518554688e+00,6.200000000000000000e+01
5.291571378707885742e+00,6.300000000000000000e+01
5.367888450622558594e+00,6.400000000000000000e+01
5.445885896682739258e+00,6.500000000000000000e+01
5.669265270233154297e+00,6.600000000000000000e+01
5.744573831558227539e+00,6.700000000000000000e+01
5.819775819778442383e+00,6.800000000000000000e+01
5.895459651947021484e+00,6.900000000000000000e+01
5.970894336700439453e+00,7.000000000000000000e+01
6.046250820159912109e+00,7.100000000000000000e+01
6.121568202972412109e+00,7.200000000000000000e+01
6.200542211532592773e+00,7.300000000000000000e+01
6.278827905654907227e+00,7.400000000000000000e+01
6.501598596572875977e+00,7.500000000000000000e+01
6.577314615249633789e+00,7.600000000000000000e+01
6.652502298355102539e+00,7.700000000000000000e+01
6.727739095687866211e+00,7.800000000000000000e+01
6.803323745727539062e+00,7.900000000000000000e+01
6.879469394683837891e+00,8.000000000000000000e+01
6.954771280288696289e+00,8.100000000000000000e+01
7.030665397644042969e+00,8.200000000000000000e+01
7.106164216995239258e+00,8.300000000000000000e+01
7.181545257568359375e+00,8.400000000000000000e+01
7.257380485534667969e+00,8.500000000000000000e+01
7.333346605300903320e+00,8.600000000000000000e+01
7.408783435821533203e+00,8.700000000000000000e+01
7.484217643737792969e+00,8.800000000000000000e+01
7.559693813323974609e+00,8.900000000000000000e+01
7.635110616683959961e+00,9.000000000000000000e+01
7.710640192031860352e+00,9.100000000000000000e+01
7.786046266555786133e+00,9.200000000000000000e+01
7.861505270004272461e+00,9.300000000000000000e+01
7.936991453170776367e+00,9.400000000000000000e+01
8.013130187988281250e+00,9.500000000000000000e+01
8.089094400405883789e+00,9.600000000000000000e+01
8.164513349533081055e+00,9.700000000000000000e+01
8.240904808044433594e+00,9.800000000000000000e+01
8.317239999771118164e+00,9.900000000000000000e+01
8.392799615859985352e+00,1.000000000000000000e+02
8.468479871749877930e+00,1.010000000000000000e+02
8.544204473495483398e+00,1.020000000000000000e+02
8.619909048080444336e+00,1.030000000000000000e+02
8.695580720901489258e+00,1.040000000000000000e+02
8.771320104598999023e+00,1.050000000000000000e+02
8.846832990646362305e+00,1.060000000000000000e+02
8.922184944152832031e+00,1.070000000000000000e+02
8.998705625534057617e+00,1.080000000000000000e+02
9.078400135040283203e+00,1.090000000000000000e+02
9.226209878921508789e+00,1.100000000000000000e+02
9.301625728607177734e+00,1.110000000000000000e+02
9.377044916152954102e+00,1.120000000000000000e+02
9.452442646026611328e+00,1.130000000000000000e+02
9.528382062911987305e+00,1.140000000000000000e+02
9.604615211486816406e+00,1.150000000000000000e+02
9.680130958557128906e+00,1.160000000000000000e+02
9.755695343017578125e+00,1.170000000000000000e+02
9.831547975540161133e+00,1.180000000000000000e+02
9.907457351684570312e+00,1.190000000000000000e+02
9.982923746109008789e+00,1.200000000000000000e+02
1.005842494964599609e+01,1.210000000000000000e+02
1.013403534889221191e+01,1.220000000000000000e+02
1.020947170257568359e+01,1.230000000000000000e+02
1.028484678268432617e+01,1.240000000000000000e+02
1.036029648780822754e+01,1.250000000000000000e+02
1.043571901321411133e+01,1.260000000000000000e+02
1.051180672645568848e+01,1.270000000000000000e+02
1.058791422843933105e+01,1.280000000000000000e+02
1.066327166557312012e+01,1.290000000000000000e+02
1.073862624168395996e+01,1.300000000000000000e+02
1.081408596038818359e+01,1.310000000000000000e+02
1.088958144187927246e+01,1.320000000000000000e+02
1.096513867378234863e+01,1.330000000000000000e+02
1.104070281982421875e+01,1.340000000000000000e+02
1.111602425575256348e+01,1.350000000000000000e+02
1.119145226478576660e+01,1.360000000000000000e+02
1.126727819442749023e+01,1.370000000000000000e+02
1.134384012222290039e+01,1.380000000000000000e+02
1.141940569877624512e+01,1.390000000000000000e+02
1.149488663673400879e+01,1.400000000000000000e+02
1.157028341293334961e+01,1.410000000000000000e+02
1.164581918716430664e+01,1.420000000000000000e+02
1.172120213508605957e+01,1.430000000000000000e+02
1.179666590690612793e+01,1.440000000000000000e+02
1.187212419509887695e+01,1.450000000000000000e+02
1.194757938385009766e+01,1.460000000000000000e+02
1.202308177947998047e+01,1.470000000000000000e+02
1.209863305091857910e+01,1.480000000000000000e+02
1.217407107353210449e+01,1.490000000000000000e+02
1.224953055381774902e+01,1.500000000000000000e+02
1.232525491714477539e+01,1.510000000000000000e+02
1.240114045143127441e+01,1.520000000000000000e+02
1.247662615776062012e+01,1.530000000000000000e+02
1.255240774154663086e+01,1.540000000000000000e+02
1.262801456451416016e+01,1.550000000000000000e+02
1.270365929603576660e+01,1.560000000000000000e+02
1.277893352508544922e+01,1.570000000000000000e+02
1.285425496101379395e+01,1.580000000000000000e+02
1.292956829071044922e+01,1.590000000000000000e+02
1.300697445869445801e+01,1.600000000000000000e+02
1.308402395248413086e+01,1.610000000000000000e+02
1.315925002098083496e+01,1.620000000000000000e+02
1.323452687263488770e+01,1.630000000000000000e+02
1.330991411209106445e+01,1.640000000000000000e+02
1.338535118103027344e+01,1.650000000000000000e+02
1.346078896522521973e+01,1.660000000000000000e+02
1.353665709495544434e+01,1.670000000000000000e+02
1.361261415481567383e+01,1.680000000000000000e+02
1.368803524971008301e+01,1.690000000000000000e+02
1.376342773437500000e+01,1.700000000000000000e+02
1.383882188796997070e+01,1.710000000000000000e+02
1.392095780372619629e+01,1.720000000000000000e+02
1.400592279434204102e+01,1.730000000000000000e+02
1.423671650886535645e+01,1.740000000000000000e+02
1.446353745460510254e+01,1.750000000000000000e+02
1.453920030593872070e+01,1.760000000000000000e+02
1.476591444015502930e+01,1.770000000000000000e+02
1.484160399436950684e+01,1.780000000000000000e+02
1.491729712486267090e+01,1.790000000000000000e+02
1.499292182922363281e+01,1.800000000000000000e+02
1.506858777999877930e+01,1.810000000000000000e+02
1.514386439323425293e+01,1.820000000000000000e+02
1.521905112266540527e+01,1.830000000000000000e+02
1.529435801506042480e+01,1.840000000000000000e+02
1.536977100372314453e+01,1.850000000000000000e+02
1.544511198997497559e+01,1.860000000000000000e+02
1.552065753936767578e+01,1.870000000000000000e+02
1.559610152244567871e+01,1.880000000000000000e+02
1.567156744003295898e+01,1.890000000000000000e+02
1.574692821502685547e+01,1.900000000000000000e+02
1.582280826568603516e+01,1.910000000000000000e+02
1.589863467216491699e+01,1.920000000000000000e+02
1.597394919395446777e+01,1.930000000000000000e+02
1.604931974411010742e+01,1.940000000000000000e+02
1.612461543083190918e+01,1.950000000000000000e+02
1.619992971420288086e+01,1.960000000000000000e+02
1.627527785301208496e+01,1.970000000000000000e+02
1.635068225860595703e+01,1.980000000000000000e+02
1.642592883110046387e+01,1.990000000000000000e+02
1.650143742561340332e+01,2.000000000000000000e+02
1.657754611968994141e+01,2.010000000000000000e+02
1.665298175811767578e+01,2.020000000000000000e+02
1.672874784469604492e+01,2.030000000000000000e+02
1.680475568771362305e+01,2.040000000000000000e+02
1.688088536262512207e+01,2.050000000000000000e+02
1.695649528503417969e+01,2.060000000000000000e+02
1.703289508819580078e+01,2.070000000000000000e+02
1.710909366607666016e+01,2.080000000000000000e+02
1.718540549278259277e+01,2.090000000000000000e+02
1.726153445243835449e+01,2.100000000000000000e+02
1.733783006668090820e+01,2.110000000000000000e+02
1.741341042518615723e+01,2.120000000000000000e+02
1.748905611038208008e+01,2.130000000000000000e+02
1.756481957435607910e+01,2.140000000000000000e+02
1.764054608345031738e+01,2.150000000000000000e+02
1.771633028984069824e+01,2.160000000000000000e+02
1.779207324981689453e+01,2.170000000000000000e+02
1.786749005317687988e+01,2.180000000000000000e+02
1.794290304183959961e+01,2.190000000000000000e+02
1.801828408241271973e+01,2.200000000000000000e+02
1.809388232231140137e+01,2.210000000000000000e+02
1.816931867599487305e+01,2.220000000000000000e+02
1.824469327926635742e+01,2.230000000000000000e+02
1.832005834579467773e+01,2.240000000000000000e+02
1.839531397819519043e+01,2.250000000000000000e+02
1.847067189216613770e+01,2.260000000000000000e+02
1.854613161087036133e+01,2.270000000000000000e+02
1.862152671813964844e+01,2.280000000000000000e+02
1.869691014289855957e+01,2.290000000000000000e+02
1.877225112915039062e+01,2.300000000000000000e+02
1.884801054000854492e+01,2.310000000000000000e+02
1.892344856262207031e+01,2.320000000000000000e+02
1.900000834465026855e+01,2.330000000000000000e+02
1.907728075981140137e+01,2.340000000000000000e+02
1.915343213081359863e+01,2.350000000000000000e+02
1.922923493385314941e+01,2.360000000000000000e+02
1.930509185791015625e+01,2.370000000000000000e+02
1.938083696365356445e+01,2.380000000000000000e+02
1.945656299591064453e+01,2.390000000000000000e+02
1.953305435180664062e+01,2.400000000000000000e+02
1.960963773727416992e+01,2.410000000000000000e+02
1.968529844284057617e+01,2.420000000000000000e+02
1.976099491119384766e+01,2.430000000000000000e+02
1.983667874336242676e+01,2.440000000000000000e+02
1.991225957870483398e+01,2.450000000000000000e+02
1.998785614967346191e+01,2.460000000000000000e+02
2.006351113319396973e+01,2.470000000000000000e+02
2.013887405395507812e+01,2.480000000000000000e+02
2.021424698829650879e+01,2.490000000000000000e+02
2.029018449783325195e+01,2.500000000000000000e+02
2.036629033088684082e+01,2.510000000000000000e+02
2.044286870956420898e+01,2.520000000000000000e+02
2.051869010925292969e+01,2.530000000000000000e+02
2.074491381645202637e+01,2.540000000000000000e+02
2.082064080238342285e+01,2.550000000000000000e+02
2.089624309539794922e+01,2.560000000000000000e+02
2.097157669067382812e+01,2.570000000000000000e+02
2.104690098762512207e+01,2.580000000000000000e+02
2.112222647666931152e+01,2.590000000000000000e+02
2.119757080078125000e+01,2.600000000000000000e+02
2.127285003662109375e+01,2.610000000000000000e+02
2.134818410873413086e+01,2.620000000000000000e+02
2.142343807220458984e+01,2.630000000000000000e+02
2.149871873855590820e+01,2.640000000000000000e+02
2.157794094085693359e+01,2.650000000000000000e+02
2.165804147720336914e+01,2.660000000000000000e+02
2.173293638229370117e+01,2.670000000000000000e+02
2.180870389938354492e+01,2.680000000000000000e+02
2.188355350494384766e+01,2.690000000000000000e+02
2.203123641014099121e+01,2.700000000000000000e+02
2.210677599906921387e+01,2.710000000000000000e+02
2.218210959434509277e+01,2.720000000000000000e+02
2.225778460502624512e+01,2.730000000000000000e+02
2.233355569839477539e+01,2.740000000000000000e+02
2.240876460075378418e+01,2.750000000000000000e+02
2.248403072357177734e+01,2.760000000000000000e+02
2.255925536155700684e+01,2.770000000000000000e+02
2.263453054428100586e+01,2.780000000000000000e+02
2.270986771583557129e+01,2.790000000000000000e+02
2.278511357307434082e+01,2.800000000000000000e+02
2.286036181449890137e+01,2.810000000000000000e+02
2.293561005592346191e+01,2.820000000000000000e+02
2.301160597801208496e+01,2.830000000000000000e+02
2.308746862411499023e+01,2.840000000000000000e+02
2.316278338432312012e+01,2.850000000000000000e+02
2.323860621452331543e+01,2.860000000000000000e+02
2.331466078758239746e+01,2.870000000000000000e+02
2.339001417160034180e+01,2.880000000000000000e+02
2.346537828445434570e+01,2.890000000000000000e+02
2.354085350036621094e+01,2.900000000000000000e+02
2.361621284484863281e+01,2.910000000000000000e+02
2.369214844703674316e+01,2.920000000000000000e+02
2.376784586906433105e+01,2.930000000000000000e+02
2.384376883506774902e+01,2.940000000000000000e+02
2.391951799392700195e+01,2.950000000000000000e+02
2.399552059173583984e+01,2.960000000000000000e+02
2.407174587249755859e+01,2.970000000000000000e+02
2.414713430404663086e+01,2.980000000000000000e+02
2.422252821922302246e+01,2.990000000000000000e+02
2.429788613319396973e+01,3.000000000000000000e+02
2.437327313423156738e+01,3.010000000000000000e+02
2.444868302345275879e+01,3.020000000000000000e+02
2.452437710762023926e+01,3.030000000000000000e+02
2.460063099861145020e+01,3.040000000000000000e+02
2.467650556564331055e+01,3.050000000000000000e+02
2.475215673446655273e+01,3.060000000000000000e+02
2.482821536064147949e+01,3.070000000000000000e+02
2.490425729751586914e+01,3.080000000000000000e+02
2.498007988929748535e+01,3.090000000000000000e+02
2.505603361129760742e+01,3.100000000000000000e+02
2.513185596466064453e+01,3.110000000000000000e+02
2.520776844024658203e+01,3.120000000000000000e+02
2.528345084190368652e+01,3.130000000000000000e+02
2.535908102989196777e+01,3.140000000000000000e+02
2.543469882011413574e+01,3.150000000000000000e+02
2.551109910011291504e+01,3.160000000000000000e+02
2.558693885803222656e+01,3.170000000000000000e+02
2.566221237182617188e+01,3.180000000000000000e+02
2.573757100105285645e+01,3.190000000000000000e+02
2.581292796134948730e+01,3.200000000000000000e+02
2.588833594322204590e+01,3.210000000000000000e+02
2.596370530128479004e+01,3.220000000000000000e+02
2.603949189186096191e+01,3.230000000000000000e+02
2.611542963981628418e+01,3.240000000000000000e+02
2.619078731536865234e+01,3.250000000000000000e+02
2.626654434204101562e+01,3.260000000000000000e+02
2.634247851371765137e+01,3.270000000000000000e+02
2.641805720329284668e+01,3.280000000000000000e+02
2.649333167076110840e+01,3.290000000000000000e+02
2.656866765022277832e+01,3.300000000000000000e+02
2.664392447471618652e+01,3.310000000000000000e+02
2.671914052963256836e+01,3.320000000000000000e+02
2.679440307617187500e+01,3.330000000000000000e+02
2.686972737312316895e+01,3.340000000000000000e+02
2.694504857063293457e+01,3.350000000000000000e+02
2.702040767669677734e+01,3.360000000000000000e+02
2.709572410583496094e+01,3.370000000000000000e+02
2.717093825340270996e+01,3.380000000000000000e+02
2.724412178993225098e+01,3.390000000000000000e+02
2.731935048103332520e+01,3.400000000000000000e+02
2.739420437812805176e+01,3.410000000000000000e+02
2.746910834312438965e+01,3.420000000000000000e+02
2.761673784255981445e+01,3.430000000000000000e+02
2.769197726249694824e+01,3.440000000000000000e+02
2.776732397079467773e+01,3.450000000000000000e+02
2.784256815910339355e+01,3.460000000000000000e+02
2.791863560676574707e+01,3.470000000000000000e+02
2.799401593208312988e+01,3.480000000000000000e+02
2.806948447227478027e+01,3.490000000000000000e+02
2.814480662345886230e+01,3.500000000000000000e+02
2.822008204460144043e+01,3.510000000000000000e+02
2.829556775093078613e+01,3.520000000000000000e+02
2.837094378471374512e+01,3.530000000000000000e+02
2.844627737998962402e+01,3.540000000000000000e+02
2.852180981636047363e+01,3.550000000000000000e+02
2.859734010696411133e+01,3.560000000000000000e+02
2.867308926582336426e+01,3.570000000000000000e+02
2.874886465072631836e+01,3.580000000000000000e+02
2.882457160949707031e+01,3.590000000000000000e+02
2.890006589889526367e+01,3.600000000000000000e+02
2.897550511360168457e+01,3.610000000000000000e+02
2.905168509483337402e+01,3.620000000000000000e+02
2.913927221298217773e+01,3.630000000000000000e+02
2.921639370918273926e+01,3.640000000000000000e+02
2.929192948341369629e+01,3.650000000000000000e+02
2.936766409873962402e+01,3.660000000000000000e+02
2.944363570213317871e+01,3.670000000000000000e+02
2.951908612251281738e+01,3.680000000000000000e+02
2.959460592269897461e+01,3.690000000000000000e+02
2.967000961303710938e+01,3.700000000000000000e+02
2.974536252021789551e+01,3.710000000000000000e+02
2.982071709632873535e+01,3.720000000000000000e+02
2.989604616165161133e+01,3.730000000000000000e+02
2.997136330604553223e+01,3.740000000000000000e+02
3.004668974876403809e+01,3.750000000000000000e+02
3.011997604370117188e+01,3.760000000000000000e+02
3.019525480270385742e+01,3.770000000000000000e+02
3.027009344100952148e+01,3.780000000000000000e+02
3.034502100944519043e+01,3.790000000000000000e+02
3.049270606040954590e+01,3.800000000000000000e+02
3.056802129745483398e+01,3.810000000000000000e+02
3.064342498779296875e+01,3.820000000000000000e+02
3.071888637542724609e+01,3.830000000000000000e+02
3.079425764083862305e+01,3.840000000000000000e+02
3.086986255645751953e+01,3.850000000000000000e+02
3.094569087028503418e+01,3.860000000000000000e+02
3.102112507820129395e+01,3.870000000000000000e+02
3.109660696983337402e+01,3.880000000000000000e+02
3.117207121849060059e+01,3.890000000000000000e+02
3.124748992919921875e+01,3.900000000000000000e+02
3.132295894622802734e+01,3.910000000000000000e+02
3.139833593368530273e+01,3.920000000000000000e+02
3.147375535964965820e+01,3.930000000000000000e+02
3.154944801330566406e+01,3.940000000000000000e+02
3.162493824958801270e+01,3.950000000000000000e+02
3.170036220550537109e+01,3.960000000000000000e+02
3.177585172653198242e+01,3.970000000000000000e+02
3.185156989097595215e+01,3.980000000000000000e+02
3.192709422111511230e+01,3.990000000000000000e+02
3.200420069694519043e+01,4.000000000000000000e+02
3.207988452911376953e+01,4.010000000000000000e+02
3.215530323982238770e+01,4.020000000000000000e+02
3.223079490661621094e+01,4.030000000000000000e+02
3.230650138854980469e+01,4.040000000000000000e+02
3.238307380676269531e+01,4.050000000000000000e+02
3.245837569236755371e+01,4.060000000000000000e+02
3.253426837921142578e+01,4.070000000000000000e+02
3.260959839820861816e+01,4.080000000000000000e+02
3.268488430976867676e+01,4.090000000000000000e+02
3.276022195816040039e+01,4.100000000000000000e+02
3.283556175231933594e+01,4.110000000000000000e+02
3.291086673736572266e+01,4.120000000000000000e+02
3.298624467849731445e+01,4.130000000000000000e+02
3.306161308288574219e+01,4.140000000000000000e+02
3.313690209388732910e+01,4.150000000000000000e+02
3.321218466758728027e+01,4.160000000000000000e+02
3.328744125366210938e+01,4.170000000000000000e+02
3.336278152465820312e+01,4.180000000000000000e+02
3.343807077407836914e+01,4.190000000000000000e+02
3.351400589942932129e+01,4.200000000000000000e+02
3.358992958068847656e+01,4.210000000000000000e+02
3.366531038284301758e+01,4.220000000000000000e+02
3.374071192741394043e+01,4.230000000000000000e+02
3.381616997718811035e+01,4.240000000000000000e+02
3.389152765274047852e+01,4.250000000000000000e+02
3.396693038940429688e+01,4.260000000000000000e+02
3.404017925262451172e+01,4.270000000000000000e+02
3.411548066139221191e+01,4.280000000000000000e+02
3.419032382965087891e+01,4.290000000000000000e+02
3.426550054550170898e+01,4.300000000000000000e+02
3.434042668342590332e+01,4.310000000000000000e+02
3.448811960220336914e+01,4.320000000000000000e+02
3.456341862678527832e+01,4.330000000000000000e+02
3.463880944252014160e+01,4.340000000000000000e+02
3.471413755416870117e+01,4.350000000000000000e+02
3.478947973251342773e+01,4.360000000000000000e+02
3.486484289169311523e+01,4.370000000000000000e+02
3.494020557403564453e+01,4.380000000000000000e+02
3.501658320426940918e+01,4.390000000000000000e+02
3.509291648864746094e+01,4.400000000000000000e+02
3.516831731796264648e+01,4.410000000000000000e+02
3.524373793601989746e+01,4.420000000000000000e+02
3.531915211677551270e+01,4.430000000000000000e+02
3.539465665817260742e+01,4.440000000000000000e+02
3.547004365921020508e+01,4.450000000000000000e+02
3.554552173614501953e+01,4.460000000000000000e+02
3.562084221839904785e+01,4.470000000000000000e+02
3.569615507125854492e+01,4.480000000000000000e+02
3.577142882347106934e+01,4.490000000000000000e+02
3.584680318832397461e+01,4.500000000000000000e+02
3.592214250564575195e+01,4.510000000000000000e+02
3.599743247032165527e+01,4.520000000000000000e+02
3.607295489311218262e+01,4.530000000000000000e+02
3.614838957786560059e+01,4.540000000000000000e+02
3.622374200820922852e+01,4.550000000000000000e+02
3.629918003082275391e+01,4.560000000000000000e+02
3.637456035614013672e+01,4.570000000000000000e+02
3.645200657844543457e+01,4.580000000000000000e+02
3.653314971923828125e+01,4.590000000000000000e+02
3.661165165901184082e+01,4.600000000000000000e+02
3.668657994270324707e+01,4.610000000000000000e+02
3.683424353599548340e+01,4.620000000000000000e+02
3.690980219841003418e+01,4.630000000000000000e+02
3.698540067672729492e+01,4.640000000000000000e+02
3.706089186668395996e+01,4.650000000000000000e+02
3.713627934455871582e+01,4.660000000000000000e+02
3.721160221099853516e+01,4.670000000000000000e+02
3.728692698478698730e+01,4.680000000000000000e+02
3.736237096786499023e+01,4.690000000000000000e+02
3.743764424324035645e+01,4.700000000000000000e+02
3.751402330398559570e+01,4.710000000000000000e+02
3.758952164649963379e+01,4.720000000000000000e+02
3.766491007804870605e+01,4.730000000000000000e+02
3.774020504951477051e+01,4.740000000000000000e+02
3.781559014320373535e+01,4.750000000000000000e+02
3.789091682434082031e+01,4.760000000000000000e+02
3.796630549430847168e+01,4.770000000000000000e+02
3.804164814949035645e+01,4.780000000000000000e+02
3.811707091331481934e+01,4.790000000000000000e+02
3.819246745109558105e+01,4.800000000000000000e+02
3.826814603805541992e+01,4.810000000000000000e+02
3.834404659271240234e+01,4.820000000000000000e+02
3.841958355903625488e+01,4.830000000000000000e+02
3.849494147300720215e+01,4.840000000000000000e+02
3.857032203674316406e+01,4.850000000000000000e+02
3.864566111564636230e+01,4.860000000000000000e+02
3.872098469734191895e+01,4.870000000000000000e+02
3.879629826545715332e+01,4.880000000000000000e+02
3.887166500091552734e+01,4.890000000000000000e+02
3.894696927070617676e+01,4.900000000000000000e+02
3.902240061759948730e+01,4.910000000000000000e+02
3.909558939933776855e+01,4.920000000000000000e+02
3.917081260681152344e+01,4.930000000000000000e+02
3.924564051628112793e+01,4.940000000000000000e+02
3.932045602798461914e+01,4.950000000000000000e+02
3.946807146072387695e+01,4.960000000000000000e+02
3.954330539703369141e+01,4.970000000000000000e+02
3.961897468566894531e+01,4.980000000000000000e+02
3.969422483444213867e+01,4.990000000000000000e+02
3.976952576637268066e+01,5.000000000000000000e+02
3.984540891647338867e+01,5.010000000000000000e+02
3.992139768600463867e+01,5.020000000000000000e+02
3.999662280082702637e+01,5.030000000000000000e+02
4.007188034057617188e+01,5.040000000000000000e+02
4.014720177650451660e+01,5.050000000000000000e+02
4.022255563735961914e+01,5.060000000000000000e+02
4.029787778854370117e+01,5.070000000000000000e+02
4.037314939498901367e+01,5.080000000000000000e+02
4.044833397865295410e+01,5.090000000000000000e+02
4.052367281913757324e+01,5.100000000000000000e+02
4.059900546073913574e+01,5.110000000000000000e+02
4.067423105239868164e+01,5.120000000000000000e+02
4.074954414367675781e+01,5.130000000000000000e+02
4.082486581802368164e+01,5.140000000000000000e+02
4.090019559860229492e+01,5.150000000000000000e+02
4.097540903091430664e+01,5.160000000000000000e+02
4.105073714256286621e+01,5.170000000000000000e+02
4.112397718429565430e+01,5.180000000000000000e+02
4.119924306869506836e+01,5.190000000000000000e+02
4.127413964271545410e+01,5.200000000000000000e+02
4.134899902343750000e+01,5.210000000000000000e+02
4.149679446220397949e+01,5.220000000000000000e+02
4.157222843170166016e+01,5.230000000000000000e+02
4.164755654335021973e+01,5.240000000000000000e+02
4.172290420532226562e+01,5.250000000000000000e+02
4.179822731018066406e+01,5.260000000000000000e+02
4.187357783317565918e+01,5.270000000000000000e+02
4.194896101951599121e+01,5.280000000000000000e+02
4.203203964233398438e+01,5.290000000000000000e+02
4.211496782302856445e+01,5.300000000000000000e+02
4.219732284545898438e+01,5.310000000000000000e+02
4.227259397506713867e+01,5.320000000000000000e+02
4.234747052192687988e+01,5.330000000000000000e+02
4.249514436721801758e+01,5.340000000000000000e+02
4.257045602798461914e+01,5.350000000000000000e+02
4.264584445953369141e+01,5.360000000000000000e+02
4.272139835357666016e+01,5.370000000000000000e+02
4.279679322242736816e+01,5.380000000000000000e+02
4.287212324142456055e+01,5.390000000000000000e+02
4.294755911827087402e+01,5.400000000000000000e+02
4.302297186851501465e+01,5.410000000000000000e+02
4.309853601455688477e+01,5.420000000000000000e+02
4.317387056350708008e+01,5.430000000000000000e+02
4.324924111366271973e+01,5.440000000000000000e+02
4.332463812828063965e+01,5.450000000000000000e+02
4.339989757537841797e+01,5.460000000000000000e+02
4.347513794898986816e+01,5.470000000000000000e+02
4.355039763450622559e+01,5.480000000000000000e+02
4.362571668624877930e+01,5.490000000000000000e+02
4.370092988014221191e+01,5.500000000000000000e+02
4.377620339393615723e+01,5.510000000000000000e+02
4.385144114494323730e+01,5.520000000000000000e+02
4.392665362358093262e+01,5.530000000000000000e+02
4.400069332122802734e+01,5.540000000000000000e+02
4.407617568969726562e+01,5.550000000000000000e+02
4.415127468109130859e+01,5.560000000000000000e+02
4.422616481781005859e+01,5.570000000000000000e+02
4.430101919174194336e+01,5.580000000000000000e+02
4.437616658210754395e+01,5.590000000000000000e+02
4.459955573081970215e+01,5.600000000000000000e+02
4.467530322074890137e+01,5.610000000000000000e+02
4.475072598457336426e+01,5.620000000000000000e+02
4.482660651206970215e+01,5.630000000000000000e+02
4.490232920646667480e+01,5.640000000000000000e+02
4.497795653343200684e+01,5.650000000000000000e+02
4.505389118194580078e+01,5.660000000000000000e+02
4.512944531440734863e+01,5.670000000000000000e+02
4.520524787902832031e+01,5.680000000000000000e+02
4.528097200393676758e+01,5.690000000000000000e+02
4.535657262802124023e+01,5.700000000000000000e+02
4.543190526962280273e+01,5.710000000000000000e+02
4.550828266143798828e+01,5.720000000000000000e+02
4.558703804016113281e+01,5.730000000000000000e+02
4.573469400405883789e+01,5.740000000000000000e+02
4.581060433387756348e+01,5.750000000000000000e+02
4.588648867607116699e+01,5.760000000000000000e+02
4.596189498901367188e+01,5.770000000000000000e+02
4.603751349449157715e+01,5.780000000000000000e+02
4.611338925361633301e+01,5.790000000000000000e+02
4.618871712684631348e+01,5.800000000000000000e+02
4.626463580131530762e+01,5.810000000000000000e+02
4.634034729003906250e+01,5.820000000000000000e+02
4.641560626029968262e+01,5.830000000000000000e+02
4.649084973335266113e+01,5.840000000000000000e+02
4.656616520881652832e+01,5.850000000000000000e+02
4.664144325256347656e+01,5.860000000000000000e+02
4.671671891212463379e+01,5.870000000000000000e+02
4.683256411552429199e+01,5.880000000000000000e+02
4.690582323074340820e+01,5.890000000000000000e+02
4.698109626770019531e+01,5.900000000000000000e+02
4.705596280097961426e+01,5.910000000000000000e+02
4.713093256950378418e+01,5.920000000000000000e+02
4.727854013442993164e+01,5.930000000000000000e+02
4.735381913185119629e+01,5.940000000000000000e+02
4.742951917648315430e+01,5.950000000000000000e+02
4.750794506072998047e+01,5.960000000000000000e+02
4.758717131614685059e+01,5.970000000000000000e+02
4.766203713417053223e+01,5.980000000000000000e+02
4.773695945739746094e+01,5.990000000000000000e+02
4.781179881095886230e+01,6.000000000000000000e+02
4.795947360992431641e+01,6.010000000000000000e+02
4.803526592254638672e+01,6.020000000000000000e+02
4.811124110221862793e+01,6.030000000000000000e+02
4.818655133247375488e+01,6.040000000000000000e+02
4.826240539550781250e+01,6.050000000000000000e+02
4.833819985389709473e+01,6.060000000000000000e+02
4.841345095634460449e+01,6.070000000000000000e+02
4.848876953125000000e+01,6.080000000000000000e+02
4.856404066085815430e+01,6.090000000000000000e+02
4.864111161231994629e+01,6.100000000000000000e+02
4.871637511253356934e+01,6.110000000000000000e+02
4.879152512550354004e+01,6.120000000000000000e+02
4.886679601669311523e+01,6.130000000000000000e+02
4.894251227378845215e+01,6.140000000000000000e+02
4.901898455619812012e+01,6.150000000000000000e+02
4.909477663040161133e+01,6.160000000000000000e+02
4.917007017135620117e+01,6.170000000000000000e+02
4.924536800384521484e+01,6.180000000000000000e+02
4.932061338424682617e+01,6.190000000000000000e+02
4.939588999748229980e+01,6.200000000000000000e+02
4.947114276885986328e+01,6.210000000000000000e+02
4.954637169837951660e+01,6.220000000000000000e+02
4.962162113189697266e+01,6.230000000000000000e+02
4.969682264328002930e+01,6.240000000000000000e+02
4.977210545539855957e+01,6.250000000000000000e+02
4.984734606742858887e+01,6.260000000000000000e+02
4.992804336547851562e+01,6.270000000000000000e+02
5.001148486137390137e+01,6.280000000000000000e+02
5.008441185951232910e+01,6.290000000000000000e+02
5.015984416007995605e+01,6.300000000000000000e+02
5.023466920852661133e+01,6.310000000000000000e+02
5.030988907814025879e+01,6.320000000000000000e+02
5.038479399681091309e+01,6.330000000000000000e+02
5.053252196311950684e+01,6.340000000000000000e+02
5.060853838920593262e+01,6.350000000000000000e+02
5.068382143974304199e+01,6.360000000000000000e+02
5.075908041000366211e+01,6.370000000000000000e+02
5.083432221412658691e+01,6.380000000000000000e+02
5.090971136093139648e+01,6.390000000000000000e+02
5.098497533798217773e+01,6.400000000000000000e+02
5.106040120124816895e+01,6.410000000000000000e+02
5.113574552536010742e+01,6.420000000000000000e+02
5.121100378036499023e+01,6.430000000000000000e+02
5.128638124465942383e+01,6.440000000000000000e+02
5.136174488067626953e+01,6.450000000000000000e+02
5.143715500831604004e+01,6.460000000000000000e+02
5.151326727867126465e+01,6.470000000000000000e+02
5.158920621871948242e+01,6.480000000000000000e+02
5.166457319259643555e+01,6.490000000000000000e+02
5.174001216888427734e+01,6.500000000000000000e+02
5.181563925743103027e+01,6.510000000000000000e+02
5.189103078842163086e+01,6.520000000000000000e+02
5.196636390686035156e+01,6.530000000000000000e+02
5.204182124137878418e+01,6.540000000000000000e+02
5.211724066734313965e+01,6.550000000000000000e+02
5.219262266159057617e+01,6.560000000000000000e+02
5.226816821098327637e+01,6.570000000000000000e+02
5.234418034553527832e+01,6.580000000000000000e+02
5.241974925994873047e+01,6.590000000000000000e+02
5.249560761451721191e+01,6.600000000000000000e+02
5.257164335250854492e+01,6.610000000000000000e+02
5.264780831336975098e+01,6.620000000000000000e+02
5.272390866279602051e+01,6.630000000000000000e+02
5.279981470108032227e+01,6.640000000000000000e+02
5.287564444541931152e+01,6.650000000000000000e+02
5.295141267776489258e+01,6.660000000000000000e+02
5.302738714218139648e+01,6.670000000000000000e+02
5.310335397720336914e+01,6.680000000000000000e+02
5.317916345596313477e+01,6.690000000000000000e+02
5.325554919242858887e+01,6.700000000000000000e+02
5.333239603042602539e+01,6.710000000000000000e+02
5.340846323966979980e+01,6.720000000000000000e+02
5.356053709983825684e+01,6.730000000000000000e+02
5.371155762672424316e+01,6.740000000000000000e+02
5.378729414939880371e+01,6.750000000000000000e+02
5.386297202110290527e+01,6.760000000000000000e+02
5.393876028060913086e+01,6.770000000000000000e+02
5.401623797416687012e+01,6.780000000000000000e+02
5.409377312660217285e+01,6.790000000000000000e+02
5.416872596740722656e+01,6.800000000000000000e+02
5.431638574600219727e+01,6.810000000000000000e+02
5.439171528816223145e+01,6.820000000000000000e+02
5.446714377403259277e+01,6.830000000000000000e+02
5.454253911972045898e+01,6.840000000000000000e+02
5.461798214912414551e+01,6.850000000000000000e+02
5.469354987144470215e+01,6.860000000000000000e+02
5.476890516281127930e+01,6.870000000000000000e+02
5.484426903724670410e+01,6.880000000000000000e+02
5.491964030265808105e+01,6.890000000000000000e+02
5.499500679969787598e+01,6.900000000000000000e+02
5.507033705711364746e+01,6.910000000000000000e+02
5.514563131332397461e+01,6.920000000000000000e+02
5.522092080116271973e+01,6.930000000000000000e+02
5.529627823829650879e+01,6.940000000000000000e+02
5.537171459197998047e+01,6.950000000000000000e+02
5.544704365730285645e+01,6.960000000000000000e+02
5.552280879020690918e+01,6.970000000000000000e+02
5.559882426261901855e+01,6.980000000000000000e+02
5.567432808876037598e+01,6.990000000000000000e+02
5.574982333183288574e+01,7.000000000000000000e+02
5.582528972625732422e+01,7.010000000000000000e+02
5.590080165863037109e+01,7.020000000000000000e+02
5.597622847557067871e+01,7.030000000000000000e+02
5.605156683921813965e+01,7.040000000000000000e+02
5.612695217132568359e+01,7.050000000000000000e+02
5.620239925384521484e+01,7.060000000000000000e+02
5.627774667739868164e+01,7.070000000000000000e+02
5.635311961174011230e+01,7.080000000000000000e+02
5.642632269859313965e+01,7.090000000000000000e+02
5.650188994407653809e+01,7.100000000000000000e+02
5.657676553726196289e+01,7.110000000000000000e+02
5.665159749984741211e+01,7.120000000000000000e+02
5.687409520149230957e+01,7.130000000000000000e+02
5.694938397407531738e+01,7.140000000000000000e+02
5.702489900588989258e+01,7.150000000000000000e+02
5.710033392906188965e+01,7.160000000000000000e+02
5.717561745643615723e+01,7.170000000000000000e+02
5.725100016593933105e+01,7.180000000000000000e+02
5.732636880874633789e+01,7.190000000000000000e+02
5.740169715881347656e+01,7.200000000000000000e+02
5.747694277763366699e+01,7.210000000000000000e+02
5.755222964286804199e+01,7.220000000000000000e+02
5.762816691398620605e+01,7.230000000000000000e+02
5.770405602455139160e+01,7.240000000000000000e+02
5.777932786941528320e+01,7.250000000000000000e+02
5.785468435287475586e+01,7.260000000000000000e+02
5.793054962158203125e+01,7.270000000000000000e+02
5.800773811340332031e+01,7.280000000000000000e+02
5.808417677879333496e+01,7.290000000000000000e+02
5.815934896469116211e+01,7.300000000000000000e+02
5.823466229438781738e+01,7.310000000000000000e+02
5.830999183654785156e+01,7.320000000000000000e+02
5.838530302047729492e+01,7.330000000000000000e+02
5.846070241928100586e+01,7.340000000000000000e+02
5.853611540794372559e+01,7.350000000000000000e+02
5.861210155487060547e+01,7.360000000000000000e+02
5.868743038177490234e+01,7.370000000000000000e+02
5.876286149024963379e+01,7.380000000000000000e+02
5.883822989463806152e+01,7.390000000000000000e+02
5.891349077224731445e+01,7.400000000000000000e+02
5.899041366577148438e+01,7.410000000000000000e+02
5.906641316413879395e+01,7.420000000000000000e+02
5.914222145080566406e+01,7.430000000000000000e+02
5.921794319152832031e+01,7.440000000000000000e+02
5.929356789588928223e+01,7.450000000000000000e+02
5.936895155906677246e+01,7.460000000000000000e+02
5.944456601142883301e+01,7.470000000000000000e+02
5.952106595039367676e+01,7.480000000000000000e+02
5.959688949584960938e+01,7.490000000000000000e+02
5.967235851287841797e+01,7.500000000000000000e+02
5.974785518646240234e+01,7.510000000000000000e+02
5.982328915596008301e+01,7.520000000000000000e+02
5.989862108230590820e+01,7.530000000000000000e+02
5.997438168525695801e+01,7.540000000000000000e+02
6.005013895034790039e+01,7.550000000000000000e+02
7.690143585205078125e-02,1.000000000000000000e+00
1.724474430084228516e-01,2.000000000000000000e+00
2.488379478454589844e-01,3.000000000000000000e+00
3.242106437683105469e-01,4.000000000000000000e+00
3.994481563568115234e-01,5.000000000000000000e+00
4.750134944915771484e-01,6.000000000000000000e+00
5.482497215270996094e-01,7.000000000000000000e+00
6.261324882507324219e-01,8.000000000000000000e+00
6.997148990631103516e-01,9.000000000000000000e+00
7.754628658294677734e-01,1.000000000000000000e+01
8.510046005249023438e-01,1.100000000000000000e+01
9.258797168731689453e-01,1.200000000000000000e+01
1.000757932662963867e+00,1.300000000000000000e+01
1.077311038970947266e+00,1.400000000000000000e+01
1.152579069137573242e+00,1.500000000000000000e+01
1.229360580444335938e+00,1.600000000000000000e+01
1.306372165679931641e+00,1.700000000000000000e+01
1.379915714263916016e+00,1.800000000000000000e+01
1.459082365036010742e+00,1.900000000000000000e+01
1.533002614974975586e+00,2.000000000000000000e+01
1.606899976730346680e+00,2.100000000000000000e+01
1.683841466903686523e+00,2.200000000000000000e+01
1.760822534561157227e+00,2.300000000000000000e+01
1.834065675735473633e+00,2.400000000000000000e+01
1.910337448120117188e+00,2.500000000000000000e+01
1.985947608947753906e+00,2.600000000000000000e+01
2.060940504074096680e+00,2.700000000000000000e+01
2.135922193527221680e+00,2.800000000000000000e+01
2.210960149765014648e+00,2.900000000000000000e+01
2.358628749847412109e+00,3.000000000000000000e+01
2.433888673782348633e+00,3.100000000000000000e+01
2.509204387664794922e+00,3.200000000000000000e+01
2.584472179412841797e+00,3.300000000000000000e+01
2.659721374511718750e+00,3.400000000000000000e+01
2.735022306442260742e+00,3.500000000000000000e+01
2.810211420059204102e+00,3.600000000000000000e+01
2.885469198226928711e+00,3.700000000000000000e+01
2.961133718490600586e+00,3.800000000000000000e+01
3.037104845046997070e+00,3.900000000000000000e+01
3.112293481826782227e+00,4.000000000000000000e+01
3.187634229660034180e+00,4.100000000000000000e+01
3.263199090957641602e+00,4.200000000000000000e+01
3.338417291641235352e+00,4.300000000000000000e+01
3.413635015487670898e+00,4.400000000000000000e+01
3.489093065261840820e+00,4.500000000000000000e+01
3.564547777175903320e+00,4.600000000000000000e+01
3.639956712722778320e+00,4.700000000000000000e+01
3.715382814407348633e+00,4.800000000000000000e+01
3.790787696838378906e+00,4.900000000000000000e+01
3.866638183593750000e+00,5.000000000000000000e+01
3.944900035858154297e+00,5.100000000000000000e+01
4.021628856658935547e+00,5.200000000000000000e+01
4.097060918807983398e+00,5.300000000000000000e+01
4.172964096069335938e+00,5.400000000000000000e+01
4.249277353286743164e+00,5.500000000000000000e+01
4.324514150619506836e+00,5.600000000000000000e+01
4.399795293807983398e+00,5.700000000000000000e+01
4.475331544876098633e+00,5.800000000000000000e+01
4.551014423370361328e+00,5.900000000000000000e+01
4.626781463623046875e+00,6.000000000000000000e+01
4.704938650131225586e+00,6.100000000000000000e+01
4.780152082443237305e+00,6.200000000000000000e+01
4.855223178863525391e+00,6.300000000000000000e+01
4.930506467819213867e+00,6.400000000000000000e+01
5.005813360214233398e+00,6.500000000000000000e+01
5.081175804138183594e+00,6.600000000000000000e+01
5.156437158584594727e+00,6.700000000000000000e+01
5.231647491455078125e+00,6.800000000000000000e+01
5.306862592697143555e+00,6.900000000000000000e+01
5.386842489242553711e+00,7.000000000000000000e+01
5.472156047821044922e+00,7.100000000000000000e+01
5.552547931671142578e+00,7.200000000000000000e+01
5.638007164001464844e+00,7.300000000000000000e+01
5.718634128570556641e+00,7.400000000000000000e+01
5.808391094207763672e+00,7.500000000000000000e+01
5.882647991180419922e+00,7.600000000000000000e+01
5.972351074218750000e+00,7.700000000000000000e+01
6.050437688827514648e+00,7.800000000000000000e+01
6.144903182983398438e+00,7.900000000000000000e+01
6.232850790023803711e+00,8.000000000000000000e+01
6.320742130279541016e+00,8.100000000000000000e+01
6.407677888870239258e+00,8.200000000000000000e+01
6.488116502761840820e+00,8.300000000000000000e+01
6.582447290420532227e+00,8.400000000000000000e+01
6.660572290420532227e+00,8.500000000000000000e+01
6.755358934402465820e+00,8.600000000000000000e+01
6.844911575317382812e+00,8.700000000000000000e+01
6.924977540969848633e+00,8.800000000000000000e+01
7.006912231445312500e+00,8.900000000000000000e+01
7.090672492980957031e+00,9.000000000000000000e+01
7.167164087295532227e+00,9.100000000000000000e+01
7.242814779281616211e+00,9.200000000000000000e+01
7.348529100418090820e+00,9.300000000000000000e+01
7.428696393966674805e+00,9.400000000000000000e+01
7.511123895645141602e+00,9.500000000000000000e+01
7.607038021087646484e+00,9.600000000000000000e+01
7.681703805923461914e+00,9.700000000000000000e+01
7.767676353454589844e+00,9.800000000000000000e+01
7.866153240203857422e+00,9.900000000000000000e+01
7.940654993057250977e+00,1.000000000000000000e+02
8.042320489883422852e+00,1.010000000000000000e+02
8.122815370559692383e+00,1.020000000000000000e+02
8.231845617294311523e+00,1.030000000000000000e+02
8.366586446762084961e+00,1.040000000000000000e+02
8.450900077819824219e+00,1.050000000000000000e+02
8.523849248886108398e+00,1.060000000000000000e+02
8.599347829818725586e+00,1.070000000000000000e+02
8.674395561218261719e+00,1.080000000000000000e+02
8.749469041824340820e+00,1.090000000000000000e+02
8.897513866424560547e+00,1.100000000000000000e+02
8.973306179046630859e+00,1.110000000000000000e+02
9.124551296234130859e+00,1.120000000000000000e+02
9.200283527374267578e+00,1.130000000000000000e+02
9.276067495346069336e+00,1.140000000000000000e+02
9.351470232009887695e+00,1.150000000000000000e+02
9.426817417144775391e+00,1.160000000000000000e+02
9.502232074737548828e+00,1.170000000000000000e+02
9.577542304992675781e+00,1.180000000000000000e+02
9.652841806411743164e+00,1.190000000000000000e+02
9.728125810623168945e+00,1.200000000000000000e+02
9.803322792053222656e+00,1.210000000000000000e+02
9.879210710525512695e+00,1.220000000000000000e+02
9.956641435623168945e+00,1.230000000000000000e+02
1.003246951103210449e+01,1.240000000000000000e+02
1.010782074928283691e+01,1.250000000000000000e+02
1.018313980102539062e+01,1.260000000000000000e+02
1.025843524932861328e+01,1.270000000000000000e+02
1.033382940292358398e+01,1.280000000000000000e+02
1.040914869308471680e+01,1.290000000000000000e+02
1.048453736305236816e+01,1.300000000000000000e+02
1.056001257896423340e+01,1.310000000000000000e+02
1.063583421707153320e+01,1.320000000000000000e+02
1.071141982078552246e+01,1.330000000000000000e+02
1.078680729866027832e+01,1.340000000000000000e+02
1.086214876174926758e+01,1.350000000000000000e+02
1.093897843360900879e+01,1.360000000000000000e+02
1.101498889923095703e+01,1.370000000000000000e+02
1.109047579765319824e+01,1.380000000000000000e+02
1.116581940650939941e+01,1.390000000000000000e+02
1.124111032485961914e+01,1.400000000000000000e+02
1.131650543212890625e+01,1.410000000000000000e+02
1.139174485206604004e+01,1.420000000000000000e+02
1.146763563156127930e+01,1.430000000000000000e+02
1.154345083236694336e+01,1.440000000000000000e+02
1.161927652359008789e+01,1.450000000000000000e+02
1.169539856910705566e+01,1.460000000000000000e+02
1.177070498466491699e+01,1.470000000000000000e+02
1.184630823135375977e+01,1.480000000000000000e+02
1.192204666137695312e+01,1.490000000000000000e+02
1.199752259254455566e+01,1.500000000000000000e+02
1.207296919822692871e+01,1.510000000000000000e+02
1.214838171005249023e+01,1.520000000000000000e+02
1.222376227378845215e+01,1.530000000000000000e+02
1.229908680915832520e+01,1.540000000000000000e+02
1.237446570396423340e+01,1.550000000000000000e+02
1.245022845268249512e+01,1.560000000000000000e+02
1.252601027488708496e+01,1.570000000000000000e+02
1.260140895843505859e+01,1.580000000000000000e+02
1.267679500579833984e+01,1.590000000000000000e+02
1.275256013870239258e+01,1.600000000000000000e+02
1.282800769805908203e+01,1.610000000000000000e+02
1.290334081649780273e+01,1.620000000000000000e+02
1.297876071929931641e+01,1.630000000000000000e+02
1.305415105819702148e+01,1.640000000000000000e+02
1.312945842742919922e+01,1.650000000000000000e+02
1.320518970489501953e+01,1.660000000000000000e+02
1.328087496757507324e+01,1.670000000000000000e+02
1.335615944862365723e+01,1.680000000000000000e+02
1.343146347999572754e+01,1.690000000000000000e+02
1.350466227531433105e+01,1.700000000000000000e+02
1.357992434501647949e+01,1.710000000000000000e+02
1.365477132797241211e+01,1.720000000000000000e+02
1.372961711883544922e+01,1.730000000000000000e+02
1.387738943099975586e+01,1.740000000000000000e+02
1.395306801795959473e+01,1.750000000000000000e+02
1.402853083610534668e+01,1.760000000000000000e+02
1.410389685630798340e+01,1.770000000000000000e+02
1.417932033538818359e+01,1.780000000000000000e+02
1.425477337837219238e+01,1.790000000000000000e+02
1.433021235466003418e+01,1.800000000000000000e+02
1.440556168556213379e+01,1.810000000000000000e+02
1.448102903366088867e+01,1.820000000000000000e+02
1.455640029907226562e+01,1.830000000000000000e+02
1.463174295425415039e+01,1.840000000000000000e+02
1.470706105232238770e+01,1.850000000000000000e+02
1.478240442276000977e+01,1.860000000000000000e+02
1.485783052444458008e+01,1.870000000000000000e+02
1.493324661254882812e+01,1.880000000000000000e+02
1.500864434242248535e+01,1.890000000000000000e+02
1.508405447006225586e+01,1.900000000000000000e+02
1.515946125984191895e+01,1.910000000000000000e+02
1.523485660552978516e+01,1.920000000000000000e+02
1.531023430824279785e+01,1.930000000000000000e+02
1.538565206527709961e+01,1.940000000000000000e+02
1.546122241020202637e+01,1.950000000000000000e+02
1.553697395324707031e+01,1.960000000000000000e+02
1.561358094215393066e+01,1.970000000000000000e+02
1.568921303749084473e+01,1.980000000000000000e+02
1.576467442512512207e+01,1.990000000000000000e+02
1.584042954444885254e+01,2.000000000000000000e+02
1.591613197326660156e+01,2.010000000000000000e+02
1.599219155311584473e+01,2.020000000000000000e+02
1.606769752502441406e+01,2.030000000000000000e+02
1.614357018470764160e+01,2.040000000000000000e+02
1.621931529045104980e+01,2.050000000000000000e+02
1.629503679275512695e+01,2.060000000000000000e+02
1.637072873115539551e+01,2.070000000000000000e+02
1.644682645797729492e+01,2.080000000000000000e+02
1.652301001548767090e+01,2.090000000000000000e+02
1.659843182563781738e+01,2.100000000000000000e+02
1.667379069328308105e+01,2.110000000000000000e+02
1.674907970428466797e+01,2.120000000000000000e+02
1.682450723648071289e+01,2.130000000000000000e+02
1.689982485771179199e+01,2.140000000000000000e+02
1.697514915466308594e+01,2.150000000000000000e+02
1.705097436904907227e+01,2.160000000000000000e+02
1.712621045112609863e+01,2.170000000000000000e+02
1.720178985595703125e+01,2.180000000000000000e+02
1.727770447731018066e+01,2.190000000000000000e+02
1.735368061065673828e+01,2.200000000000000000e+02
1.742982053756713867e+01,2.210000000000000000e+02
1.750509977340698242e+01,2.220000000000000000e+02
1.758035016059875488e+01,2.230000000000000000e+02
1.765564751625061035e+01,2.240000000000000000e+02
1.773090624809265137e+01,2.250000000000000000e+02
1.780629491806030273e+01,2.260000000000000000e+02
1.788209414482116699e+01,2.270000000000000000e+02
1.795784044265747070e+01,2.280000000000000000e+02
1.803339028358459473e+01,2.290000000000000000e+02
1.810874128341674805e+01,2.300000000000000000e+02
1.818413043022155762e+01,2.310000000000000000e+02
1.825728869438171387e+01,2.320000000000000000e+02
1.833249330520629883e+01,2.330000000000000000e+02
1.840730285644531250e+01,2.340000000000000000e+02
1.848216009140014648e+01,2.350000000000000000e+02
1.862989401817321777e+01,2.360000000000000000e+02
1.870527863502502441e+01,2.370000000000000000e+02
1.878108739852905273e+01,2.380000000000000000e+02
1.885740709304809570e+01,2.390000000000000000e+02
1.893550610542297363e+01,2.400000000000000000e+02
1.901568937301635742e+01,2.410000000000000000e+02
1.908889627456665039e+01,2.420000000000000000e+02
1.916418552398681641e+01,2.430000000000000000e+02
1.923908019065856934e+01,2.440000000000000000e+02
1.938676095008850098e+01,2.450000000000000000e+02
1.946208477020263672e+01,2.460000000000000000e+02
1.953753447532653809e+01,2.470000000000000000e+02
1.961300230026245117e+01,2.480000000000000000e+02
1.968828916549682617e+01,2.490000000000000000e+02
1.976403212547302246e+01,2.500000000000000000e+02
1.983974933624267578e+01,2.510000000000000000e+02
1.991546988487243652e+01,2.520000000000000000e+02
1.999123477935791016e+01,2.530000000000000000e+02
2.006699109077453613e+01,2.540000000000000000e+02
2.014267921447753906e+01,2.550000000000000000e+02
2.021826195716857910e+01,2.560000000000000000e+02
2.029389548301696777e+01,2.570000000000000000e+02
2.036963653564453125e+01,2.580000000000000000e+02
2.044740200042724609e+01,2.590000000000000000e+02
2.052601146697998047e+01,2.600000000000000000e+02
2.060108327865600586e+01,2.610000000000000000e+02
2.074882698059082031e+01,2.620000000000000000e+02
2.082410764694213867e+01,2.630000000000000000e+02
2.089946699142456055e+01,2.640000000000000000e+02
2.097520256042480469e+01,2.650000000000000000e+02
2.105140733718872070e+01,2.660000000000000000e+02
2.112671709060668945e+01,2.670000000000000000e+02
2.120237708091735840e+01,2.680000000000000000e+02
2.127826094627380371e+01,2.690000000000000000e+02
2.135356783866882324e+01,2.700000000000000000e+02
2.142878532409667969e+01,2.710000000000000000e+02
2.150417208671569824e+01,2.720000000000000000e+02
2.157936763763427734e+01,2.730000000000000000e+02
2.165466809272766113e+01,2.740000000000000000e+02
2.172988080978393555e+01,2.750000000000000000e+02
2.180511999130249023e+01,2.760000000000000000e+02
2.188065433502197266e+01,2.770000000000000000e+02
2.195704603195190430e+01,2.780000000000000000e+02
2.203275346755981445e+01,2.790000000000000000e+02
2.210817098617553711e+01,2.800000000000000000e+02
2.218360185623168945e+01,2.810000000000000000e+02
2.225912952423095703e+01,2.820000000000000000e+02
2.233454203605651855e+01,2.830000000000000000e+02
2.240983676910400391e+01,2.840000000000000000e+02
2.248524689674377441e+01,2.850000000000000000e+02
2.256070113182067871e+01,2.860000000000000000e+02
2.263603806495666504e+01,2.870000000000000000e+02
2.271141314506530762e+01,2.880000000000000000e+02
2.278670454025268555e+01,2.890000000000000000e+02
2.286205005645751953e+01,2.900000000000000000e+02
2.293759417533874512e+01,2.910000000000000000e+02
2.301343202590942383e+01,2.920000000000000000e+02
2.308880138397216797e+01,2.930000000000000000e+02
2.316409468650817871e+01,2.940000000000000000e+02
2.323937344551086426e+01,2.950000000000000000e+02
2.331254553794860840e+01,2.960000000000000000e+02
2.338776803016662598e+01,2.970000000000000000e+02
2.346338582038879395e+01,2.980000000000000000e+02
2.353829836845397949e+01,2.990000000000000000e+02
2.361315917968750000e+01,3.000000000000000000e+02
2.376079463958740234e+01,3.010000000000000000e+02
2.383607006072998047e+01,3.020000000000000000e+02
2.391131973266601562e+01,3.030000000000000000e+02
2.398676395416259766e+01,3.040000000000000000e+02
2.406218504905700684e+01,3.050000000000000000e+02
2.413755893707275391e+01,3.060000000000000000e+02
2.421288323402404785e+01,3.070000000000000000e+02
2.428818607330322266e+01,3.080000000000000000e+02
2.436349987983703613e+01,3.090000000000000000e+02
2.444374060630798340e+01,3.100000000000000000e+02
2.452212476730346680e+01,3.110000000000000000e+02
2.459698629379272461e+01,3.120000000000000000e+02
2.474463677406311035e+01,3.130000000000000000e+02
2.481992769241333008e+01,3.140000000000000000e+02
2.489526367187500000e+01,3.150000000000000000e+02
2.497161364555358887e+01,3.160000000000000000e+02
2.504740285873413086e+01,3.170000000000000000e+02
2.512281274795532227e+01,3.180000000000000000e+02
2.519861721992492676e+01,3.190000000000000000e+02
2.527467393875122070e+01,3.200000000000000000e+02
2.535004448890686035e+01,3.210000000000000000e+02
2.542550969123840332e+01,3.220000000000000000e+02
2.550091552734375000e+01,3.230000000000000000e+02
2.557629513740539551e+01,3.240000000000000000e+02
2.565164303779602051e+01,3.250000000000000000e+02
2.572704815864562988e+01,3.260000000000000000e+02
2.580240774154663086e+01,3.270000000000000000e+02
2.587771964073181152e+01,3.280000000000000000e+02
2.595317268371582031e+01,3.290000000000000000e+02
2.602872824668884277e+01,3.300000000000000000e+02
2.610408711433410645e+01,3.310000000000000000e+02
2.618008780479431152e+01,3.320000000000000000e+02
2.625548338890075684e+01,3.330000000000000000e+02
2.633092951774597168e+01,3.340000000000000000e+02
2.640638804435729980e+01,3.350000000000000000e+02
2.648437690734863281e+01,3.360000000000000000e+02
2.656598520278930664e+01,3.370000000000000000e+02
2.664104437828063965e+01,3.380000000000000000e+02
2.671615743637084961e+01,3.390000000000000000e+02
2.686415743827819824e+01,3.400000000000000000e+02
2.693965768814086914e+01,3.410000000000000000e+02
2.701891326904296875e+01,3.420000000000000000e+02
2.716652297973632812e+01,3.430000000000000000e+02
2.724186444282531738e+01,3.440000000000000000e+02
2.731715750694274902e+01,3.450000000000000000e+02
2.739245891571044922e+01,3.460000000000000000e+02
2.746822357177734375e+01,3.470000000000000000e+02
2.754405331611633301e+01,3.480000000000000000e+02
2.761934828758239746e+01,3.490000000000000000e+02
2.769462990760803223e+01,3.500000000000000000e+02
2.777035355567932129e+01,3.510000000000000000e+02
2.784609818458557129e+01,3.520000000000000000e+02
2.792156171798706055e+01,3.530000000000000000e+02
2.799683260917663574e+01,3.540000000000000000e+02
2.807208871841430664e+01,3.550000000000000000e+02
2.814741039276123047e+01,3.560000000000000000e+02
2.822267580032348633e+01,3.570000000000000000e+02
2.829803156852722168e+01,3.580000000000000000e+02
2.837332034111022949e+01,3.590000000000000000e+02
2.844944453239440918e+01,3.600000000000000000e+02
2.852510094642639160e+01,3.610000000000000000e+02
2.860042619705200195e+01,3.620000000000000000e+02
2.867565464973449707e+01,3.630000000000000000e+02
2.875094079971313477e+01,3.640000000000000000e+02
2.882628631591796875e+01,3.650000000000000000e+02
2.890162158012390137e+01,3.660000000000000000e+02
2.897731924057006836e+01,3.670000000000000000e+02
2.905318069458007812e+01,3.680000000000000000e+02
2.912853217124938965e+01,3.690000000000000000e+02
2.920417666435241699e+01,3.700000000000000000e+02
2.928005290031433105e+01,3.710000000000000000e+02
2.935611605644226074e+01,3.720000000000000000e+02
2.943185782432556152e+01,3.730000000000000000e+02
2.950715160369873047e+01,3.740000000000000000e+02
2.958248090744018555e+01,3.750000000000000000e+02
2.965789175033569336e+01,3.760000000000000000e+02
2.973333883285522461e+01,3.770000000000000000e+02
2.980879688262939453e+01,3.780000000000000000e+02
2.988424229621887207e+01,3.790000000000000000e+02
2.995907330513000488e+01,3.800000000000000000e+02
3.003243994712829590e+01,3.810000000000000000e+02
3.010780882835388184e+01,3.820000000000000000e+02
3.018286180496215820e+01,3.830000000000000000e+02
3.025785231590270996e+01,3.840000000000000000e+02
3.040576100349426270e+01,3.850000000000000000e+02
3.048155212402343750e+01,3.860000000000000000e+02
3.063273215293884277e+01,3.870000000000000000e+02
3.070807266235351562e+01,3.880000000000000000e+02
3.078375768661499023e+01,3.890000000000000000e+02
3.085974383354187012e+01,3.900000000000000000e+02
3.093516206741333008e+01,3.910000000000000000e+02
3.101520609855651855e+01,3.920000000000000000e+02
3.109010624885559082e+01,3.930000000000000000e+02
3.123775625228881836e+01,3.940000000000000000e+02
3.131308531761169434e+01,3.950000000000000000e+02
3.138850378990173340e+01,3.960000000000000000e+02
3.146417188644409180e+01,3.970000000000000000e+02
3.154028844833374023e+01,3.980000000000000000e+02
3.161560988426208496e+01,3.990000000000000000e+02
3.169099211692810059e+01,4.000000000000000000e+02
3.176634001731872559e+01,4.010000000000000000e+02
3.184167718887329102e+01,4.020000000000000000e+02
3.191699028015136719e+01,4.030000000000000000e+02
3.199236273765563965e+01,4.040000000000000000e+02
3.206764388084411621e+01,4.050000000000000000e+02
3.214295029640197754e+01,4.060000000000000000e+02
3.221835517883300781e+01,4.070000000000000000e+02
3.229377913475036621e+01,4.080000000000000000e+02
3.236953401565551758e+01,4.090000000000000000e+02
3.244647908210754395e+01,4.100000000000000000e+02
3.252244448661804199e+01,4.110000000000000000e+02
3.259779548645019531e+01,4.120000000000000000e+02
3.267319893836975098e+01,4.130000000000000000e+02
3.274862408638000488e+01,4.140000000000000000e+02
3.282404375076293945e+01,4.150000000000000000e+02
3.289949560165405273e+01,4.160000000000000000e+02
3.297548985481262207e+01,4.170000000000000000e+02
3.305157279968261719e+01,4.180000000000000000e+02
3.312697100639343262e+01,4.190000000000000000e+02
3.320276594161987305e+01,4.200000000000000000e+02
3.327857875823974609e+01,4.210000000000000000e+02
3.335394620895385742e+01,4.220000000000000000e+02
3.342935371398925781e+01,4.230000000000000000e+02
3.350464153289794922e+01,4.240000000000000000e+02
3.357995152473449707e+01,4.250000000000000000e+02
3.365542292594909668e+01,4.260000000000000000e+02
3.373067045211791992e+01,4.270000000000000000e+02
3.380592346191406250e+01,4.280000000000000000e+02
3.388135552406311035e+01,4.290000000000000000e+02
3.397192955017089844e+01,4.300000000000000000e+02
3.405974268913269043e+01,4.310000000000000000e+02
3.413464140892028809e+01,4.320000000000000000e+02
3.420947623252868652e+01,4.330000000000000000e+02
3.428436589241027832e+01,4.340000000000000000e+02
3.443206954002380371e+01,4.350000000000000000e+02
3.450745558738708496e+01,4.360000000000000000e+02
3.458271670341491699e+01,4.370000000000000000e+02
3.465800476074218750e+01,4.380000000000000000e+02
3.473348426818847656e+01,4.390000000000000000e+02
3.480881047248840332e+01,4.400000000000000000e+02
3.488404703140258789e+01,4.410000000000000000e+02
3.495950293540954590e+01,4.420000000000000000e+02
3.503514575958251953e+01,4.430000000000000000e+02
3.511042332649230957e+01,4.440000000000000000e+02
3.518589782714843750e+01,4.450000000000000000e+02
3.526137304306030273e+01,4.460000000000000000e+02
3.533677077293395996e+01,4.470000000000000000e+02
3.541241979598999023e+01,4.480000000000000000e+02
3.548846912384033203e+01,4.490000000000000000e+02
3.556447029113769531e+01,4.500000000000000000e+02
3.563979911804199219e+01,4.510000000000000000e+02
3.571505022048950195e+01,4.520000000000000000e+02
3.579035830497741699e+01,4.530000000000000000e+02
3.586622452735900879e+01,4.540000000000000000e+02
3.594271063804626465e+01,4.550000000000000000e+02
3.602174496650695801e+01,4.560000000000000000e+02
3.609725832939147949e+01,4.570000000000000000e+02
3.617404031753540039e+01,4.580000000000000000e+02
3.625222849845886230e+01,4.590000000000000000e+02
3.632725429534912109e+01,4.600000000000000000e+02
3.647523117065429688e+01,4.610000000000000000e+02
3.655095481872558594e+01,4.620000000000000000e+02
3.662672305107116699e+01,4.630000000000000000e+02
3.670233750343322754e+01,4.640000000000000000e+02
3.677815389633178711e+01,4.650000000000000000e+02
3.693334293365478516e+01,4.660000000000000000e+02
3.700829362869262695e+01,4.670000000000000000e+02
3.715638041496276855e+01,4.680000000000000000e+02
3.723206949234008789e+01,4.690000000000000000e+02
3.730776381492614746e+01,4.700000000000000000e+02
3.738335537910461426e+01,4.710000000000000000e+02
3.745870614051818848e+01,4.720000000000000000e+02
3.753397655487060547e+01,4.730000000000000000e+02
3.760920739173889160e+01,4.740000000000000000e+02
3.768454289436340332e+01,4.750000000000000000e+02
3.775979471206665039e+01,4.760000000000000000e+02
3.783504891395568848e+01,4.770000000000000000e+02
3.791036915779113770e+01,4.780000000000000000e+02
3.798567748069763184e+01,4.790000000000000000e+02
3.806093215942382812e+01,4.800000000000000000e+02
3.813615465164184570e+01,4.810000000000000000e+02
3.821136832237243652e+01,4.820000000000000000e+02
3.828653645515441895e+01,4.830000000000000000e+02
3.836178088188171387e+01,4.840000000000000000e+02
3.844010853767395020e+01,4.850000000000000000e+02
3.851750755310058594e+01,4.860000000000000000e+02
3.859274911880493164e+01,4.870000000000000000e+02
3.866798305511474609e+01,4.880000000000000000e+02
3.874320530891418457e+01,4.890000000000000000e+02
3.881846189498901367e+01,4.900000000000000000e+02
3.889374184608459473e+01,4.910000000000000000e+02
3.896938061714172363e+01,4.920000000000000000e+02
3.904607558250427246e+01,4.930000000000000000e+02
3.912178969383239746e+01,4.940000000000000000e+02
3.919801115989685059e+01,4.950000000000000000e+02
3.927422690391540527e+01,4.960000000000000000e+02
3.934983825683593750e+01,4.970000000000000000e+02
3.942539405822753906e+01,4.980000000000000000e+02
3.950116634368896484e+01,4.990000000000000000e+02
3.957677149772644043e+01,5.000000000000000000e+02
3.965229940414428711e+01,5.010000000000000000e+02
3.972795104980468750e+01,5.020000000000000000e+02
3.980339241027832031e+01,5.030000000000000000e+02
3.987904262542724609e+01,5.040000000000000000e+02
3.995576763153076172e+01,5.050000000000000000e+02
4.003148031234741211e+01,5.060000000000000000e+02
4.010663723945617676e+01,5.070000000000000000e+02
4.018190908432006836e+01,5.080000000000000000e+02
4.025723505020141602e+01,5.090000000000000000e+02
4.033245325088500977e+01,5.100000000000000000e+02
4.040766525268554688e+01,5.110000000000000000e+02
4.048293161392211914e+01,5.120000000000000000e+02
4.055823302268981934e+01,5.130000000000000000e+02
4.063346695899963379e+01,5.140000000000000000e+02
4.070881080627441406e+01,5.150000000000000000e+02
4.078409314155578613e+01,5.160000000000000000e+02
4.085934329032897949e+01,5.170000000000000000e+02
4.093464970588684082e+01,5.180000000000000000e+02
4.101311326026916504e+01,5.190000000000000000e+02
4.108841776847839355e+01,5.200000000000000000e+02
4.116365861892700195e+01,5.210000000000000000e+02
4.123894405364990234e+01,5.220000000000000000e+02
4.131421041488647461e+01,5.230000000000000000e+02
4.138951826095581055e+01,5.240000000000000000e+02
4.146518325805664062e+01,5.250000000000000000e+02
4.154157447814941406e+01,5.260000000000000000e+02
4.161703515052795410e+01,5.270000000000000000e+02
4.169251179695129395e+01,5.280000000000000000e+02
4.176882791519165039e+01,5.290000000000000000e+02
4.184904909133911133e+01,5.300000000000000000e+02
4.192454075813293457e+01,5.310000000000000000e+02
4.199983310699462891e+01,5.320000000000000000e+02
4.207508659362792969e+01,5.330000000000000000e+02
4.215045905113220215e+01,5.340000000000000000e+02
4.222624945640563965e+01,5.350000000000000000e+02
4.230191111564636230e+01,5.360000000000000000e+02
4.237757158279418945e+01,5.370000000000000000e+02
4.245346069335937500e+01,5.380000000000000000e+02
4.252905631065368652e+01,5.390000000000000000e+02
4.260432744026184082e+01,5.400000000000000000e+02
4.267950844764709473e+01,5.410000000000000000e+02
4.275531172752380371e+01,5.420000000000000000e+02
4.283139777183532715e+01,5.430000000000000000e+02
4.290670561790466309e+01,5.440000000000000000e+02
4.298208737373352051e+01,5.450000000000000000e+02
4.305730032920837402e+01,5.460000000000000000e+02
4.313265633583068848e+01,5.470000000000000000e+02
4.320784354209899902e+01,5.480000000000000000e+02
4.328301739692687988e+01,5.490000000000000000e+02
4.335828804969787598e+01,5.500000000000000000e+02
4.343351578712463379e+01,5.510000000000000000e+02
4.350875973701477051e+01,5.520000000000000000e+02
4.358403706550598145e+01,5.530000000000000000e+02
4.365929126739501953e+01,5.540000000000000000e+02
4.373451066017150879e+01,5.550000000000000000e+02
4.380981016159057617e+01,5.560000000000000000e+02
4.388497257232666016e+01,5.570000000000000000e+02
4.395861458778381348e+01,5.580000000000000000e+02
4.403386259078979492e+01,5.590000000000000000e+02
4.410866737365722656e+01,5.600000000000000000e+02
4.418342995643615723e+01,5.610000000000000000e+02
4.425917148590087891e+01,5.620000000000000000e+02
4.448169970512390137e+01,5.630000000000000000e+02
4.455702376365661621e+01,5.640000000000000000e+02
4.463227701187133789e+01,5.650000000000000000e+02
4.470747828483581543e+01,5.660000000000000000e+02
4.478273153305053711e+01,5.670000000000000000e+02
4.485797500610351562e+01,5.680000000000000000e+02
4.493324327468872070e+01,5.690000000000000000e+02
4.500859212875366211e+01,5.700000000000000000e+02
4.508392643928527832e+01,5.710000000000000000e+02
4.515931344032287598e+01,5.720000000000000000e+02
4.523462295532226562e+01,5.730000000000000000e+02
4.530997037887573242e+01,5.740000000000000000e+02
4.538538956642150879e+01,5.750000000000000000e+02
4.546103239059448242e+01,5.760000000000000000e+02
4.553735733032226562e+01,5.770000000000000000e+02
4.561280727386474609e+01,5.780000000000000000e+02
4.568816876411437988e+01,5.790000000000000000e+02
4.576340723037719727e+01,5.800000000000000000e+02
4.583868551254272461e+01,5.810000000000000000e+02
4.591387033462524414e+01,5.820000000000000000e+02
4.598920845985412598e+01,5.830000000000000000e+02
4.606238985061645508e+01,5.840000000000000000e+02
4.613761615753173828e+01,5.850000000000000000e+02
4.621248674392700195e+01,5.860000000000000000e+02
4.628735065460205078e+01,5.870000000000000000e+02
4.643503737449645996e+01,5.880000000000000000e+02
4.651082563400268555e+01,5.890000000000000000e+02
4.658616518974304199e+01,5.900000000000000000e+02
4.666150140762329102e+01,5.910000000000000000e+02
4.677749752998352051e+01,5.920000000000000000e+02
4.685331559181213379e+01,5.930000000000000000e+02
4.692922043800354004e+01,5.940000000000000000e+02
4.700478768348693848e+01,5.950000000000000000e+02
4.708002281188964844e+01,5.960000000000000000e+02
4.715536665916442871e+01,5.970000000000000000e+02
4.723054957389831543e+01,5.980000000000000000e+02
4.730579066276550293e+01,5.990000000000000000e+02
4.737895917892456055e+01,6.000000000000000000e+02
4.745659494400024414e+01,6.010000000000000000e+02
4.752939558029174805e+01,6.020000000000000000e+02
4.760458874702453613e+01,6.030000000000000000e+02
4.767967939376831055e+01,6.040000000000000000e+02
4.790273761749267578e+01,6.050000000000000000e+02
4.797886300086975098e+01,6.060000000000000000e+02
4.813045191764831543e+01,6.070000000000000000e+02
4.820635795593261719e+01,6.080000000000000000e+02
4.843280243873596191e+01,6.090000000000000000e+02
4.850834703445434570e+01,6.100000000000000000e+02
4.858387804031372070e+01,6.110000000000000000e+02
4.865938162803649902e+01,6.120000000000000000e+02
4.873477005958557129e+01,6.130000000000000000e+02
4.881016469001770020e+01,6.140000000000000000e+02
4.888593173027038574e+01,6.150000000000000000e+02
4.896247673034667969e+01,6.160000000000000000e+02
4.903822588920593262e+01,6.170000000000000000e+02
4.911359500885009766e+01,6.180000000000000000e+02
4.918943476676940918e+01,6.190000000000000000e+02
4.926548647880554199e+01,6.200000000000000000e+02
4.934089779853820801e+01,6.210000000000000000e+02
4.941631054878234863e+01,6.220000000000000000e+02
4.949657082557678223e+01,6.230000000000000000e+02
4.957281661033630371e+01,6.240000000000000000e+02
4.964825963973999023e+01,6.250000000000000000e+02
4.972314071655273438e+01,6.260000000000000000e+02
4.987076354026794434e+01,6.270000000000000000e+02
4.994898343086242676e+01,6.280000000000000000e+02
5.002661991119384766e+01,6.290000000000000000e+02
5.010225844383239746e+01,6.300000000000000000e+02
5.017777371406555176e+01,6.310000000000000000e+02
5.025283408164978027e+01,6.320000000000000000e+02
5.040095925331115723e+01,6.330000000000000000e+02
5.047738862037658691e+01,6.340000000000000000e+02
5.055595350265502930e+01,6.350000000000000000e+02
5.063103318214416504e+01,6.360000000000000000e+02
5.077906727790832520e+01,6.370000000000000000e+02
5.085486483573913574e+01,6.380000000000000000e+02
5.093088889122009277e+01,6.390000000000000000e+02
5.100660896301269531e+01,6.400000000000000000e+02
5.108232450485229492e+01,6.410000000000000000e+02
5.115776228904724121e+01,6.420000000000000000e+02
5.123350405693054199e+01,6.430000000000000000e+02
5.130907058715820312e+01,6.440000000000000000e+02
5.138472223281860352e+01,6.450000000000000000e+02
5.146047139167785645e+01,6.460000000000000000e+02
5.153608131408691406e+01,6.470000000000000000e+02
5.161168289184570312e+01,6.480000000000000000e+02
5.168716287612915039e+01,6.490000000000000000e+02
5.176276183128356934e+01,6.500000000000000000e+02
5.183824181556701660e+01,6.510000000000000000e+02
5.191364908218383789e+01,6.520000000000000000e+02
5.198906159400939941e+01,6.530000000000000000e+02
5.206439208984375000e+01,6.540000000000000000e+02
5.214040946960449219e+01,6.550000000000000000e+02
5.221584343910217285e+01,6.560000000000000000e+02
5.229122924804687500e+01,6.570000000000000000e+02
5.236657238006591797e+01,6.580000000000000000e+02
5.244272089004516602e+01,6.590000000000000000e+02
5.251976966857910156e+01,6.600000000000000000e+02
5.259547352790832520e+01,6.610000000000000000e+02
5.267099642753601074e+01,6.620000000000000000e+02
5.274637961387634277e+01,6.630000000000000000e+02
5.282176923751831055e+01,6.640000000000000000e+02
5.289706707000732422e+01,6.650000000000000000e+02
5.297277164459228516e+01,6.660000000000000000e+02
5.304872775077819824e+01,6.670000000000000000e+02
5.312433815002441406e+01,6.680000000000000000e+02
5.320059156417846680e+01,6.690000000000000000e+02
5.327737879753112793e+01,6.700000000000000000e+02
5.335702753067016602e+01,6.710000000000000000e+02
5.343232202529907227e+01,6.720000000000000000e+02
5.350738525390625000e+01,6.730000000000000000e+02
5.358221983909606934e+01,6.740000000000000000e+02
5.373008370399475098e+01,6.750000000000000000e+02
5.380575919151306152e+01,6.760000000000000000e+02
5.388122367858886719e+01,6.770000000000000000e+02
5.397223854064941406e+01,6.780000000000000000e+02
5.405368018150329590e+01,6.790000000000000000e+02
5.412914633750915527e+01,6.800000000000000000e+02
5.420447015762329102e+01,6.810000000000000000e+02
5.427989077568054199e+01,6.820000000000000000e+02
5.435520887374877930e+01,6.830000000000000000e+02
5.443028783798217773e+01,6.840000000000000000e+02
5.465337705612182617e+01,6.850000000000000000e+02
5.472898125648498535e+01,6.860000000000000000e+02
5.480444169044494629e+01,6.870000000000000000e+02
5.488002896308898926e+01,6.880000000000000000e+02
5.495637726783752441e+01,6.890000000000000000e+02
5.503210926055908203e+01,6.900000000000000000e+02
5.510730004310607910e+01,6.910000000000000000e+02
5.518257141113281250e+01,6.920000000000000000e+02
5.525806665420532227e+01,6.930000000000000000e+02
5.533323621749877930e+01,6.940000000000000000e+02
5.540851354598999023e+01,6.950000000000000000e+02
5.548380064964294434e+01,6.960000000000000000e+02
5.555907011032104492e+01,6.970000000000000000e+02
5.563431048393249512e+01,6.980000000000000000e+02
5.570956015586853027e+01,6.990000000000000000e+02
5.578479886054992676e+01,7.000000000000000000e+02
5.586000728607177734e+01,7.010000000000000000e+02
5.593518137931823730e+01,7.020000000000000000e+02
5.601360774040222168e+01,7.030000000000000000e+02
5.608940339088439941e+01,7.040000000000000000e+02
5.616473793983459473e+01,7.050000000000000000e+02
5.624011015892028809e+01,7.060000000000000000e+02
5.631541514396667480e+01,7.070000000000000000e+02
5.639062857627868652e+01,7.080000000000000000e+02
5.646626353263854980e+01,7.090000000000000000e+02
5.654158401489257812e+01,7.100000000000000000e+02
5.661698317527770996e+01,7.110000000000000000e+02
5.669239807128906250e+01,7.120000000000000000e+02
5.676775097846984863e+01,7.130000000000000000e+02
5.684299254417419434e+01,7.140000000000000000e+02
5.691833043098449707e+01,7.150000000000000000e+02
5.699373793601989746e+01,7.160000000000000000e+02
5.706911087036132812e+01,7.170000000000000000e+02
5.714443540573120117e+01,7.180000000000000000e+02
5.721765375137329102e+01,7.190000000000000000e+02
5.729291200637817383e+01,7.200000000000000000e+02
5.736781620979309082e+01,7.210000000000000000e+02
5.744439053535461426e+01,7.220000000000000000e+02
5.751926946640014648e+01,7.230000000000000000e+02
5.759414696693420410e+01,7.240000000000000000e+02
5.766896152496337891e+01,7.250000000000000000e+02
5.781662797927856445e+01,7.260000000000000000e+02
5.789193010330200195e+01,7.270000000000000000e+02
5.796772503852844238e+01,7.280000000000000000e+02
5.804375314712524414e+01,7.290000000000000000e+02
5.811906099319458008e+01,7.300000000000000000e+02
5.819488811492919922e+01,7.310000000000000000e+02
5.827113771438598633e+01,7.320000000000000000e+02
5.834695601463317871e+01,7.330000000000000000e+02
5.842261910438537598e+01,7.340000000000000000e+02
5.849830293655395508e+01,7.350000000000000000e+02
5.857389712333679199e+01,7.360000000000000000e+02
5.864911413192749023e+01,7.370000000000000000e+02
5.872435808181762695e+01,7.380000000000000000e+02
5.879952216148376465e+01,7.390000000000000000e+02
5.887477111816406250e+01,7.400000000000000000e+02
5.895077919960021973e+01,7.410000000000000000e+02
5.902653670310974121e+01,7.420000000000000000e+02
5.910192728042602539e+01,7.430000000000000000e+02
5.917729640007019043e+01,7.440000000000000000e+02
5.925264024734497070e+01,7.450000000000000000e+02
5.932843494415283203e+01,7.460000000000000000e+02
5.940384197235107422e+01,7.470000000000000000e+02
5.947912406921386719e+01,7.480000000000000000e+02
5.955442023277282715e+01,7.490000000000000000e+02
5.962983107566833496e+01,7.500000000000000000e+02
5.970533680915832520e+01,7.510000000000000000e+02
5.978073072433471680e+01,7.520000000000000000e+02
5.985602855682373047e+01,7.530000000000000000e+02
5.993143177032470703e+01,7.540000000000000000e+02
6.000680899620056152e+01,7.550000000000000000e+02
7.671189308166503906e-02,1.000000000000000000e+00
1.519694328308105469e-01,2.000000000000000000e+00
2.267887592315673828e-01,3.000000000000000000e+00
3.209264278411865234e-01,4.000000000000000000e+00
3.966319561004638672e-01,5.000000000000000000e+00
4.725098609924316406e-01,6.000000000000000000e+00
5.481774806976318359e-01,7.000000000000000000e+00
6.268277168273925781e-01,8.000000000000000000e+00
7.065107822418212891e-01,9.000000000000000000e+00
7.804870605468750000e-01,1.000000000000000000e+01
8.561916351318359375e-01,1.100000000000000000e+01
9.427196979522705078e-01,1.200000000000000000e+01
1.016090154647827148e+00,1.300000000000000000e+01
1.092874288558959961e+00,1.400000000000000000e+01
1.173994064331054688e+00,1.500000000000000000e+01
1.250567197799682617e+00,1.600000000000000000e+01
1.325536966323852539e+00,1.700000000000000000e+01
1.401899814605712891e+00,1.800000000000000000e+01
1.478510379791259766e+00,1.900000000000000000e+01
1.554348707199096680e+00,2.000000000000000000e+01
1.628172397613525391e+00,2.100000000000000000e+01
1.704400777816772461e+00,2.200000000000000000e+01
1.780694484710693359e+00,2.300000000000000000e+01
1.855166435241699219e+00,2.400000000000000000e+01
1.931033611297607422e+00,2.500000000000000000e+01
2.005966186523437500e+00,2.600000000000000000e+01
2.080861330032348633e+00,2.700000000000000000e+01
2.155995130538940430e+00,2.800000000000000000e+01
2.303662776947021484e+00,2.900000000000000000e+01
2.378976821899414062e+00,3.000000000000000000e+01
2.454756498336791992e+00,3.100000000000000000e+01
2.530895948410034180e+00,3.200000000000000000e+01
2.606142520904541016e+00,3.300000000000000000e+01
2.681414127349853516e+00,3.400000000000000000e+01
2.756834506988525391e+00,3.500000000000000000e+01
2.832327365875244141e+00,3.600000000000000000e+01
2.907832384109497070e+00,3.700000000000000000e+01
2.983194351196289062e+00,3.800000000000000000e+01
3.058622121810913086e+00,3.900000000000000000e+01
3.133961200714111328e+00,4.000000000000000000e+01
3.209297895431518555e+00,4.100000000000000000e+01
3.284588813781738281e+00,4.200000000000000000e+01
3.359997510910034180e+00,4.300000000000000000e+01
3.435455322265625000e+00,4.400000000000000000e+01
3.510935306549072266e+00,4.500000000000000000e+01
3.586230516433715820e+00,4.600000000000000000e+01
3.661592721939086914e+00,4.700000000000000000e+01
3.737180233001708984e+00,4.800000000000000000e+01
3.813149690628051758e+00,4.900000000000000000e+01
3.888422489166259766e+00,5.000000000000000000e+01
3.963834762573242188e+00,5.100000000000000000e+01
4.039245605468750000e+00,5.200000000000000000e+01
4.114610195159912109e+00,5.300000000000000000e+01
4.189909458160400391e+00,5.400000000000000000e+01
4.265220403671264648e+00,5.500000000000000000e+01
4.340574264526367188e+00,5.600000000000000000e+01
4.415934085845947266e+00,5.700000000000000000e+01
4.489136934280395508e+00,5.800000000000000000e+01
4.564385414123535156e+00,5.900000000000000000e+01
4.639231443405151367e+00,6.000000000000000000e+01
4.714177608489990234e+00,6.100000000000000000e+01
4.789127111434936523e+00,6.200000000000000000e+01
4.938446283340454102e+00,6.300000000000000000e+01
5.017903566360473633e+00,6.400000000000000000e+01
5.092835426330566406e+00,6.500000000000000000e+01
5.167698383331298828e+00,6.600000000000000000e+01
5.243883848190307617e+00,6.700000000000000000e+01
5.485000133514404297e+00,6.800000000000000000e+01
5.572340965270996094e+00,6.900000000000000000e+01
5.645855665206909180e+00,7.000000000000000000e+01
5.730908632278442383e+00,7.100000000000000000e+01
5.819113969802856445e+00,7.200000000000000000e+01
5.901236772537231445e+00,7.300000000000000000e+01
5.985315322875976562e+00,7.400000000000000000e+01
6.080606460571289062e+00,7.500000000000000000e+01
6.159760236740112305e+00,7.600000000000000000e+01
6.235484123229980469e+00,7.700000000000000000e+01
6.334491491317749023e+00,7.800000000000000000e+01
6.416013240814208984e+00,7.900000000000000000e+01
6.492061614990234375e+00,8.000000000000000000e+01
6.578146696090698242e+00,8.100000000000000000e+01
6.671818017959594727e+00,8.200000000000000000e+01
6.754544019699096680e+00,8.300000000000000000e+01
6.840916395187377930e+00,8.400000000000000000e+01
6.916125059127807617e+00,8.500000000000000000e+01
7.005764484405517578e+00,8.600000000000000000e+01
7.090732336044311523e+00,8.700000000000000000e+01
7.182050466537475586e+00,8.800000000000000000e+01
7.286213159561157227e+00,8.900000000000000000e+01
7.302676439285278320e+00,9.000000000000000000e+01
7.390740633010864258e+00,9.100000000000000000e+01
7.468748092651367188e+00,9.200000000000000000e+01
7.552122116088867188e+00,9.300000000000000000e+01
7.628817319869995117e+00,9.400000000000000000e+01
7.705496788024902344e+00,9.500000000000000000e+01
7.781980752944946289e+00,9.600000000000000000e+01
7.863816022872924805e+00,9.700000000000000000e+01
7.958078384399414062e+00,9.800000000000000000e+01
8.044936180114746094e+00,9.900000000000000000e+01
8.120324134826660156e+00,1.000000000000000000e+02
8.195437908172607422e+00,1.010000000000000000e+02
8.271075248718261719e+00,1.020000000000000000e+02
8.346568107604980469e+00,1.030000000000000000e+02
8.499209642410278320e+00,1.040000000000000000e+02
8.574506521224975586e+00,1.050000000000000000e+02
8.649331808090209961e+00,1.060000000000000000e+02
8.796958446502685547e+00,1.070000000000000000e+02
8.872299194335937500e+00,1.080000000000000000e+02
8.948066473007202148e+00,1.090000000000000000e+02
9.024022817611694336e+00,1.100000000000000000e+02
9.099384307861328125e+00,1.110000000000000000e+02
9.175113439559936523e+00,1.120000000000000000e+02
9.250869035720825195e+00,1.130000000000000000e+02
9.326221704483032227e+00,1.140000000000000000e+02
9.401526212692260742e+00,1.150000000000000000e+02
9.477190494537353516e+00,1.160000000000000000e+02
9.552510023117065430e+00,1.170000000000000000e+02
9.627789020538330078e+00,1.180000000000000000e+02
9.703068971633911133e+00,1.190000000000000000e+02
9.778416395187377930e+00,1.200000000000000000e+02
9.853790760040283203e+00,1.210000000000000000e+02
9.931966304779052734e+00,1.220000000000000000e+02
1.000822424888610840e+01,1.230000000000000000e+02
1.008380365371704102e+01,1.240000000000000000e+02
1.015993690490722656e+01,1.250000000000000000e+02
1.031056332588195801e+01,1.260000000000000000e+02
1.038589286804199219e+01,1.270000000000000000e+02
1.046129703521728516e+01,1.280000000000000000e+02
1.053667688369750977e+01,1.290000000000000000e+02
1.061209058761596680e+01,1.300000000000000000e+02
1.068749952316284180e+01,1.310000000000000000e+02
1.076300883293151855e+01,1.320000000000000000e+02
1.083837985992431641e+01,1.330000000000000000e+02
1.091374826431274414e+01,1.340000000000000000e+02
1.098910689353942871e+01,1.350000000000000000e+02
1.106459116935729980e+01,1.360000000000000000e+02
1.113994336128234863e+01,1.370000000000000000e+02
1.121539115905761719e+01,1.380000000000000000e+02
1.129083442687988281e+01,1.390000000000000000e+02
1.136655974388122559e+01,1.400000000000000000e+02
1.144330525398254395e+01,1.410000000000000000e+02
1.151930570602416992e+01,1.420000000000000000e+02
1.159466147422790527e+01,1.430000000000000000e+02
1.167002415657043457e+01,1.440000000000000000e+02
1.174536180496215820e+01,1.450000000000000000e+02
1.182068586349487305e+01,1.460000000000000000e+02
1.189599561691284180e+01,1.470000000000000000e+02
1.197169089317321777e+01,1.480000000000000000e+02
1.204734826087951660e+01,1.490000000000000000e+02
1.212305378913879395e+01,1.500000000000000000e+02
1.219878077507019043e+01,1.510000000000000000e+02
1.227434158325195312e+01,1.520000000000000000e+02
1.235013175010681152e+01,1.530000000000000000e+02
1.242694449424743652e+01,1.540000000000000000e+02
1.250414133071899414e+01,1.550000000000000000e+02
1.257970404624938965e+01,1.560000000000000000e+02
1.265562844276428223e+01,1.570000000000000000e+02
1.273132371902465820e+01,1.580000000000000000e+02
1.280698680877685547e+01,1.590000000000000000e+02
1.288230204582214355e+01,1.600000000000000000e+02
1.295809936523437500e+01,1.610000000000000000e+02
1.303393459320068359e+01,1.620000000000000000e+02
1.310933613777160645e+01,1.630000000000000000e+02
1.318504190444946289e+01,1.640000000000000000e+02
1.326081347465515137e+01,1.650000000000000000e+02
1.333625197410583496e+01,1.660000000000000000e+02
1.341152501106262207e+01,1.670000000000000000e+02
1.348705506324768066e+01,1.680000000000000000e+02
1.356255149841308594e+01,1.690000000000000000e+02
1.363789415359497070e+01,1.700000000000000000e+02
1.371325469017028809e+01,1.710000000000000000e+02
1.378854179382324219e+01,1.720000000000000000e+02
1.386399340629577637e+01,1.730000000000000000e+02
1.393980216979980469e+01,1.740000000000000000e+02
1.401518201828002930e+01,1.750000000000000000e+02
1.409074044227600098e+01,1.760000000000000000e+02
1.416614651679992676e+01,1.770000000000000000e+02
1.424217271804809570e+01,1.780000000000000000e+02
1.431835436820983887e+01,1.790000000000000000e+02
1.439426636695861816e+01,1.800000000000000000e+02
1.446982336044311523e+01,1.810000000000000000e+02
1.454521870613098145e+01,1.820000000000000000e+02
1.462069225311279297e+01,1.830000000000000000e+02
1.469641017913818359e+01,1.840000000000000000e+02
1.477207088470458984e+01,1.850000000000000000e+02
1.484781551361083984e+01,1.860000000000000000e+02
1.492528200149536133e+01,1.870000000000000000e+02
1.500391721725463867e+01,1.880000000000000000e+02
1.508286857604980469e+01,1.890000000000000000e+02
1.515918946266174316e+01,1.900000000000000000e+02
1.523431587219238281e+01,1.910000000000000000e+02
1.530933260917663574e+01,1.920000000000000000e+02
1.553245639801025391e+01,1.930000000000000000e+02
1.560835170745849609e+01,1.940000000000000000e+02
1.568411493301391602e+01,1.950000000000000000e+02
1.576042246818542480e+01,1.960000000000000000e+02
1.583956742286682129e+01,1.970000000000000000e+02
1.591442966461181641e+01,1.980000000000000000e+02
1.606205749511718750e+01,1.990000000000000000e+02
1.613763880729675293e+01,2.000000000000000000e+02
1.621307229995727539e+01,2.010000000000000000e+02
1.628833031654357910e+01,2.020000000000000000e+02
1.636376762390136719e+01,2.030000000000000000e+02
1.643908667564392090e+01,2.040000000000000000e+02
1.651483511924743652e+01,2.050000000000000000e+02
1.659029078483581543e+01,2.060000000000000000e+02
1.666573572158813477e+01,2.070000000000000000e+02
1.674129772186279297e+01,2.080000000000000000e+02
1.681694459915161133e+01,2.090000000000000000e+02
1.689233493804931641e+01,2.100000000000000000e+02
1.696769595146179199e+01,2.110000000000000000e+02
1.704311323165893555e+01,2.120000000000000000e+02
1.711848068237304688e+01,2.130000000000000000e+02
1.719377946853637695e+01,2.140000000000000000e+02
1.726956009864807129e+01,2.150000000000000000e+02
1.734588360786437988e+01,2.160000000000000000e+02
1.742154669761657715e+01,2.170000000000000000e+02
1.749736976623535156e+01,2.180000000000000000e+02
1.757281661033630371e+01,2.190000000000000000e+02
1.764820432662963867e+01,2.200000000000000000e+02
1.772358584403991699e+01,2.210000000000000000e+02
1.779895448684692383e+01,2.220000000000000000e+02
1.787429690361022949e+01,2.230000000000000000e+02
1.795038104057312012e+01,2.240000000000000000e+02
1.802738118171691895e+01,2.250000000000000000e+02
1.810345101356506348e+01,2.260000000000000000e+02
1.818023633956909180e+01,2.270000000000000000e+02
1.825651550292968750e+01,2.280000000000000000e+02
1.833228230476379395e+01,2.290000000000000000e+02
1.840804958343505859e+01,2.300000000000000000e+02
1.848404240608215332e+01,2.310000000000000000e+02
1.856003665924072266e+01,2.320000000000000000e+02
1.871106696128845215e+01,2.330000000000000000e+02
1.878691124916076660e+01,2.340000000000000000e+02
1.886311197280883789e+01,2.350000000000000000e+02
1.894269466400146484e+01,2.360000000000000000e+02
1.901782870292663574e+01,2.370000000000000000e+02
1.909294891357421875e+01,2.380000000000000000e+02
1.931612777709960938e+01,2.390000000000000000e+02
1.939196610450744629e+01,2.400000000000000000e+02
1.946768045425415039e+01,2.410000000000000000e+02
1.954317665100097656e+01,2.420000000000000000e+02
1.961898875236511230e+01,2.430000000000000000e+02
1.969462871551513672e+01,2.440000000000000000e+02
1.977024793624877930e+01,2.450000000000000000e+02
1.984589481353759766e+01,2.460000000000000000e+02
1.992193555831909180e+01,2.470000000000000000e+02
2.007345104217529297e+01,2.480000000000000000e+02
2.014878511428833008e+01,2.490000000000000000e+02
2.022412753105163574e+01,2.500000000000000000e+02
2.029945588111877441e+01,2.510000000000000000e+02
2.037488842010498047e+01,2.520000000000000000e+02
2.045056486129760742e+01,2.530000000000000000e+02
2.052650022506713867e+01,2.540000000000000000e+02
2.060184764862060547e+01,2.550000000000000000e+02
2.067721295356750488e+01,2.560000000000000000e+02
2.075267148017883301e+01,2.570000000000000000e+02
2.082804512977600098e+01,2.580000000000000000e+02
2.090341639518737793e+01,2.590000000000000000e+02
2.097878241539001465e+01,2.600000000000000000e+02
2.105411481857299805e+01,2.610000000000000000e+02
2.112947106361389160e+01,2.620000000000000000e+02
2.120484089851379395e+01,2.630000000000000000e+02
2.128015470504760742e+01,2.640000000000000000e+02
2.135550570487976074e+01,2.650000000000000000e+02
2.143158912658691406e+01,2.660000000000000000e+02
2.150730419158935547e+01,2.670000000000000000e+02
2.158265709877014160e+01,2.680000000000000000e+02
2.165800714492797852e+01,2.690000000000000000e+02
2.173340082168579102e+01,2.700000000000000000e+02
2.180882477760314941e+01,2.710000000000000000e+02
2.188413858413696289e+01,2.720000000000000000e+02
2.195951652526855469e+01,2.730000000000000000e+02
2.203487420082092285e+01,2.740000000000000000e+02
2.211030673980712891e+01,2.750000000000000000e+02
2.218621826171875000e+01,2.760000000000000000e+02
2.226213121414184570e+01,2.770000000000000000e+02
2.233753538131713867e+01,2.780000000000000000e+02
2.241293549537658691e+01,2.790000000000000000e+02
2.249103593826293945e+01,2.800000000000000000e+02
2.256733417510986328e+01,2.810000000000000000e+02
2.264269685745239258e+01,2.820000000000000000e+02
2.271809506416320801e+01,2.830000000000000000e+02
2.279357814788818359e+01,2.840000000000000000e+02
2.286893105506896973e+01,2.850000000000000000e+02
2.294461727142333984e+01,2.860000000000000000e+02
2.302075457572937012e+01,2.870000000000000000e+02
2.309613084793090820e+01,2.880000000000000000e+02
2.317167639732360840e+01,2.890000000000000000e+02
2.324826574325561523e+01,2.900000000000000000e+02
2.332369089126586914e+01,2.910000000000000000e+02
2.339907789230346680e+01,2.920000000000000000e+02
2.347451496124267578e+01,2.930000000000000000e+02
2.354990506172180176e+01,2.940000000000000000e+02
2.362534189224243164e+01,2.950000000000000000e+02
2.370077109336853027e+01,2.960000000000000000e+02
2.377628278732299805e+01,2.970000000000000000e+02
2.385161972045898438e+01,2.980000000000000000e+02
2.392909264564514160e+01,2.990000000000000000e+02
2.400524258613586426e+01,3.000000000000000000e+02
2.408073735237121582e+01,3.010000000000000000e+02
2.415656113624572754e+01,3.020000000000000000e+02
2.423285913467407227e+01,3.030000000000000000e+02
2.430832910537719727e+01,3.040000000000000000e+02
2.438380551338195801e+01,3.050000000000000000e+02
2.445994877815246582e+01,3.060000000000000000e+02
2.453604745864868164e+01,3.070000000000000000e+02
2.461147093772888184e+01,3.080000000000000000e+02
2.468688797950744629e+01,3.090000000000000000e+02
2.476265358924865723e+01,3.100000000000000000e+02
2.483850955963134766e+01,3.110000000000000000e+02
2.491469812393188477e+01,3.120000000000000000e+02
2.499033069610595703e+01,3.130000000000000000e+02
2.506624078750610352e+01,3.140000000000000000e+02
2.514203119277954102e+01,3.150000000000000000e+02
2.521801638603210449e+01,3.160000000000000000e+02
2.529370522499084473e+01,3.170000000000000000e+02
2.536968374252319336e+01,3.180000000000000000e+02
2.544642996788024902e+01,3.190000000000000000e+02
2.552305746078491211e+01,3.200000000000000000e+02
2.559865713119506836e+01,3.210000000000000000e+02
2.567408275604248047e+01,3.220000000000000000e+02
2.574984884262084961e+01,3.230000000000000000e+02
2.590100741386413574e+01,3.240000000000000000e+02
2.597673273086547852e+01,3.250000000000000000e+02
2.605242872238159180e+01,3.260000000000000000e+02
2.612814974784851074e+01,3.270000000000000000e+02
2.620368742942810059e+01,3.280000000000000000e+02
2.627938055992126465e+01,3.290000000000000000e+02
2.635508775711059570e+01,3.300000000000000000e+02
2.643518137931823730e+01,3.310000000000000000e+02
2.651010322570800781e+01,3.320000000000000000e+02
2.658536696434020996e+01,3.330000000000000000e+02
2.673337841033935547e+01,3.340000000000000000e+02
2.680891251564025879e+01,3.350000000000000000e+02
2.688450527191162109e+01,3.360000000000000000e+02
2.696062874794006348e+01,3.370000000000000000e+02
2.711142826080322266e+01,3.380000000000000000e+02
2.718679189682006836e+01,3.390000000000000000e+02
2.726220202445983887e+01,3.400000000000000000e+02
2.733751368522644043e+01,3.410000000000000000e+02
2.741294050216674805e+01,3.420000000000000000e+02
2.748856353759765625e+01,3.430000000000000000e+02
2.756457710266113281e+01,3.440000000000000000e+02
2.764043593406677246e+01,3.450000000000000000e+02
2.771611356735229492e+01,3.460000000000000000e+02
2.779186272621154785e+01,3.470000000000000000e+02
2.786754679679870605e+01,3.480000000000000000e+02
2.794424581527709961e+01,3.490000000000000000e+02
2.802001690864562988e+01,3.500000000000000000e+02
2.809527325630187988e+01,3.510000000000000000e+02
2.817061829566955566e+01,3.520000000000000000e+02
2.824628686904907227e+01,3.530000000000000000e+02
2.832150268554687500e+01,3.540000000000000000e+02
2.839678215980529785e+01,3.550000000000000000e+02
2.847210454940795898e+01,3.560000000000000000e+02
2.854745435714721680e+01,3.570000000000000000e+02
2.862272834777832031e+01,3.580000000000000000e+02
2.869798111915588379e+01,3.590000000000000000e+02
2.877329206466674805e+01,3.600000000000000000e+02
2.884855055809020996e+01,3.610000000000000000e+02
2.892471837997436523e+01,3.620000000000000000e+02
2.900122785568237305e+01,3.630000000000000000e+02
2.907646393775939941e+01,3.640000000000000000e+02
2.915183305740356445e+01,3.650000000000000000e+02
2.922721314430236816e+01,3.660000000000000000e+02
2.930254149436950684e+01,3.670000000000000000e+02
2.937796115875244141e+01,3.680000000000000000e+02
2.945368695259094238e+01,3.690000000000000000e+02
2.952959156036376953e+01,3.700000000000000000e+02
2.960488605499267578e+01,3.710000000000000000e+02
2.968022656440734863e+01,3.720000000000000000e+02
2.975554633140563965e+01,3.730000000000000000e+02
2.983090353012084961e+01,3.740000000000000000e+02
2.990612602233886719e+01,3.750000000000000000e+02
2.998146033287048340e+01,3.760000000000000000e+02
3.005684375762939453e+01,3.770000000000000000e+02
3.013224315643310547e+01,3.780000000000000000e+02
3.020758914947509766e+01,3.790000000000000000e+02
3.028080296516418457e+01,3.800000000000000000e+02
3.036770224571228027e+01,3.810000000000000000e+02
3.044275951385498047e+01,3.820000000000000000e+02
3.052566194534301758e+01,3.830000000000000000e+02
3.059904670715332031e+01,3.840000000000000000e+02
3.067456698417663574e+01,3.850000000000000000e+02
3.074945950508117676e+01,3.860000000000000000e+02
3.082434153556823730e+01,3.870000000000000000e+02
3.089927601814270020e+01,3.880000000000000000e+02
3.104697513580322266e+01,3.890000000000000000e+02
3.112234854698181152e+01,3.900000000000000000e+02
3.119765782356262207e+01,3.910000000000000000e+02
3.127290010452270508e+01,3.920000000000000000e+02
3.134825277328491211e+01,3.930000000000000000e+02
3.142410778999328613e+01,3.940000000000000000e+02
3.150133633613586426e+01,3.950000000000000000e+02
3.157662487030029297e+01,3.960000000000000000e+02
3.165191745758056641e+01,3.970000000000000000e+02
3.172727680206298828e+01,3.980000000000000000e+02
3.180261301994323730e+01,3.990000000000000000e+02
3.187776947021484375e+01,4.000000000000000000e+02
3.195360684394836426e+01,4.010000000000000000e+02
3.202946877479553223e+01,4.020000000000000000e+02
3.210486912727355957e+01,4.030000000000000000e+02
3.218085002899169922e+01,4.040000000000000000e+02
3.225676155090332031e+01,4.050000000000000000e+02
3.233218002319335938e+01,4.060000000000000000e+02
3.240767312049865723e+01,4.070000000000000000e+02
3.248294448852539062e+01,4.080000000000000000e+02
3.255824518203735352e+01,4.090000000000000000e+02
3.263352441787719727e+01,4.100000000000000000e+02
3.270885443687438965e+01,4.110000000000000000e+02
3.278421807289123535e+01,4.120000000000000000e+02
3.285953497886657715e+01,4.130000000000000000e+02
3.293493986129760742e+01,4.140000000000000000e+02
3.301048445701599121e+01,4.150000000000000000e+02
3.308582210540771484e+01,4.160000000000000000e+02
3.316106986999511719e+01,4.170000000000000000e+02
3.323645305633544922e+01,4.180000000000000000e+02
3.331208968162536621e+01,4.190000000000000000e+02
3.338751745223999023e+01,4.200000000000000000e+02
3.346292805671691895e+01,4.210000000000000000e+02
3.353834867477416992e+01,4.220000000000000000e+02
3.361370849609375000e+01,4.230000000000000000e+02
3.368915486335754395e+01,4.240000000000000000e+02
3.376246118545532227e+01,4.250000000000000000e+02
3.383776974678039551e+01,4.260000000000000000e+02
3.391325163841247559e+01,4.270000000000000000e+02
3.398816061019897461e+01,4.280000000000000000e+02
3.406309700012207031e+01,4.290000000000000000e+02
3.413794326782226562e+01,4.300000000000000000e+02
3.428557634353637695e+01,4.310000000000000000e+02
3.436089897155761719e+01,4.320000000000000000e+02
3.443634843826293945e+01,4.330000000000000000e+02
3.451184916496276855e+01,4.340000000000000000e+02
3.458728003501892090e+01,4.350000000000000000e+02
3.466257643699645996e+01,4.360000000000000000e+02
3.473795986175537109e+01,4.370000000000000000e+02
3.481335067749023438e+01,4.380000000000000000e+02
3.488870263099670410e+01,4.390000000000000000e+02
3.496453714370727539e+01,4.400000000000000000e+02
3.504070568084716797e+01,4.410000000000000000e+02
3.511596798896789551e+01,4.420000000000000000e+02
3.519144463539123535e+01,4.430000000000000000e+02
3.526708626747131348e+01,4.440000000000000000e+02
3.534375381469726562e+01,4.450000000000000000e+02
3.541993403434753418e+01,4.460000000000000000e+02
3.549567341804504395e+01,4.470000000000000000e+02
3.557106542587280273e+01,4.480000000000000000e+02
3.564647221565246582e+01,4.490000000000000000e+02
3.572190308570861816e+01,4.500000000000000000e+02
3.579725003242492676e+01,4.510000000000000000e+02
3.587258076667785645e+01,4.520000000000000000e+02
3.594856381416320801e+01,4.530000000000000000e+02
3.602442336082458496e+01,4.540000000000000000e+02
3.609984326362609863e+01,4.550000000000000000e+02
3.617563819885253906e+01,4.560000000000000000e+02
3.625136184692382812e+01,4.570000000000000000e+02
3.632661199569702148e+01,4.580000000000000000e+02
3.640182089805603027e+01,4.590000000000000000e+02
3.647713589668273926e+01,4.600000000000000000e+02
3.655233073234558105e+01,4.610000000000000000e+02
3.662766242027282715e+01,4.620000000000000000e+02
3.670288920402526855e+01,4.630000000000000000e+02
3.677810454368591309e+01,4.640000000000000000e+02
3.685336184501647949e+01,4.650000000000000000e+02
3.692930054664611816e+01,4.660000000000000000e+02
3.700509858131408691e+01,4.670000000000000000e+02
3.708045506477355957e+01,4.680000000000000000e+02
3.715626597404479980e+01,4.690000000000000000e+02
3.723237705230712891e+01,4.700000000000000000e+02
3.730765223503112793e+01,4.710000000000000000e+02
3.738303899765014648e+01,4.720000000000000000e+02
3.745864892005920410e+01,4.730000000000000000e+02
3.753450489044189453e+01,4.740000000000000000e+02
3.760981321334838867e+01,4.750000000000000000e+02
3.768521833419799805e+01,4.760000000000000000e+02
3.776050782203674316e+01,4.770000000000000000e+02
3.783371257781982422e+01,4.780000000000000000e+02
3.790897893905639648e+01,4.790000000000000000e+02
3.798503518104553223e+01,4.800000000000000000e+02
3.805998253822326660e+01,4.810000000000000000e+02
3.813495373725891113e+01,4.820000000000000000e+02
3.820985412597656250e+01,4.830000000000000000e+02
3.835760021209716797e+01,4.840000000000000000e+02
3.843407654762268066e+01,4.850000000000000000e+02
3.850934481620788574e+01,4.860000000000000000e+02
3.858467316627502441e+01,4.870000000000000000e+02
3.866005110740661621e+01,4.880000000000000000e+02
3.873540186882019043e+01,4.890000000000000000e+02
3.881070828437805176e+01,4.900000000000000000e+02
3.888608956336975098e+01,4.910000000000000000e+02
3.896141338348388672e+01,4.920000000000000000e+02
3.903689289093017578e+01,4.930000000000000000e+02
3.911216545104980469e+01,4.940000000000000000e+02
3.918773198127746582e+01,4.950000000000000000e+02
3.926351618766784668e+01,4.960000000000000000e+02
3.933881974220275879e+01,4.970000000000000000e+02
3.941414761543273926e+01,4.980000000000000000e+02
3.948942470550537109e+01,4.990000000000000000e+02
3.956476974487304688e+01,5.000000000000000000e+02
3.964025235176086426e+01,5.010000000000000000e+02
3.971553754806518555e+01,5.020000000000000000e+02
3.979098987579345703e+01,5.030000000000000000e+02
3.986631464958190918e+01,5.040000000000000000e+02
3.994290423393249512e+01,5.050000000000000000e+02
4.001941561698913574e+01,5.060000000000000000e+02
4.009530067443847656e+01,5.070000000000000000e+02
4.017100238800048828e+01,5.080000000000000000e+02
4.024732470512390137e+01,5.090000000000000000e+02
4.032266569137573242e+01,5.100000000000000000e+02
4.039806938171386719e+01,5.110000000000000000e+02
4.047339034080505371e+01,5.120000000000000000e+02
4.054871678352355957e+01,5.130000000000000000e+02
4.062408232688903809e+01,5.140000000000000000e+02
4.069933128356933594e+01,5.150000000000000000e+02
4.077458310127258301e+01,5.160000000000000000e+02
4.084977126121520996e+01,5.170000000000000000e+02
4.092613458633422852e+01,5.180000000000000000e+02
4.100296401977539062e+01,5.190000000000000000e+02
4.107826948165893555e+01,5.200000000000000000e+02
4.115360069274902344e+01,5.210000000000000000e+02
4.122943210601806641e+01,5.220000000000000000e+02
4.130479359626770020e+01,5.230000000000000000e+02
4.138016724586486816e+01,5.240000000000000000e+02
4.145550894737243652e+01,5.250000000000000000e+02
4.153142619132995605e+01,5.260000000000000000e+02
4.160692882537841797e+01,5.270000000000000000e+02
4.168235206604003906e+01,5.280000000000000000e+02
4.175775694847106934e+01,5.290000000000000000e+02
4.183324694633483887e+01,5.300000000000000000e+02
4.190873670578002930e+01,5.310000000000000000e+02
4.198411154747009277e+01,5.320000000000000000e+02
4.205951833724975586e+01,5.330000000000000000e+02
4.213489794731140137e+01,5.340000000000000000e+02
4.220820713043212891e+01,5.350000000000000000e+02
4.228354811668395996e+01,5.360000000000000000e+02
4.235847783088684082e+01,5.370000000000000000e+02
4.243408465385437012e+01,5.380000000000000000e+02
4.250906753540039062e+01,5.390000000000000000e+02
4.258398580551147461e+01,5.400000000000000000e+02
4.273184132575988770e+01,5.410000000000000000e+02
4.280725836753845215e+01,5.420000000000000000e+02
4.288260889053344727e+01,5.430000000000000000e+02
4.295827174186706543e+01,5.440000000000000000e+02
4.303427338600158691e+01,5.450000000000000000e+02
4.310962390899658203e+01,5.460000000000000000e+02
4.318548870086669922e+01,5.470000000000000000e+02
4.326141095161437988e+01,5.480000000000000000e+02
4.333669376373291016e+01,5.490000000000000000e+02
4.341201782226562500e+01,5.500000000000000000e+02
4.348746228218078613e+01,5.510000000000000000e+02
4.356285023689270020e+01,5.520000000000000000e+02
4.363820719718933105e+01,5.530000000000000000e+02
4.371345901489257812e+01,5.540000000000000000e+02
4.378891563415527344e+01,5.550000000000000000e+02
4.386429452896118164e+01,5.560000000000000000e+02
4.393999099731445312e+01,5.570000000000000000e+02
4.401558423042297363e+01,5.580000000000000000e+02
4.409097266197204590e+01,5.590000000000000000e+02
4.416633558273315430e+01,5.600000000000000000e+02
4.424182271957397461e+01,5.610000000000000000e+02
4.431828880310058594e+01,5.620000000000000000e+02
4.439381074905395508e+01,5.630000000000000000e+02
4.447003126144409180e+01,5.640000000000000000e+02
4.454655146598815918e+01,5.650000000000000000e+02
4.462197971343994141e+01,5.660000000000000000e+02
4.469748473167419434e+01,5.670000000000000000e+02
4.477289199829101562e+01,5.680000000000000000e+02
4.484839224815368652e+01,5.690000000000000000e+02
4.492617964744567871e+01,5.700000000000000000e+02
4.500665235519409180e+01,5.710000000000000000e+02
4.508146834373474121e+01,5.720000000000000000e+02
4.522950553894042969e+01,5.730000000000000000e+02
4.530473566055297852e+01,5.740000000000000000e+02
4.538004279136657715e+01,5.750000000000000000e+02
4.545559191703796387e+01,5.760000000000000000e+02
4.553139972686767578e+01,5.770000000000000000e+02
4.560674691200256348e+01,5.780000000000000000e+02
4.568202853202819824e+01,5.790000000000000000e+02
4.575738120079040527e+01,5.800000000000000000e+02
4.583274888992309570e+01,5.810000000000000000e+02
4.590797853469848633e+01,5.820000000000000000e+02
4.598659968376159668e+01,5.830000000000000000e+02
4.613752555847167969e+01,5.840000000000000000e+02
4.621284508705139160e+01,5.850000000000000000e+02
4.628818583488464355e+01,5.860000000000000000e+02
4.636352634429931641e+01,5.870000000000000000e+02
4.643916153907775879e+01,5.880000000000000000e+02
4.651518034934997559e+01,5.890000000000000000e+02
4.659094953536987305e+01,5.900000000000000000e+02
4.666670989990234375e+01,5.910000000000000000e+02
4.678322052955627441e+01,5.920000000000000000e+02
4.685892510414123535e+01,5.930000000000000000e+02
4.693476843833923340e+01,5.940000000000000000e+02
4.701064372062683105e+01,5.950000000000000000e+02
4.708631157875061035e+01,5.960000000000000000e+02
4.716208934783935547e+01,5.970000000000000000e+02
4.723841667175292969e+01,5.980000000000000000e+02
4.731402492523193359e+01,5.990000000000000000e+02
4.738960480690002441e+01,6.000000000000000000e+02
4.746531152725219727e+01,6.010000000000000000e+02
4.754115867614746094e+01,6.020000000000000000e+02
4.761772370338439941e+01,6.030000000000000000e+02
4.769360232353210449e+01,6.040000000000000000e+02
4.776950120925903320e+01,6.050000000000000000e+02
4.784528875350952148e+01,6.060000000000000000e+02
4.792262434959411621e+01,6.070000000000000000e+02
4.799926543235778809e+01,6.080000000000000000e+02
4.807509255409240723e+01,6.090000000000000000e+02
4.815083932876586914e+01,6.100000000000000000e+02
4.822638893127441406e+01,6.110000000000000000e+02
4.830223965644836426e+01,6.120000000000000000e+02
4.837817621231079102e+01,6.130000000000000000e+02
4.845396208763122559e+01,6.140000000000000000e+02
4.868028783798217773e+01,6.150000000000000000e+02
4.875606608390808105e+01,6.160000000000000000e+02
4.883183932304382324e+01,6.170000000000000000e+02
4.890967035293579102e+01,6.180000000000000000e+02
4.898781943321228027e+01,6.190000000000000000e+02
4.906265783309936523e+01,6.200000000000000000e+02
4.921031188964843750e+01,6.210000000000000000e+02
4.928574538230895996e+01,6.220000000000000000e+02
4.936112546920776367e+01,6.230000000000000000e+02
4.943662309646606445e+01,6.240000000000000000e+02
4.951262855529785156e+01,6.250000000000000000e+02
4.958840775489807129e+01,6.260000000000000000e+02
4.966416883468627930e+01,6.270000000000000000e+02
4.973989224433898926e+01,6.280000000000000000e+02
4.981553053855895996e+01,6.290000000000000000e+02
4.989130187034606934e+01,6.300000000000000000e+02
4.996680831909179688e+01,6.310000000000000000e+02
5.004213500022888184e+01,6.320000000000000000e+02
5.011757326126098633e+01,6.330000000000000000e+02
5.019292116165161133e+01,6.340000000000000000e+02
5.026861763000488281e+01,6.350000000000000000e+02
5.034527897834777832e+01,6.360000000000000000e+02
5.042136859893798828e+01,6.370000000000000000e+02
5.049713373184204102e+01,6.380000000000000000e+02
5.057250094413757324e+01,6.390000000000000000e+02
5.064786028861999512e+01,6.400000000000000000e+02
5.072306919097900391e+01,6.410000000000000000e+02
5.079831719398498535e+01,6.420000000000000000e+02
5.087354946136474609e+01,6.430000000000000000e+02
5.094912505149841309e+01,6.440000000000000000e+02
5.102502131462097168e+01,6.450000000000000000e+02
5.110031485557556152e+01,6.460000000000000000e+02
5.117594552040100098e+01,6.470000000000000000e+02
5.125172376632690430e+01,6.480000000000000000e+02
5.132706356048583984e+01,6.490000000000000000e+02
5.140223646163940430e+01,6.500000000000000000e+02
5.147760653495788574e+01,6.510000000000000000e+02
5.155293583869934082e+01,6.520000000000000000e+02
5.162837862968444824e+01,6.530000000000000000e+02
5.170370912551879883e+01,6.540000000000000000e+02
5.177911949157714844e+01,6.550000000000000000e+02
5.185450673103332520e+01,6.560000000000000000e+02
5.193047285079956055e+01,6.570000000000000000e+02
5.200629281997680664e+01,6.580000000000000000e+02
5.208158302307128906e+01,6.590000000000000000e+02
5.215770554542541504e+01,6.600000000000000000e+02
5.223366260528564453e+01,6.610000000000000000e+02
5.230901956558227539e+01,6.620000000000000000e+02
5.238446903228759766e+01,6.630000000000000000e+02
5.245986628532409668e+01,6.640000000000000000e+02
5.253520417213439941e+01,6.650000000000000000e+02
5.261050152778625488e+01,6.660000000000000000e+02
5.268579173088073730e+01,6.670000000000000000e+02
5.276108407974243164e+01,6.680000000000000000e+02
5.283646607398986816e+01,6.690000000000000000e+02
5.291191124916076660e+01,6.700000000000000000e+02
5.298510360717773438e+01,6.710000000000000000e+02
5.306034874916076660e+01,6.720000000000000000e+02
5.314495396614074707e+01,6.730000000000000000e+02
5.322371196746826172e+01,6.740000000000000000e+02
5.330749869346618652e+01,6.750000000000000000e+02
5.338294124603271484e+01,6.760000000000000000e+02
5.345882248878479004e+01,6.770000000000000000e+02
5.354060506820678711e+01,6.780000000000000000e+02
5.361979603767395020e+01,6.790000000000000000e+02
5.369509792327880859e+01,6.800000000000000000e+02
5.376994466781616211e+01,6.810000000000000000e+02
5.391845059394836426e+01,6.820000000000000000e+02
5.399927067756652832e+01,6.830000000000000000e+02
5.407429790496826172e+01,6.840000000000000000e+02
5.414938545227050781e+01,6.850000000000000000e+02
5.422444415092468262e+01,6.860000000000000000e+02
5.429948329925537109e+01,6.870000000000000000e+02
5.444753074645996094e+01,6.880000000000000000e+02
5.452398681640625000e+01,6.890000000000000000e+02
5.467469191551208496e+01,6.900000000000000000e+02
5.475124073028564453e+01,6.910000000000000000e+02
5.482927274703979492e+01,6.920000000000000000e+02
5.497745823860168457e+01,6.930000000000000000e+02
5.505296182632446289e+01,6.940000000000000000e+02
5.512880468368530273e+01,6.950000000000000000e+02
5.520459771156311035e+01,6.960000000000000000e+02
5.527998995780944824e+01,6.970000000000000000e+02
5.535579752922058105e+01,6.980000000000000000e+02
5.543234348297119141e+01,6.990000000000000000e+02
5.551082849502563477e+01,7.000000000000000000e+02
5.558613634109497070e+01,7.010000000000000000e+02
5.573411321640014648e+01,7.020000000000000000e+02
5.580965590476989746e+01,7.030000000000000000e+02
5.588488721847534180e+01,7.040000000000000000e+02
5.596015834808349609e+01,7.050000000000000000e+02
5.603543186187744141e+01,7.060000000000000000e+02
5.611073374748229980e+01,7.070000000000000000e+02
5.618665075302124023e+01,7.080000000000000000e+02
5.626269197463989258e+01,7.090000000000000000e+02
5.633852744102478027e+01,7.100000000000000000e+02
5.641375827789306641e+01,7.110000000000000000e+02
5.648903298377990723e+01,7.120000000000000000e+02
5.656424784660339355e+01,7.130000000000000000e+02
5.663953709602355957e+01,7.140000000000000000e+02
5.671481323242187500e+01,7.150000000000000000e+02
5.679008197784423828e+01,7.160000000000000000e+02
5.686545109748840332e+01,7.170000000000000000e+02
5.694117903709411621e+01,7.180000000000000000e+02
5.701661205291748047e+01,7.190000000000000000e+02
5.709198904037475586e+01,7.200000000000000000e+02
5.716734433174133301e+01,7.210000000000000000e+02
5.724259448051452637e+01,7.220000000000000000e+02
5.731784534454345703e+01,7.230000000000000000e+02
5.739317798614501953e+01,7.240000000000000000e+02
5.746856451034545898e+01,7.250000000000000000e+02
5.754391932487487793e+01,7.260000000000000000e+02
5.761928987503051758e+01,7.270000000000000000e+02
5.769460892677307129e+01,7.280000000000000000e+02
5.776787257194519043e+01,7.290000000000000000e+02
5.784363269805908203e+01,7.300000000000000000e+02
5.791861581802368164e+01,7.310000000000000000e+02
5.799346351623535156e+01,7.320000000000000000e+02
5.806826591491699219e+01,7.330000000000000000e+02
5.821605324745178223e+01,7.340000000000000000e+02
5.829141092300415039e+01,7.350000000000000000e+02
5.836661911010742188e+01,7.360000000000000000e+02
5.844200491905212402e+01,7.370000000000000000e+02
5.851742815971374512e+01,7.380000000000000000e+02
5.859283113479614258e+01,7.390000000000000000e+02
5.866832399368286133e+01,7.400000000000000000e+02
5.874375057220458984e+01,7.410000000000000000e+02
5.881916522979736328e+01,7.420000000000000000e+02
5.889450192451477051e+01,7.430000000000000000e+02
5.897006130218505859e+01,7.440000000000000000e+02
5.904625415802001953e+01,7.450000000000000000e+02
5.912218832969665527e+01,7.460000000000000000e+02
5.919810867309570312e+01,7.470000000000000000e+02
5.927420258522033691e+01,7.480000000000000000e+02
5.935125517845153809e+01,7.490000000000000000e+02
5.942822432518005371e+01,7.500000000000000000e+02
5.950718188285827637e+01,7.510000000000000000e+02
5.958237457275390625e+01,7.520000000000000000e+02
5.980528736114501953e+01,7.530000000000000000e+02
5.988099098205566406e+01,7.540000000000000000e+02
5.995800137519836426e+01,7.550000000000000000e+02
6.003625273704528809e+01,7.560000000000000000e+02
