time,packet_count
1.594295501708984375e-01,1.000000000000000000e+00
2.348933219909667969e-01,2.000000000000000000e+00
3.081085681915283203e-01,4.000000000000000000e+00
3.814375400543212891e-01,6.000000000000000000e+00
4.546782970428466797e-01,7.000000000000000000e+00
5.278851985931396484e-01,9.000000000000000000e+00
6.012938022613525391e-01,1.000000000000000000e+01
6.768538951873779297e-01,1.200000000000000000e+01
7.523298263549804688e-01,1.300000000000000000e+01
8.277783393859863281e-01,1.500000000000000000e+01
9.010324478149414062e-01,1.700000000000000000e+01
9.743611812591552734e-01,1.800000000000000000e+01
6.055092334747314453e+00,1.240000000000000000e+02
6.128420114517211914e+00,1.260000000000000000e+02
6.204060554504394531e+00,1.270000000000000000e+02
6.277338981628417969e+00,1.290000000000000000e+02
6.353532075881958008e+00,1.300000000000000000e+02
6.429169178009033203e+00,1.320000000000000000e+02
6.502372026443481445e+00,1.340000000000000000e+02
6.575698137283325195e+00,1.350000000000000000e+02
6.649805307388305664e+00,1.370000000000000000e+02
6.723084688186645508e+00,1.380000000000000000e+02
6.798514604568481445e+00,1.400000000000000000e+02
6.871762275695800781e+00,1.410000000000000000e+02
6.947865247726440430e+00,1.430000000000000000e+02
7.023623943328857422e+00,1.440000000000000000e+02
7.096834182739257812e+00,1.460000000000000000e+02
7.170118331909179688e+00,1.470000000000000000e+02
7.243418455123901367e+00,1.490000000000000000e+02
7.316666364669799805e+00,1.500000000000000000e+02
7.389955520629882812e+00,1.520000000000000000e+02
7.463183641433715820e+00,1.530000000000000000e+02
7.536468029022216797e+00,1.550000000000000000e+02
7.611923456192016602e+00,1.560000000000000000e+02
7.687632560729980469e+00,1.580000000000000000e+02
7.760904788970947266e+00,1.590000000000000000e+02
7.834136009216308594e+00,1.610000000000000000e+02
7.907422304153442383e+00,1.620000000000000000e+02
7.980690479278564453e+00,1.640000000000000000e+02
8.054808855056762695e+00,1.650000000000000000e+02
8.128150463104248047e+00,1.670000000000000000e+02
8.203621387481689453e+00,1.680000000000000000e+02
8.276905059814453125e+00,1.700000000000000000e+02
8.352288246154785156e+00,1.710000000000000000e+02
8.425664186477661133e+00,1.730000000000000000e+02
8.499190330505371094e+00,1.740000000000000000e+02
8.572626352310180664e+00,1.760000000000000000e+02
8.646152496337890625e+00,1.770000000000000000e+02
8.722479581832885742e+00,1.790000000000000000e+02
8.796011686325073242e+00,1.810000000000000000e+02
8.869506835937500000e+00,1.820000000000000000e+02
8.943028211593627930e+00,1.840000000000000000e+02
9.016330957412719727e+00,1.850000000000000000e+02
9.089690923690795898e+00,1.870000000000000000e+02
9.163058757781982422e+00,1.880000000000000000e+02
9.238790035247802734e+00,1.900000000000000000e+02
9.312031984329223633e+00,1.910000000000000000e+02
9.387411355972290039e+00,1.930000000000000000e+02
9.462812423706054688e+00,1.940000000000000000e+02
9.536028146743774414e+00,1.960000000000000000e+02
9.538281202316284180e+00,1.960000000000000000e+02
9.611432552337646484e+00,1.970000000000000000e+02
9.684738159179687500e+00,1.990000000000000000e+02
9.758034467697143555e+00,2.000000000000000000e+02
9.831232309341430664e+00,2.020000000000000000e+02
9.906698226928710938e+00,2.030000000000000000e+02
9.982799768447875977e+00,2.050000000000000000e+02
1.005830883979797363e+01,2.060000000000000000e+02
1.013160824775695801e+01,2.080000000000000000e+02
1.020732283592224121e+01,2.090000000000000000e+02
1.028264904022216797e+01,2.110000000000000000e+02
1.035587882995605469e+01,2.120000000000000000e+02
1.035804367065429688e+01,2.120000000000000000e+02
1.043111610412597656e+01,2.140000000000000000e+02
1.050435948371887207e+01,2.160000000000000000e+02
1.057757997512817383e+01,2.170000000000000000e+02
1.065084600448608398e+01,2.190000000000000000e+02
1.072408914566040039e+01,2.200000000000000000e+02
1.079813027381896973e+01,2.220000000000000000e+02
1.087822365760803223e+01,2.230000000000000000e+02
1.095146775245666504e+01,2.250000000000000000e+02
1.102677559852600098e+01,2.260000000000000000e+02
1.110002303123474121e+01,2.280000000000000000e+02
1.117331218719482422e+01,2.290000000000000000e+02
1.124869751930236816e+01,2.310000000000000000e+02
1.132191276550292969e+01,2.320000000000000000e+02
1.139756822586059570e+01,2.340000000000000000e+02
1.147083473205566406e+01,2.350000000000000000e+02
1.154420614242553711e+01,2.370000000000000000e+02
1.161754274368286133e+01,2.380000000000000000e+02
1.169086265563964844e+01,2.400000000000000000e+02
1.176621532440185547e+01,2.410000000000000000e+02
1.183946347236633301e+01,2.430000000000000000e+02
1.184186267852783203e+01,2.430000000000000000e+02
1.191519927978515625e+01,2.440000000000000000e+02
1.199052619934082031e+01,2.460000000000000000e+02
1.206380033493041992e+01,2.470000000000000000e+02
1.213967657089233398e+01,2.490000000000000000e+02
1.221505928039550781e+01,2.510000000000000000e+02
1.228829407691955566e+01,2.520000000000000000e+02
1.236376261711120605e+01,2.540000000000000000e+02
1.243703866004943848e+01,2.550000000000000000e+02
1.251267576217651367e+01,2.570000000000000000e+02
1.258804106712341309e+01,2.580000000000000000e+02
1.266195654869079590e+01,2.600000000000000000e+02
1.273514962196350098e+01,2.610000000000000000e+02
1.281063175201416016e+01,2.630000000000000000e+02
1.288389706611633301e+01,2.640000000000000000e+02
1.295931267738342285e+01,2.660000000000000000e+02
1.303261566162109375e+01,2.670000000000000000e+02
1.310581564903259277e+01,2.690000000000000000e+02
1.318221521377563477e+01,2.700000000000000000e+02
1.325542235374450684e+01,2.720000000000000000e+02
1.333094286918640137e+01,2.730000000000000000e+02
1.340662908554077148e+01,2.750000000000000000e+02
1.347996926307678223e+01,2.770000000000000000e+02
1.355631375312805176e+01,2.780000000000000000e+02
1.363204669952392578e+01,2.800000000000000000e+02
1.370542478561401367e+01,2.810000000000000000e+02
1.378084111213684082e+01,2.830000000000000000e+02
1.385627245903015137e+01,2.840000000000000000e+02
1.392958378791809082e+01,2.860000000000000000e+02
1.400532698631286621e+01,2.870000000000000000e+02
1.408115696907043457e+01,2.890000000000000000e+02
1.415438055992126465e+01,2.900000000000000000e+02
1.423086190223693848e+01,2.920000000000000000e+02
1.423317933082580566e+01,2.920000000000000000e+02
1.430633497238159180e+01,2.930000000000000000e+02
1.438170027732849121e+01,2.950000000000000000e+02
1.445492053031921387e+01,2.960000000000000000e+02
1.453053545951843262e+01,2.980000000000000000e+02
1.460389089584350586e+01,3.000000000000000000e+02
1.467991876602172852e+01,3.010000000000000000e+02
1.475554227828979492e+01,3.030000000000000000e+02
1.483124136924743652e+01,3.040000000000000000e+02
1.490474343299865723e+01,3.060000000000000000e+02
1.498037171363830566e+01,3.070000000000000000e+02
1.505587434768676758e+01,3.090000000000000000e+02
1.512934875488281250e+01,3.100000000000000000e+02
1.520261120796203613e+01,3.120000000000000000e+02
1.527586412429809570e+01,3.130000000000000000e+02
1.534963202476501465e+01,3.150000000000000000e+02
1.542287683486938477e+01,3.160000000000000000e+02
1.549608254432678223e+01,3.180000000000000000e+02
1.556938242912292480e+01,3.190000000000000000e+02
1.564263272285461426e+01,3.210000000000000000e+02
1.571608042716979980e+01,3.220000000000000000e+02
1.578931260108947754e+01,3.240000000000000000e+02
1.586256480216979980e+01,3.250000000000000000e+02
1.593583297729492188e+01,3.270000000000000000e+02
1.600909113883972168e+01,3.280000000000000000e+02
1.608237266540527344e+01,3.300000000000000000e+02
1.615566802024841309e+01,3.310000000000000000e+02
1.622902894020080566e+01,3.330000000000000000e+02
1.630231022834777832e+01,3.340000000000000000e+02
1.637553763389587402e+01,3.360000000000000000e+02
1.645102715492248535e+01,3.370000000000000000e+02
1.652429795265197754e+01,3.390000000000000000e+02
1.652667140960693359e+01,3.390000000000000000e+02
1.659990715980529785e+01,3.400000000000000000e+02
1.667589116096496582e+01,3.420000000000000000e+02
1.674915027618408203e+01,3.430000000000000000e+02
1.682461023330688477e+01,3.450000000000000000e+02
1.689997720718383789e+01,3.470000000000000000e+02
1.697318172454833984e+01,3.480000000000000000e+02
1.697538542747497559e+01,3.480000000000000000e+02
1.704858589172363281e+01,3.500000000000000000e+02
1.712192869186401367e+01,3.510000000000000000e+02
1.719580674171447754e+01,3.530000000000000000e+02
1.727635598182678223e+01,3.540000000000000000e+02
1.735321927070617676e+01,3.560000000000000000e+02
1.742872858047485352e+01,3.570000000000000000e+02
1.750205373764038086e+01,3.590000000000000000e+02
1.757749152183532715e+01,3.600000000000000000e+02
1.765347242355346680e+01,3.620000000000000000e+02
1.772665572166442871e+01,3.640000000000000000e+02
1.779990315437316895e+01,3.650000000000000000e+02
1.787312531471252441e+01,3.670000000000000000e+02
1.794642877578735352e+01,3.680000000000000000e+02
1.801962590217590332e+01,3.700000000000000000e+02
1.809297132492065430e+01,3.710000000000000000e+02
1.816639614105224609e+01,3.730000000000000000e+02
1.823966050148010254e+01,3.740000000000000000e+02
1.831504583358764648e+01,3.760000000000000000e+02
1.838831233978271484e+01,3.770000000000000000e+02
1.839048027992248535e+01,3.770000000000000000e+02
1.846367287635803223e+01,3.790000000000000000e+02
1.853695583343505859e+01,3.800000000000000000e+02
1.861268091201782227e+01,3.820000000000000000e+02
1.868861413002014160e+01,3.830000000000000000e+02
1.876404309272766113e+01,3.850000000000000000e+02
1.883735775947570801e+01,3.860000000000000000e+02
1.883953857421875000e+01,3.860000000000000000e+02
1.891288638114929199e+01,3.880000000000000000e+02
1.898670029640197754e+01,3.890000000000000000e+02
1.905996656417846680e+01,3.910000000000000000e+02
1.913582825660705566e+01,3.920000000000000000e+02
1.920934867858886719e+01,3.940000000000000000e+02
1.928275227546691895e+01,3.950000000000000000e+02
1.935599088668823242e+01,3.970000000000000000e+02
1.942920470237731934e+01,3.980000000000000000e+02
1.950244045257568359e+01,4.000000000000000000e+02
1.957805585861206055e+01,4.010000000000000000e+02
1.965392589569091797e+01,4.030000000000000000e+02
1.972727203369140625e+01,4.050000000000000000e+02
1.980057001113891602e+01,4.060000000000000000e+02
1.987398219108581543e+01,4.080000000000000000e+02
1.994732618331909180e+01,4.090000000000000000e+02
2.002060937881469727e+01,4.110000000000000000e+02
2.009421563148498535e+01,4.120000000000000000e+02
2.016971373558044434e+01,4.140000000000000000e+02
2.024291372299194336e+01,4.150000000000000000e+02
2.031829929351806641e+01,4.170000000000000000e+02
2.039155364036560059e+01,4.180000000000000000e+02
2.046472954750061035e+01,4.200000000000000000e+02
2.053797364234924316e+01,4.210000000000000000e+02
2.061214184761047363e+01,4.230000000000000000e+02
2.068798303604125977e+01,4.240000000000000000e+02
2.076127409934997559e+01,4.260000000000000000e+02
2.083713555335998535e+01,4.270000000000000000e+02
2.091272211074829102e+01,4.290000000000000000e+02
2.098596239089965820e+01,4.300000000000000000e+02
2.105914711952209473e+01,4.320000000000000000e+02
2.113245940208435059e+01,4.330000000000000000e+02
2.120565533638000488e+01,4.350000000000000000e+02
2.127915573120117188e+01,4.360000000000000000e+02
2.135248565673828125e+01,4.380000000000000000e+02
2.142589354515075684e+01,4.390000000000000000e+02
2.149920892715454102e+01,4.410000000000000000e+02
2.157251858711242676e+01,4.420000000000000000e+02
2.164616012573242188e+01,4.440000000000000000e+02
2.172333192825317383e+01,4.450000000000000000e+02
2.179654169082641602e+01,4.470000000000000000e+02
2.186987590789794922e+01,4.480000000000000000e+02
2.194312572479248047e+01,4.500000000000000000e+02
2.201644444465637207e+01,4.510000000000000000e+02
2.208968114852905273e+01,4.530000000000000000e+02
2.216305184364318848e+01,4.540000000000000000e+02
2.223629879951477051e+01,4.560000000000000000e+02
2.230977106094360352e+01,4.570000000000000000e+02
2.238537073135375977e+01,4.590000000000000000e+02
2.245861864089965820e+01,4.600000000000000000e+02
2.253432893753051758e+01,4.620000000000000000e+02
2.261019468307495117e+01,4.640000000000000000e+02
2.268371915817260742e+01,4.650000000000000000e+02
2.275974869728088379e+01,4.670000000000000000e+02
2.283512496948242188e+01,4.680000000000000000e+02
2.290840530395507812e+01,4.700000000000000000e+02
2.298166275024414062e+01,4.710000000000000000e+02
2.305487132072448730e+01,4.730000000000000000e+02
2.312825465202331543e+01,4.740000000000000000e+02
2.320152449607849121e+01,4.760000000000000000e+02
2.327477598190307617e+01,4.770000000000000000e+02
2.334827923774719238e+01,4.790000000000000000e+02
2.342175173759460449e+01,4.800000000000000000e+02
2.349534559249877930e+01,4.820000000000000000e+02
2.357068920135498047e+01,4.830000000000000000e+02
2.364807868003845215e+01,4.850000000000000000e+02
2.372149324417114258e+01,4.860000000000000000e+02
2.379465961456298828e+01,4.880000000000000000e+02
2.387013435363769531e+01,4.890000000000000000e+02
2.394338464736938477e+01,4.910000000000000000e+02
2.401699066162109375e+01,4.920000000000000000e+02
2.409045028686523438e+01,4.940000000000000000e+02
2.416393327713012695e+01,4.950000000000000000e+02
2.424042320251464844e+01,4.970000000000000000e+02
2.431384420394897461e+01,4.990000000000000000e+02
2.438717985153198242e+01,5.000000000000000000e+02
2.446061301231384277e+01,5.020000000000000000e+02
2.453622698783874512e+01,5.030000000000000000e+02
2.461177372932434082e+01,5.050000000000000000e+02
2.468517065048217773e+01,5.060000000000000000e+02
2.476066684722900391e+01,5.080000000000000000e+02
2.483591461181640625e+01,5.090000000000000000e+02
2.490919876098632812e+01,5.110000000000000000e+02
2.498236584663391113e+01,5.120000000000000000e+02
2.505583786964416504e+01,5.140000000000000000e+02
2.512924003601074219e+01,5.150000000000000000e+02
2.520345258712768555e+01,5.170000000000000000e+02
2.527693080902099609e+01,5.180000000000000000e+02
2.535283970832824707e+01,5.200000000000000000e+02
2.542621111869812012e+01,5.210000000000000000e+02
2.550171899795532227e+01,5.230000000000000000e+02
2.557791280746459961e+01,5.240000000000000000e+02
2.565208005905151367e+01,5.260000000000000000e+02
2.572551822662353516e+01,5.270000000000000000e+02
2.579889822006225586e+01,5.290000000000000000e+02
2.587215828895568848e+01,5.300000000000000000e+02
2.594811964035034180e+01,5.320000000000000000e+02
2.602153038978576660e+01,5.340000000000000000e+02
2.609501981735229492e+01,5.350000000000000000e+02
2.616881442070007324e+01,5.370000000000000000e+02
2.624230980873107910e+01,5.380000000000000000e+02
2.631576061248779297e+01,5.400000000000000000e+02
2.638904404640197754e+01,5.410000000000000000e+02
2.646254444122314453e+01,5.430000000000000000e+02
2.653574204444885254e+01,5.440000000000000000e+02
2.661143755912780762e+01,5.460000000000000000e+02
2.668467187881469727e+01,5.470000000000000000e+02
2.676003432273864746e+01,5.490000000000000000e+02
2.683326554298400879e+01,5.500000000000000000e+02
2.690654921531677246e+01,5.520000000000000000e+02
2.698199415206909180e+01,5.530000000000000000e+02
2.705522561073303223e+01,5.550000000000000000e+02
2.705758404731750488e+01,5.550000000000000000e+02
2.713082551956176758e+01,5.560000000000000000e+02
2.720413970947265625e+01,5.580000000000000000e+02
2.727735519409179688e+01,5.590000000000000000e+02
2.735272765159606934e+01,5.610000000000000000e+02
2.742639231681823730e+01,5.620000000000000000e+02
2.750173926353454590e+01,5.640000000000000000e+02
2.757495498657226562e+01,5.650000000000000000e+02
2.764957141876220703e+01,5.670000000000000000e+02
2.772573256492614746e+01,5.680000000000000000e+02
2.779891300201416016e+01,5.700000000000000000e+02
2.787211155891418457e+01,5.710000000000000000e+02
2.794543600082397461e+01,5.730000000000000000e+02
2.801868963241577148e+01,5.740000000000000000e+02
2.809189200401306152e+01,5.760000000000000000e+02
2.816533231735229492e+01,5.770000000000000000e+02
2.823851895332336426e+01,5.790000000000000000e+02
2.831167054176330566e+01,5.800000000000000000e+02
2.838494849205017090e+01,5.820000000000000000e+02
2.846033978462219238e+01,5.830000000000000000e+02
2.853577041625976562e+01,5.850000000000000000e+02
2.860907697677612305e+01,5.870000000000000000e+02
2.868424177169799805e+01,5.880000000000000000e+02
2.875742721557617188e+01,5.900000000000000000e+02
2.883060026168823242e+01,5.910000000000000000e+02
2.890610647201538086e+01,5.930000000000000000e+02
2.897934865951538086e+01,5.940000000000000000e+02
2.905258727073669434e+01,5.960000000000000000e+02
2.912588429450988770e+01,5.970000000000000000e+02
2.919940018653869629e+01,5.990000000000000000e+02
2.927262663841247559e+01,6.000000000000000000e+02
2.934805321693420410e+01,6.020000000000000000e+02
2.942354464530944824e+01,6.030000000000000000e+02
2.949688005447387695e+01,6.050000000000000000e+02
2.957011294364929199e+01,6.060000000000000000e+02
2.964369344711303711e+01,6.080000000000000000e+02
2.971704506874084473e+01,6.090000000000000000e+02
2.979025125503540039e+01,6.110000000000000000e+02
2.986342954635620117e+01,6.120000000000000000e+02
2.993660235404968262e+01,6.140000000000000000e+02
3.000981044769287109e+01,6.150000000000000000e+02
3.008309245109558105e+01,6.170000000000000000e+02
3.015636777877807617e+01,6.180000000000000000e+02
3.022960972785949707e+01,6.200000000000000000e+02
3.030278062820434570e+01,6.210000000000000000e+02
3.037605857849121094e+01,6.230000000000000000e+02
3.044931221008300781e+01,6.240000000000000000e+02
3.052250313758850098e+01,6.260000000000000000e+02
3.059584665298461914e+01,6.270000000000000000e+02
3.067138838768005371e+01,6.290000000000000000e+02
3.074467062950134277e+01,6.300000000000000000e+02
3.081995773315429688e+01,6.320000000000000000e+02
3.089313840866088867e+01,6.330000000000000000e+02
3.096634697914123535e+01,6.350000000000000000e+02
3.103950905799865723e+01,6.360000000000000000e+02
3.111276793479919434e+01,6.380000000000000000e+02
3.118604564666748047e+01,6.390000000000000000e+02
3.125919079780578613e+01,6.410000000000000000e+02
3.133244371414184570e+01,6.420000000000000000e+02
3.140576052665710449e+01,6.440000000000000000e+02
3.147910594940185547e+01,6.450000000000000000e+02
3.155236792564392090e+01,6.470000000000000000e+02
3.162803101539611816e+01,6.480000000000000000e+02
3.170120000839233398e+01,6.500000000000000000e+02
3.177664756774902344e+01,6.510000000000000000e+02
3.184984183311462402e+01,6.530000000000000000e+02
3.192336440086364746e+01,6.540000000000000000e+02
3.199863004684448242e+01,6.560000000000000000e+02
3.207187867164611816e+01,6.570000000000000000e+02
3.207405209541320801e+01,6.590000000000000000e+02
3.214913487434387207e+01,6.590000000000000000e+02
3.222579050064086914e+01,6.610000000000000000e+02
3.230118060111999512e+01,6.620000000000000000e+02
3.237498331069946289e+01,6.640000000000000000e+02
3.237787699699401855e+01,6.640000000000000000e+02
3.245104598999023438e+01,6.650000000000000000e+02
3.252644228935241699e+01,6.670000000000000000e+02
3.259970736503601074e+01,6.680000000000000000e+02
3.267291879653930664e+01,6.700000000000000000e+02
3.274618458747863770e+01,6.710000000000000000e+02
3.281936669349670410e+01,6.730000000000000000e+02
3.289259052276611328e+01,6.740000000000000000e+02
3.296789145469665527e+01,6.760000000000000000e+02
3.304315280914306641e+01,6.770000000000000000e+02
3.311661171913146973e+01,6.790000000000000000e+02
3.319224715232849121e+01,6.800000000000000000e+02
3.326753425598144531e+01,6.820000000000000000e+02
3.334078407287597656e+01,6.830000000000000000e+02
3.341635394096374512e+01,6.850000000000000000e+02
3.348965263366699219e+01,6.870000000000000000e+02
3.356286573410034180e+01,6.880000000000000000e+02
3.363880395889282227e+01,6.900000000000000000e+02
3.371223759651184082e+01,6.910000000000000000e+02
3.378770351409912109e+01,6.930000000000000000e+02
3.386326789855957031e+01,6.940000000000000000e+02
3.393666028976440430e+01,6.960000000000000000e+02
3.401230382919311523e+01,6.970000000000000000e+02
3.408765435218811035e+01,6.990000000000000000e+02
3.416096210479736328e+01,7.000000000000000000e+02
3.423652887344360352e+01,7.020000000000000000e+02
3.431186747550964355e+01,7.030000000000000000e+02
3.438543725013732910e+01,7.050000000000000000e+02
3.446157431602478027e+01,7.060000000000000000e+02
3.453703427314758301e+01,7.080000000000000000e+02
3.461058115959167480e+01,7.100000000000000000e+02
3.468637418746948242e+01,7.110000000000000000e+02
3.476220488548278809e+01,7.130000000000000000e+02
3.483541059494018555e+01,7.140000000000000000e+02
3.491095423698425293e+01,7.160000000000000000e+02
3.498629236221313477e+01,7.170000000000000000e+02
3.505977797508239746e+01,7.190000000000000000e+02
3.513537621498107910e+01,7.200000000000000000e+02
3.521102857589721680e+01,7.220000000000000000e+02
3.528439092636108398e+01,7.230000000000000000e+02
3.535763835906982422e+01,7.250000000000000000e+02
3.543125438690185547e+01,7.260000000000000000e+02
3.550462675094604492e+01,7.280000000000000000e+02
3.557786393165588379e+01,7.290000000000000000e+02
3.565220069885253906e+01,7.310000000000000000e+02
3.572871327400207520e+01,7.320000000000000000e+02
3.580190968513488770e+01,7.340000000000000000e+02
3.587528610229492188e+01,7.350000000000000000e+02
3.594875025749206543e+01,7.370000000000000000e+02
3.602209568023681641e+01,7.380000000000000000e+02
3.609544444084167480e+01,7.400000000000000000e+02
3.616958928108215332e+01,7.410000000000000000e+02
3.624563527107238770e+01,7.430000000000000000e+02
3.631896448135375977e+01,7.450000000000000000e+02
3.639472365379333496e+01,7.460000000000000000e+02
3.647015070915222168e+01,7.480000000000000000e+02
3.654346823692321777e+01,7.490000000000000000e+02
3.661945939064025879e+01,7.510000000000000000e+02
3.669525408744812012e+01,7.520000000000000000e+02
3.676852560043334961e+01,7.540000000000000000e+02
3.684404182434082031e+01,7.550000000000000000e+02
3.691984057426452637e+01,7.570000000000000000e+02
3.699331116676330566e+01,7.580000000000000000e+02
3.706689023971557617e+01,7.600000000000000000e+02
3.714305377006530762e+01,7.610000000000000000e+02
3.721654081344604492e+01,7.630000000000000000e+02
3.729001212120056152e+01,7.640000000000000000e+02
3.736342287063598633e+01,7.660000000000000000e+02
3.743685269355773926e+01,7.670000000000000000e+02
3.751024961471557617e+01,7.690000000000000000e+02
3.758362722396850586e+01,7.700000000000000000e+02
3.765699362754821777e+01,7.720000000000000000e+02
3.773029804229736328e+01,7.730000000000000000e+02
3.780370163917541504e+01,7.750000000000000000e+02
3.787749481201171875e+01,7.760000000000000000e+02
3.795336222648620605e+01,7.780000000000000000e+02
3.802658629417419434e+01,7.800000000000000000e+02
3.810198855400085449e+01,7.810000000000000000e+02
3.817742419242858887e+01,7.830000000000000000e+02
3.825072884559631348e+01,7.840000000000000000e+02
3.832389044761657715e+01,7.860000000000000000e+02
3.839714169502258301e+01,7.870000000000000000e+02
3.847030568122863770e+01,7.890000000000000000e+02
3.854351162910461426e+01,7.900000000000000000e+02
3.861681938171386719e+01,7.920000000000000000e+02
3.869013357162475586e+01,7.930000000000000000e+02
3.876335477828979492e+01,7.950000000000000000e+02
3.883656239509582520e+01,7.960000000000000000e+02
3.890981578826904297e+01,7.980000000000000000e+02
3.898298048973083496e+01,7.990000000000000000e+02
3.905626273155212402e+01,8.010000000000000000e+02
3.912972617149353027e+01,8.020000000000000000e+02
3.920529484748840332e+01,8.040000000000000000e+02
3.928090906143188477e+01,8.050000000000000000e+02
3.935412383079528809e+01,8.070000000000000000e+02
3.942957472801208496e+01,8.080000000000000000e+02
3.950499677658081055e+01,8.100000000000000000e+02
3.957821393013000488e+01,8.110000000000000000e+02
3.965371775627136230e+01,8.130000000000000000e+02
3.973360633850097656e+01,8.140000000000000000e+02
3.973643374443054199e+01,8.130000000000000000e+02
3.980972695350646973e+01,8.160000000000000000e+02
3.988525915145874023e+01,8.180000000000000000e+02
3.996433758735656738e+01,8.190000000000000000e+02
4.004474711418151855e+01,8.210000000000000000e+02
4.011807656288146973e+01,8.220000000000000000e+02
4.019133353233337402e+01,8.240000000000000000e+02
4.026697492599487305e+01,8.250000000000000000e+02
4.034025144577026367e+01,8.270000000000000000e+02
4.041574954986572266e+01,8.280000000000000000e+02
4.049156284332275391e+01,8.300000000000000000e+02
4.056486701965332031e+01,8.320000000000000000e+02
4.064041543006896973e+01,8.330000000000000000e+02
4.071610736846923828e+01,8.350000000000000000e+02
4.078936171531677246e+01,8.360000000000000000e+02
4.086477112770080566e+01,8.380000000000000000e+02
4.094031906127929688e+01,8.390000000000000000e+02
4.101362204551696777e+01,8.410000000000000000e+02
4.108904266357421875e+01,8.420000000000000000e+02
4.116537904739379883e+01,8.440000000000000000e+02
4.123878479003906250e+01,8.450000000000000000e+02
4.131214833259582520e+01,8.470000000000000000e+02
4.138556432723999023e+01,8.480000000000000000e+02
4.145886802673339844e+01,8.500000000000000000e+02
4.153431034088134766e+01,8.510000000000000000e+02
4.160755729675292969e+01,8.530000000000000000e+02
4.168320441246032715e+01,8.540000000000000000e+02
4.175876426696777344e+01,8.560000000000000000e+02
4.183193755149841309e+01,8.570000000000000000e+02
4.190752840042114258e+01,8.590000000000000000e+02
4.198077130317687988e+01,8.610000000000000000e+02
4.205406975746154785e+01,8.620000000000000000e+02
4.212959051132202148e+01,8.640000000000000000e+02
4.220310425758361816e+01,8.650000000000000000e+02
4.220560121536254883e+01,8.650000000000000000e+02
4.227872657775878906e+01,8.670000000000000000e+02
4.235410261154174805e+01,8.680000000000000000e+02
4.242735338211059570e+01,8.700000000000000000e+02
4.250260949134826660e+01,8.710000000000000000e+02
4.257589244842529297e+01,8.730000000000000000e+02
4.264911580085754395e+01,8.740000000000000000e+02
4.272236943244934082e+01,8.760000000000000000e+02
4.279553270339965820e+01,8.770000000000000000e+02
4.286878395080566406e+01,8.790000000000000000e+02
4.294204092025756836e+01,8.800000000000000000e+02
4.301529383659362793e+01,8.820000000000000000e+02
4.309056615829467773e+01,8.830000000000000000e+02
4.316638660430908203e+01,8.850000000000000000e+02
4.323966240882873535e+01,8.860000000000000000e+02
4.331294035911560059e+01,8.880000000000000000e+02
4.338619804382324219e+01,8.890000000000000000e+02
4.345945000648498535e+01,8.910000000000000000e+02
4.353464627265930176e+01,8.920000000000000000e+02
4.360799646377563477e+01,8.940000000000000000e+02
4.368337202072143555e+01,8.950000000000000000e+02
4.375671839714050293e+01,8.970000000000000000e+02
4.382989549636840820e+01,8.980000000000000000e+02
4.390305089950561523e+01,9.000000000000000000e+02
4.397844743728637695e+01,9.010000000000000000e+02
4.405374121665954590e+01,9.030000000000000000e+02
4.412691140174865723e+01,9.050000000000000000e+02
4.420236277580261230e+01,9.060000000000000000e+02
4.427771782875061035e+01,9.080000000000000000e+02
4.435098242759704590e+01,9.090000000000000000e+02
4.442635107040405273e+01,9.110000000000000000e+02
4.450174593925476074e+01,9.120000000000000000e+02
4.457496714591979980e+01,9.140000000000000000e+02
4.465132236480712891e+01,9.150000000000000000e+02
4.472986793518066406e+01,9.170000000000000000e+02
4.480663561820983887e+01,9.180000000000000000e+02
4.488210058212280273e+01,9.200000000000000000e+02
4.495530223846435547e+01,9.210000000000000000e+02
4.503075075149536133e+01,9.230000000000000000e+02
4.510401487350463867e+01,9.250000000000000000e+02
4.517733001708984375e+01,9.260000000000000000e+02
4.525271153450012207e+01,9.280000000000000000e+02
4.532592153549194336e+01,9.290000000000000000e+02
4.532806277275085449e+01,9.280000000000000000e+02
4.540122985839843750e+01,9.310000000000000000e+02
4.547461295127868652e+01,9.320000000000000000e+02
4.554811668395996094e+01,9.340000000000000000e+02
4.562136673927307129e+01,9.350000000000000000e+02
4.569460964202880859e+01,9.370000000000000000e+02
4.576997828483581543e+01,9.380000000000000000e+02
4.584324955940246582e+01,9.400000000000000000e+02
4.584547424316406250e+01,9.400000000000000000e+02
4.591886520385742188e+01,9.410000000000000000e+02
4.599203491210937500e+01,9.430000000000000000e+02
4.606532454490661621e+01,9.440000000000000000e+02
4.613857889175415039e+01,9.460000000000000000e+02
4.621182680130004883e+01,9.470000000000000000e+02
4.628713774681091309e+01,9.490000000000000000e+02
4.636042451858520508e+01,9.500000000000000000e+02
4.643576216697692871e+01,9.520000000000000000e+02
4.650902509689331055e+01,9.530000000000000000e+02
4.658439469337463379e+01,9.550000000000000000e+02
4.665983438491821289e+01,9.560000000000000000e+02
4.673308849334716797e+01,9.580000000000000000e+02
4.680860948562622070e+01,9.590000000000000000e+02
4.688401055335998535e+01,9.610000000000000000e+02
4.695717787742614746e+01,9.630000000000000000e+02
4.703274583816528320e+01,9.640000000000000000e+02
4.711203956604003906e+01,9.660000000000000000e+02
4.718563652038574219e+01,9.670000000000000000e+02
4.725913619995117188e+01,9.690000000000000000e+02
4.733510971069335938e+01,9.700000000000000000e+02
4.741102337837219238e+01,9.720000000000000000e+02
4.748443388938903809e+01,9.730000000000000000e+02
4.756012320518493652e+01,9.750000000000000000e+02
4.763598108291625977e+01,9.760000000000000000e+02
4.770951247215270996e+01,9.780000000000000000e+02
4.778551554679870605e+01,9.790000000000000000e+02
4.786159920692443848e+01,9.810000000000000000e+02
4.793726849555969238e+01,9.830000000000000000e+02
4.801069927215576172e+01,9.840000000000000000e+02
4.808649468421936035e+01,9.860000000000000000e+02
4.816340899467468262e+01,9.870000000000000000e+02
4.823676824569702148e+01,9.890000000000000000e+02
4.831032967567443848e+01,9.900000000000000000e+02
4.838382959365844727e+01,9.920000000000000000e+02
4.845704984664916992e+01,9.930000000000000000e+02
4.853273797035217285e+01,9.950000000000000000e+02
4.860595822334289551e+01,9.960000000000000000e+02
4.868147063255310059e+01,9.980000000000000000e+02
4.875698256492614746e+01,9.990000000000000000e+02
4.883037090301513672e+01,1.001000000000000000e+03
4.890600395202636719e+01,1.002000000000000000e+03
4.897917437553405762e+01,1.004000000000000000e+03
4.905244445800781250e+01,1.005000000000000000e+03
4.912778234481811523e+01,1.007000000000000000e+03
4.920108532905578613e+01,1.008000000000000000e+03
4.927654552459716797e+01,1.010000000000000000e+03
4.934973955154418945e+01,1.011000000000000000e+03
4.942305564880371094e+01,1.013000000000000000e+03
4.949868655204772949e+01,1.014000000000000000e+03
4.957195520401000977e+01,1.016000000000000000e+03
4.964851427078247070e+01,1.017000000000000000e+03
4.972250843048095703e+01,1.019000000000000000e+03
4.979795050621032715e+01,1.020000000000000000e+03
4.987120318412780762e+01,1.022000000000000000e+03
4.994665145874023438e+01,1.023000000000000000e+03
5.001994037628173828e+01,1.025000000000000000e+03
5.009323024749755859e+01,1.026000000000000000e+03
5.016888189315795898e+01,1.028000000000000000e+03
5.024229478836059570e+01,1.029000000000000000e+03
5.031840920448303223e+01,1.031000000000000000e+03
5.039162683486938477e+01,1.032000000000000000e+03
5.046489095687866211e+01,1.034000000000000000e+03
5.054021000862121582e+01,1.035000000000000000e+03
5.061344695091247559e+01,1.036000000000000000e+03
5.068877458572387695e+01,1.038000000000000000e+03
5.078222465515136719e+01,1.040000000000000000e+03
5.085543894767761230e+01,1.041000000000000000e+03
5.093077826499938965e+01,1.043000000000000000e+03
5.100401854515075684e+01,1.044000000000000000e+03
5.107968378067016602e+01,1.046000000000000000e+03
5.115321540832519531e+01,1.047000000000000000e+03
5.122884225845336914e+01,1.049000000000000000e+03
5.130206084251403809e+01,1.050000000000000000e+03
5.137527227401733398e+01,1.052000000000000000e+03
5.145071482658386230e+01,1.053000000000000000e+03
5.152396416664123535e+01,1.055000000000000000e+03
5.159944391250610352e+01,1.056000000000000000e+03
5.167273592948913574e+01,1.058000000000000000e+03
5.174596285820007324e+01,1.059000000000000000e+03
5.182150983810424805e+01,1.061000000000000000e+03
5.189472246170043945e+01,1.062000000000000000e+03
5.197015213966369629e+01,1.064000000000000000e+03
5.204332661628723145e+01,1.065000000000000000e+03
5.211659646034240723e+01,1.066000000000000000e+03
5.219217848777770996e+01,1.068000000000000000e+03
5.226549148559570312e+01,1.069000000000000000e+03
5.234078526496887207e+01,1.071000000000000000e+03
5.241401290893554688e+01,1.072000000000000000e+03
5.248720359802246094e+01,1.074000000000000000e+03
5.256259679794311523e+01,1.075000000000000000e+03
5.263583135604858398e+01,1.077000000000000000e+03
5.271136283874511719e+01,1.078000000000000000e+03
5.278461241722106934e+01,1.080000000000000000e+03
5.285786819458007812e+01,1.081000000000000000e+03
5.293332743644714355e+01,1.083000000000000000e+03
5.300653886795043945e+01,1.084000000000000000e+03
5.308190369606018066e+01,1.086000000000000000e+03
5.315510797500610352e+01,1.087000000000000000e+03
5.322840046882629395e+01,1.089000000000000000e+03
5.330395150184631348e+01,1.090000000000000000e+03
5.337714838981628418e+01,1.092000000000000000e+03
5.345255208015441895e+01,1.093000000000000000e+03
5.352597069740295410e+01,1.095000000000000000e+03
5.359916830062866211e+01,1.096000000000000000e+03
5.367495059967041016e+01,1.098000000000000000e+03
5.374821615219116211e+01,1.099000000000000000e+03
5.382383751869201660e+01,1.101000000000000000e+03
5.389701914787292480e+01,1.102000000000000000e+03
5.397040987014770508e+01,1.104000000000000000e+03
5.404634642601013184e+01,1.105000000000000000e+03
5.411987447738647461e+01,1.106000000000000000e+03
5.419550108909606934e+01,1.108000000000000000e+03
5.426882338523864746e+01,1.109000000000000000e+03
5.434430837631225586e+01,1.111000000000000000e+03
5.441764688491821289e+01,1.112000000000000000e+03
5.449090576171875000e+01,1.114000000000000000e+03
5.456637048721313477e+01,1.115000000000000000e+03
5.463962388038635254e+01,1.117000000000000000e+03
5.471547579765319824e+01,1.118000000000000000e+03
5.478874659538269043e+01,1.120000000000000000e+03
5.486202287673950195e+01,1.121000000000000000e+03
5.493768858909606934e+01,1.123000000000000000e+03
5.501095724105834961e+01,1.124000000000000000e+03
5.508738589286804199e+01,1.126000000000000000e+03
5.516149616241455078e+01,1.127000000000000000e+03
5.523803949356079102e+01,1.129000000000000000e+03
5.531127119064331055e+01,1.130000000000000000e+03
5.538673686981201172e+01,1.132000000000000000e+03
5.545990800857543945e+01,1.133000000000000000e+03
5.553315997123718262e+01,1.135000000000000000e+03
5.560864496231079102e+01,1.136000000000000000e+03
5.568198037147521973e+01,1.138000000000000000e+03
5.575765919685363770e+01,1.139000000000000000e+03
5.583087825775146484e+01,1.141000000000000000e+03
5.590640687942504883e+01,1.142000000000000000e+03
5.597958278656005859e+01,1.144000000000000000e+03
5.605299282073974609e+01,1.145000000000000000e+03
5.612854528427124023e+01,1.147000000000000000e+03
5.620190119743347168e+01,1.148000000000000000e+03
5.627762579917907715e+01,1.150000000000000000e+03
5.635079216957092285e+01,1.151000000000000000e+03
5.642407178878784180e+01,1.152000000000000000e+03
5.649950003623962402e+01,1.154000000000000000e+03
5.657275295257568359e+01,1.155000000000000000e+03
5.664842963218688965e+01,1.157000000000000000e+03
5.672167277336120605e+01,1.158000000000000000e+03
5.679488992691040039e+01,1.160000000000000000e+03
5.687026238441467285e+01,1.161000000000000000e+03
5.694347834587097168e+01,1.163000000000000000e+03
5.701881909370422363e+01,1.164000000000000000e+03
5.709199905395507812e+01,1.166000000000000000e+03
5.716555666923522949e+01,1.167000000000000000e+03
5.716800570487976074e+01,1.168000000000000000e+03
5.724115180969238281e+01,1.169000000000000000e+03
5.731435489654541016e+01,1.170000000000000000e+03
5.738974213600158691e+01,1.172000000000000000e+03
5.746303749084472656e+01,1.173000000000000000e+03
5.753626680374145508e+01,1.175000000000000000e+03
5.761164021492004395e+01,1.176000000000000000e+03
5.768495750427246094e+01,1.178000000000000000e+03
5.776048612594604492e+01,1.179000000000000000e+03
5.783377432823181152e+01,1.181000000000000000e+03
5.790708589553833008e+01,1.182000000000000000e+03
5.798255300521850586e+01,1.184000000000000000e+03
5.805581665039062500e+01,1.185000000000000000e+03
5.813147091865539551e+01,1.187000000000000000e+03
5.820477390289306641e+01,1.188000000000000000e+03
5.828032279014587402e+01,1.190000000000000000e+03
5.835354256629943848e+01,1.191000000000000000e+03
5.842692399024963379e+01,1.192000000000000000e+03
5.850276088714599609e+01,1.194000000000000000e+03
5.857612586021423340e+01,1.195000000000000000e+03
5.865219354629516602e+01,1.197000000000000000e+03
5.872638344764709473e+01,1.198000000000000000e+03
5.880195617675781250e+01,1.200000000000000000e+03
5.887522459030151367e+01,1.201000000000000000e+03
5.894855070114135742e+01,1.203000000000000000e+03
5.902396655082702637e+01,1.204000000000000000e+03
5.909719705581665039e+01,1.206000000000000000e+03
5.917277288436889648e+01,1.207000000000000000e+03
5.924630856513977051e+01,1.209000000000000000e+03
5.931947135925292969e+01,1.210000000000000000e+03
5.939550113677978516e+01,1.212000000000000000e+03
5.946925616264343262e+01,1.213000000000000000e+03
5.954494261741638184e+01,1.215000000000000000e+03
5.961844372749328613e+01,1.216000000000000000e+03
5.969396042823791504e+01,1.218000000000000000e+03
5.976724576950073242e+01,1.219000000000000000e+03
5.984268951416015625e+01,1.221000000000000000e+03
5.991637611389160156e+01,1.222000000000000000e+03
5.998963141441345215e+01,1.224000000000000000e+03
6.006521773338317871e+01,1.225000000000000000e+03
7.468175888061523438e-02,1.227000000000000000e+03
1.681923866271972656e-01,1.000000000000000000e+00
1.704516410827636719e-01,1.000000000000000000e+00
2.437021732330322266e-01,2.000000000000000000e+00
3.193266391754150391e-01,4.000000000000000000e+00
3.925652503967285156e-01,5.000000000000000000e+00
4.658010005950927734e-01,7.000000000000000000e+00
5.390636920928955078e-01,8.000000000000000000e+00
6.154727935791015625e-01,1.000000000000000000e+01
6.213419437408447266e-01,1.000000000000000000e+01
6.956515312194824219e-01,1.200000000000000000e+01
7.691185474395751953e-01,1.300000000000000000e+01
8.428535461425781250e-01,1.500000000000000000e+01
9.162201881408691406e-01,1.600000000000000000e+01
9.916920661926269531e-01,1.800000000000000000e+01
1.070048332214355469e+00,2.000000000000000000e+01
1.073797464370727539e+00,2.000000000000000000e+01
1.147184610366821289e+00,2.100000000000000000e+01
1.223649024963378906e+00,2.300000000000000000e+01
1.299526929855346680e+00,2.500000000000000000e+01
1.372829198837280273e+00,2.600000000000000000e+01
1.375248908996582031e+00,2.000000000000000000e+01
1.448739290237426758e+00,2.800000000000000000e+01
1.525968790054321289e+00,2.900000000000000000e+01
1.599751472473144531e+00,3.100000000000000000e+01
1.675896883010864258e+00,3.200000000000000000e+01
1.754208564758300781e+00,3.400000000000000000e+01
1.829069375991821289e+00,3.600000000000000000e+01
1.906122922897338867e+00,3.700000000000000000e+01
1.908975601196289062e+00,3.800000000000000000e+01
1.982392072677612305e+00,3.900000000000000000e+01
2.055649518966674805e+00,4.000000000000000000e+01
2.131484985351562500e+00,4.200000000000000000e+01
2.206974029541015625e+00,4.400000000000000000e+01
2.280486822128295898e+00,4.500000000000000000e+01
2.353951454162597656e+00,4.700000000000000000e+01
2.429786443710327148e+00,4.800000000000000000e+01
2.505717277526855469e+00,5.000000000000000000e+01
2.581438779830932617e+00,5.200000000000000000e+01
2.657234430313110352e+00,5.300000000000000000e+01
2.732855796813964844e+00,5.500000000000000000e+01
2.808549642562866211e+00,5.600000000000000000e+01
2.884166240692138672e+00,5.800000000000000000e+01
2.886580228805541992e+00,5.800000000000000000e+01
2.959797143936157227e+00,5.900000000000000000e+01
3.035605192184448242e+00,6.100000000000000000e+01
3.111752271652221680e+00,6.300000000000000000e+01
3.187681674957275391e+00,6.400000000000000000e+01
3.263422489166259766e+00,6.600000000000000000e+01
3.338886737823486328e+00,6.700000000000000000e+01
3.414214849472045898e+00,6.900000000000000000e+01
3.489612579345703125e+00,7.100000000000000000e+01
3.562811136245727539e+00,7.200000000000000000e+01
3.636052370071411133e+00,7.400000000000000000e+01
3.711353540420532227e+00,7.500000000000000000e+01
3.786876440048217773e+00,7.700000000000000000e+01
3.789122343063354492e+00,7.400000000000000000e+01
3.862309694290161133e+00,7.800000000000000000e+01
3.937795639038085938e+00,8.000000000000000000e+01
4.012985944747924805e+00,8.200000000000000000e+01
4.088328361511230469e+00,8.300000000000000000e+01
4.161799907684326172e+00,8.500000000000000000e+01
4.235013008117675781e+00,8.600000000000000000e+01
4.311356544494628906e+00,8.800000000000000000e+01
4.386853218078613281e+00,8.900000000000000000e+01
4.462144136428833008e+00,9.100000000000000000e+01
4.538070917129516602e+00,9.300000000000000000e+01
4.540292739868164062e+00,9.300000000000000000e+01
4.613485813140869141e+00,9.400000000000000000e+01
4.688781976699829102e+00,9.600000000000000000e+01
4.764127254486083984e+00,9.700000000000000000e+01
4.839605808258056641e+00,9.900000000000000000e+01
4.912812232971191406e+00,1.010000000000000000e+02
4.986051082611083984e+00,1.020000000000000000e+02
5.061450481414794922e+00,1.040000000000000000e+02
5.134827613830566406e+00,1.050000000000000000e+02
5.137345314025878906e+00,1.040000000000000000e+02
5.210516214370727539e+00,1.070000000000000000e+02
5.285869598388671875e+00,1.080000000000000000e+02
5.359269380569458008e+00,1.100000000000000000e+02
5.361621141433715820e+00,1.100000000000000000e+02
5.435392141342163086e+00,1.110000000000000000e+02
5.510824680328369141e+00,1.130000000000000000e+02
5.585268974304199219e+00,1.140000000000000000e+02
5.661802053451538086e+00,1.160000000000000000e+02
5.664028882980346680e+00,1.160000000000000000e+02
5.737464189529418945e+00,1.170000000000000000e+02
5.810803413391113281e+00,1.190000000000000000e+02
5.884066104888916016e+00,1.200000000000000000e+02
5.959270715713500977e+00,1.220000000000000000e+02
6.032574176788330078e+00,1.230000000000000000e+02
6.034827947616577148e+00,1.240000000000000000e+02
6.108076810836791992e+00,1.250000000000000000e+02
6.181313037872314453e+00,1.270000000000000000e+02
6.254628658294677734e+00,1.280000000000000000e+02
6.327847957611083984e+00,1.300000000000000000e+02
6.401107072830200195e+00,1.310000000000000000e+02
6.476340293884277344e+00,1.330000000000000000e+02
6.549598932266235352e+00,1.340000000000000000e+02
6.625508785247802734e+00,1.360000000000000000e+02
6.699101448059082031e+00,1.370000000000000000e+02
6.772319316864013672e+00,1.390000000000000000e+02
6.847763299942016602e+00,1.400000000000000000e+02
6.920969247817993164e+00,1.420000000000000000e+02
6.996255874633789062e+00,1.430000000000000000e+02
7.071632385253906250e+00,1.450000000000000000e+02
7.145667552947998047e+00,1.460000000000000000e+02
7.148607254028320312e+00,1.470000000000000000e+02
7.221960783004760742e+00,1.480000000000000000e+02
7.317936658859252930e+00,1.500000000000000000e+02
7.391326665878295898e+00,1.510000000000000000e+02
7.464595079421997070e+00,1.530000000000000000e+02
7.537927150726318359e+00,1.540000000000000000e+02
7.611243724822998047e+00,1.560000000000000000e+02
7.684912443161010742e+00,1.570000000000000000e+02
7.758307456970214844e+00,1.590000000000000000e+02
7.834513902664184570e+00,1.600000000000000000e+02
7.908351421356201172e+00,1.620000000000000000e+02
7.982179641723632812e+00,1.630000000000000000e+02
8.055872917175292969e+00,1.650000000000000000e+02
8.130064725875854492e+00,1.660000000000000000e+02
8.206217765808105469e+00,1.680000000000000000e+02
8.279647588729858398e+00,1.700000000000000000e+02
8.353035211563110352e+00,1.710000000000000000e+02
8.426472902297973633e+00,1.730000000000000000e+02
8.499873161315917969e+00,1.740000000000000000e+02
8.577808618545532227e+00,1.760000000000000000e+02
8.653550148010253906e+00,1.770000000000000000e+02
8.726836442947387695e+00,1.790000000000000000e+02
8.802547454833984375e+00,1.800000000000000000e+02
8.878524065017700195e+00,1.820000000000000000e+02
8.951746940612792969e+00,1.830000000000000000e+02
9.024939775466918945e+00,1.850000000000000000e+02
9.098224878311157227e+00,1.860000000000000000e+02
9.171479463577270508e+00,1.880000000000000000e+02
9.244681119918823242e+00,1.890000000000000000e+02
9.317911386489868164e+00,1.910000000000000000e+02
9.391161441802978516e+00,1.920000000000000000e+02
9.464415311813354492e+00,1.940000000000000000e+02
9.537655591964721680e+00,1.950000000000000000e+02
9.610977411270141602e+00,1.970000000000000000e+02
9.684184551239013672e+00,1.980000000000000000e+02
9.757466077804565430e+00,2.000000000000000000e+02
9.830716133117675781e+00,2.010000000000000000e+02
9.905995845794677734e+00,2.030000000000000000e+02
9.981475353240966797e+00,2.040000000000000000e+02
1.005468201637268066e+01,2.060000000000000000e+02
1.013019108772277832e+01,2.070000000000000000e+02
1.020568799972534180e+01,2.090000000000000000e+02
1.027896022796630859e+01,2.110000000000000000e+02
1.035432672500610352e+01,2.120000000000000000e+02
1.042971181869506836e+01,2.140000000000000000e+02
1.050324177742004395e+01,2.150000000000000000e+02
1.057986068725585938e+01,2.170000000000000000e+02
1.065564012527465820e+01,2.180000000000000000e+02
1.072885036468505859e+01,2.200000000000000000e+02
1.080429482460021973e+01,2.210000000000000000e+02
1.087976789474487305e+01,2.230000000000000000e+02
1.095301795005798340e+01,2.240000000000000000e+02
1.102853751182556152e+01,2.260000000000000000e+02
1.110422587394714355e+01,2.270000000000000000e+02
1.117748618125915527e+01,2.290000000000000000e+02
1.125322651863098145e+01,2.300000000000000000e+02
1.132917356491088867e+01,2.320000000000000000e+02
1.140261435508728027e+01,2.340000000000000000e+02
1.147858738899230957e+01,2.350000000000000000e+02
1.155443358421325684e+01,2.370000000000000000e+02
1.162784075736999512e+01,2.380000000000000000e+02
1.170117378234863281e+01,2.400000000000000000e+02
1.177693676948547363e+01,2.410000000000000000e+02
1.185033392906188965e+01,2.430000000000000000e+02
1.192603564262390137e+01,2.440000000000000000e+02
1.200172829627990723e+01,2.460000000000000000e+02
1.207530403137207031e+01,2.470000000000000000e+02
1.215174245834350586e+01,2.490000000000000000e+02
1.222714257240295410e+01,2.500000000000000000e+02
1.230041313171386719e+01,2.520000000000000000e+02
1.237593173980712891e+01,2.530000000000000000e+02
1.245136547088623047e+01,2.550000000000000000e+02
1.252469205856323242e+01,2.570000000000000000e+02
1.260014414787292480e+01,2.580000000000000000e+02
1.267565059661865234e+01,2.600000000000000000e+02
1.274885034561157227e+01,2.610000000000000000e+02
1.282408380508422852e+01,2.630000000000000000e+02
1.289953446388244629e+01,2.640000000000000000e+02
1.297278261184692383e+01,2.660000000000000000e+02
1.304802846908569336e+01,2.670000000000000000e+02
1.312329983711242676e+01,2.690000000000000000e+02
1.319649052619934082e+01,2.700000000000000000e+02
1.319860410690307617e+01,2.710000000000000000e+02
1.327173995971679688e+01,2.720000000000000000e+02
1.334493660926818848e+01,2.730000000000000000e+02
1.342017173767089844e+01,2.750000000000000000e+02
1.349538707733154297e+01,2.760000000000000000e+02
1.357061123847961426e+01,2.780000000000000000e+02
1.364719581604003906e+01,2.800000000000000000e+02
1.372363734245300293e+01,2.810000000000000000e+02
1.379939508438110352e+01,2.830000000000000000e+02
1.387491846084594727e+01,2.840000000000000000e+02
1.394816613197326660e+01,2.860000000000000000e+02
1.402351474761962891e+01,2.870000000000000000e+02
1.409682965278625488e+01,2.890000000000000000e+02
1.417009305953979492e+01,2.900000000000000000e+02
1.424561595916748047e+01,2.920000000000000000e+02
1.431882691383361816e+01,2.930000000000000000e+02
1.432095503807067871e+01,2.970000000000000000e+02
1.439420700073242188e+01,2.950000000000000000e+02
1.446743488311767578e+01,2.960000000000000000e+02
1.454060077667236328e+01,2.980000000000000000e+02
1.461394453048706055e+01,2.990000000000000000e+02
1.468937397003173828e+01,3.010000000000000000e+02
1.476480579376220703e+01,3.020000000000000000e+02
1.483816289901733398e+01,3.040000000000000000e+02
1.491138195991516113e+01,3.050000000000000000e+02
1.498479008674621582e+01,3.070000000000000000e+02
1.505814790725708008e+01,3.080000000000000000e+02
1.513193988800048828e+01,3.100000000000000000e+02
1.520540857315063477e+01,3.110000000000000000e+02
1.528107237815856934e+01,3.130000000000000000e+02
1.535450077056884766e+01,3.150000000000000000e+02
1.542790532112121582e+01,3.160000000000000000e+02
1.550132250785827637e+01,3.180000000000000000e+02
1.557455420494079590e+01,3.190000000000000000e+02
1.564775991439819336e+01,3.210000000000000000e+02
1.572097325325012207e+01,3.220000000000000000e+02
1.579422545433044434e+01,3.240000000000000000e+02
1.586777210235595703e+01,3.250000000000000000e+02
1.594108963012695312e+01,3.270000000000000000e+02
1.601440000534057617e+01,3.280000000000000000e+02
1.608960461616516113e+01,3.300000000000000000e+02
1.616350173950195312e+01,3.310000000000000000e+02
1.623984336853027344e+01,3.330000000000000000e+02
1.631529641151428223e+01,3.340000000000000000e+02
1.638865780830383301e+01,3.360000000000000000e+02
1.646403622627258301e+01,3.370000000000000000e+02
1.653949594497680664e+01,3.390000000000000000e+02
1.661279988288879395e+01,3.400000000000000000e+02
1.668819570541381836e+01,3.420000000000000000e+02
1.676364207267761230e+01,3.430000000000000000e+02
1.683691883087158203e+01,3.450000000000000000e+02
1.683896827697753906e+01,3.440000000000000000e+02
1.691289544105529785e+01,3.460000000000000000e+02
1.698617649078369141e+01,3.480000000000000000e+02
1.705938506126403809e+01,3.490000000000000000e+02
1.713480925559997559e+01,3.510000000000000000e+02
1.720799970626831055e+01,3.520000000000000000e+02
1.728325653076171875e+01,3.540000000000000000e+02
1.735659813880920410e+01,3.560000000000000000e+02
1.742992234230041504e+01,3.570000000000000000e+02
1.750318837165832520e+01,3.590000000000000000e+02
1.757640624046325684e+01,3.600000000000000000e+02
1.765207099914550781e+01,3.620000000000000000e+02
1.772564482688903809e+01,3.630000000000000000e+02
1.780143380165100098e+01,3.650000000000000000e+02
1.787717032432556152e+01,3.660000000000000000e+02
1.795062112808227539e+01,3.680000000000000000e+02
1.802418684959411621e+01,3.690000000000000000e+02
1.809740400314331055e+01,3.710000000000000000e+02
1.817323946952819824e+01,3.720000000000000000e+02
1.824919962882995605e+01,3.740000000000000000e+02
1.832259011268615723e+01,3.750000000000000000e+02
1.839579081535339355e+01,3.770000000000000000e+02
1.846922135353088379e+01,3.780000000000000000e+02
1.854240989685058594e+01,3.800000000000000000e+02
1.861578798294067383e+01,3.810000000000000000e+02
1.869134759902954102e+01,3.830000000000000000e+02
1.869361925125122070e+01,3.800000000000000000e+02
1.876679491996765137e+01,3.840000000000000000e+02
1.884005331993103027e+01,3.860000000000000000e+02
1.891575813293457031e+01,3.870000000000000000e+02
1.891811370849609375e+01,3.800000000000000000e+02
1.899130487442016602e+01,3.890000000000000000e+02
1.906469392776489258e+01,3.910000000000000000e+02
1.913820910453796387e+01,3.920000000000000000e+02
1.921360206604003906e+01,3.940000000000000000e+02
1.928692507743835449e+01,3.950000000000000000e+02
1.936230850219726562e+01,3.970000000000000000e+02
1.943570017814636230e+01,3.980000000000000000e+02
1.950919294357299805e+01,4.000000000000000000e+02
1.958456134796142578e+01,4.010000000000000000e+02
1.965822291374206543e+01,4.030000000000000000e+02
1.973357200622558594e+01,4.040000000000000000e+02
1.980891680717468262e+01,4.060000000000000000e+02
1.988216757774353027e+01,4.070000000000000000e+02
1.988428306579589844e+01,4.080000000000000000e+02
1.995753550529479980e+01,4.090000000000000000e+02
2.003080844879150391e+01,4.100000000000000000e+02
2.010401797294616699e+01,4.120000000000000000e+02
2.017736291885375977e+01,4.130000000000000000e+02
2.025064897537231445e+01,4.150000000000000000e+02
2.032614755630493164e+01,4.160000000000000000e+02
2.039941644668579102e+01,4.180000000000000000e+02
2.040162277221679688e+01,4.180000000000000000e+02
2.047479820251464844e+01,4.190000000000000000e+02
2.054799866676330566e+01,4.210000000000000000e+02
2.062129354476928711e+01,4.220000000000000000e+02
2.069448781013488770e+01,4.240000000000000000e+02
2.076771044731140137e+01,4.250000000000000000e+02
2.084102177619934082e+01,4.270000000000000000e+02
2.091438007354736328e+01,4.280000000000000000e+02
2.099016332626342773e+01,4.300000000000000000e+02
2.106339406967163086e+01,4.310000000000000000e+02
2.113999199867248535e+01,4.330000000000000000e+02
2.121565532684326172e+01,4.350000000000000000e+02
2.128891921043395996e+01,4.360000000000000000e+02
2.136219310760498047e+01,4.380000000000000000e+02
2.143538928031921387e+01,4.390000000000000000e+02
2.150904870033264160e+01,4.410000000000000000e+02
2.158231067657470703e+01,4.420000000000000000e+02
2.165766215324401855e+01,4.440000000000000000e+02
2.173304867744445801e+01,4.450000000000000000e+02
2.180624604225158691e+01,4.470000000000000000e+02
2.187943387031555176e+01,4.480000000000000000e+02
2.195271897315979004e+01,4.500000000000000000e+02
2.202596020698547363e+01,4.510000000000000000e+02
2.209918308258056641e+01,4.530000000000000000e+02
2.217261338233947754e+01,4.540000000000000000e+02
2.224604082107543945e+01,4.560000000000000000e+02
2.231923937797546387e+01,4.570000000000000000e+02
2.239239692687988281e+01,4.590000000000000000e+02
2.246562027931213379e+01,4.600000000000000000e+02
2.253896784782409668e+01,4.620000000000000000e+02
2.261228156089782715e+01,4.630000000000000000e+02
2.268547391891479492e+01,4.650000000000000000e+02
2.276081275939941406e+01,4.660000000000000000e+02
2.283628702163696289e+01,4.680000000000000000e+02
2.290952372550964355e+01,4.690000000000000000e+02
2.298276853561401367e+01,4.710000000000000000e+02
2.305600547790527344e+01,4.720000000000000000e+02
2.312925219535827637e+01,4.740000000000000000e+02
2.320256185531616211e+01,4.750000000000000000e+02
2.327578544616699219e+01,4.770000000000000000e+02
2.334896373748779297e+01,4.780000000000000000e+02
2.342219305038452148e+01,4.800000000000000000e+02
2.349539279937744141e+01,4.810000000000000000e+02
2.357740855216979980e+01,4.830000000000000000e+02
2.358121609687805176e+01,4.830000000000000000e+02
2.365568208694458008e+01,4.850000000000000000e+02
2.372892808914184570e+01,4.860000000000000000e+02
2.380491137504577637e+01,4.880000000000000000e+02
2.388134646415710449e+01,4.890000000000000000e+02
2.395663928985595703e+01,4.910000000000000000e+02
2.402990293502807617e+01,4.920000000000000000e+02
2.410545992851257324e+01,4.940000000000000000e+02
2.417885518074035645e+01,4.950000000000000000e+02
2.425204992294311523e+01,4.970000000000000000e+02
2.432534289360046387e+01,4.980000000000000000e+02
2.439863348007202148e+01,5.000000000000000000e+02
2.447417593002319336e+01,5.010000000000000000e+02
2.454748821258544922e+01,5.030000000000000000e+02
2.454968500137329102e+01,5.030000000000000000e+02
2.462296676635742188e+01,5.040000000000000000e+02
2.469620537757873535e+01,5.060000000000000000e+02
2.476951599121093750e+01,5.070000000000000000e+02
2.484558129310607910e+01,5.090000000000000000e+02
2.491886210441589355e+01,5.110000000000000000e+02
2.499491095542907715e+01,5.120000000000000000e+02
2.507234168052673340e+01,5.140000000000000000e+02
2.514556026458740234e+01,5.150000000000000000e+02
2.521915388107299805e+01,5.170000000000000000e+02
2.529470252990722656e+01,5.180000000000000000e+02
2.536830759048461914e+01,5.200000000000000000e+02
2.544191050529479980e+01,5.210000000000000000e+02
2.551556682586669922e+01,5.230000000000000000e+02
2.558985376358032227e+01,5.240000000000000000e+02
2.566563105583190918e+01,5.260000000000000000e+02
2.573898696899414062e+01,5.270000000000000000e+02
2.581230044364929199e+01,5.290000000000000000e+02
2.588569021224975586e+01,5.300000000000000000e+02
2.595891737937927246e+01,5.320000000000000000e+02
2.603208994865417480e+01,5.330000000000000000e+02
2.610534191131591797e+01,5.350000000000000000e+02
2.617860603332519531e+01,5.360000000000000000e+02
2.625176787376403809e+01,5.380000000000000000e+02
2.632504534721374512e+01,5.390000000000000000e+02
2.639826107025146484e+01,5.410000000000000000e+02
2.647146987915039062e+01,5.420000000000000000e+02
2.654467797279357910e+01,5.440000000000000000e+02
2.661802411079406738e+01,5.450000000000000000e+02
2.669122076034545898e+01,5.470000000000000000e+02
2.676451873779296875e+01,5.480000000000000000e+02
2.683785796165466309e+01,5.500000000000000000e+02
2.691109681129455566e+01,5.510000000000000000e+02
2.698651909828186035e+01,5.530000000000000000e+02
2.706182193756103516e+01,5.540000000000000000e+02
2.713501620292663574e+01,5.560000000000000000e+02
2.720831060409545898e+01,5.570000000000000000e+02
2.728155112266540527e+01,5.590000000000000000e+02
2.735697436332702637e+01,5.600000000000000000e+02
2.743242359161376953e+01,5.620000000000000000e+02
2.750564765930175781e+01,5.640000000000000000e+02
2.757889676094055176e+01,5.650000000000000000e+02
2.765236377716064453e+01,5.670000000000000000e+02
2.772564005851745605e+01,5.680000000000000000e+02
2.779918789863586426e+01,5.700000000000000000e+02
2.787250995635986328e+01,5.710000000000000000e+02
2.794574642181396484e+01,5.730000000000000000e+02
2.801894521713256836e+01,5.740000000000000000e+02
2.809233570098876953e+01,5.760000000000000000e+02
2.816562867164611816e+01,5.770000000000000000e+02
2.823880195617675781e+01,5.790000000000000000e+02
2.831203794479370117e+01,5.800000000000000000e+02
2.838527154922485352e+01,5.820000000000000000e+02
2.846067214012145996e+01,5.830000000000000000e+02
2.853600811958312988e+01,5.850000000000000000e+02
2.860933160781860352e+01,5.860000000000000000e+02
2.868470931053161621e+01,5.880000000000000000e+02
2.875993394851684570e+01,5.890000000000000000e+02
2.883320665359497070e+01,5.910000000000000000e+02
2.890645217895507812e+01,5.920000000000000000e+02
2.897977590560913086e+01,5.940000000000000000e+02
2.905298805236816406e+01,5.950000000000000000e+02
2.912627196311950684e+01,5.970000000000000000e+02
2.919952464103698730e+01,5.980000000000000000e+02
2.927278876304626465e+01,6.000000000000000000e+02
2.934824371337890625e+01,6.010000000000000000e+02
2.942356967926025391e+01,6.030000000000000000e+02
2.949690318107604980e+01,6.040000000000000000e+02
2.957074403762817383e+01,6.060000000000000000e+02
2.964420962333679199e+01,6.070000000000000000e+02
2.971754169464111328e+01,6.090000000000000000e+02
2.979079771041870117e+01,6.100000000000000000e+02
2.986397385597229004e+01,6.120000000000000000e+02
2.993788838386535645e+01,6.130000000000000000e+02
3.001155591011047363e+01,6.150000000000000000e+02
3.008697152137756348e+01,6.160000000000000000e+02
3.016015386581420898e+01,6.180000000000000000e+02
3.023337364196777344e+01,6.190000000000000000e+02
3.030663466453552246e+01,6.210000000000000000e+02
3.037981557846069336e+01,6.220000000000000000e+02
3.045306825637817383e+01,6.240000000000000000e+02
3.052631092071533203e+01,6.250000000000000000e+02
3.059952378273010254e+01,6.270000000000000000e+02
3.067285823822021484e+01,6.280000000000000000e+02
3.074606442451477051e+01,6.300000000000000000e+02
3.081931424140930176e+01,6.310000000000000000e+02
3.089251708984375000e+01,6.330000000000000000e+02
3.096583914756774902e+01,6.340000000000000000e+02
3.103906679153442383e+01,6.360000000000000000e+02
3.111579227447509766e+01,6.370000000000000000e+02
3.119517159461975098e+01,6.390000000000000000e+02
3.126798224449157715e+01,6.410000000000000000e+02
3.134121942520141602e+01,6.420000000000000000e+02
3.141663599014282227e+01,6.440000000000000000e+02
3.149200892448425293e+01,6.450000000000000000e+02
3.156534934043884277e+01,6.470000000000000000e+02
3.164081096649169922e+01,6.480000000000000000e+02
3.171658825874328613e+01,6.500000000000000000e+02
3.178988242149353027e+01,6.510000000000000000e+02
3.186513185501098633e+01,6.530000000000000000e+02
3.194038677215576172e+01,6.540000000000000000e+02
3.201365542411804199e+01,6.560000000000000000e+02
3.208912158012390137e+01,6.570000000000000000e+02
3.216234350204467773e+01,6.590000000000000000e+02
3.223562860488891602e+01,6.600000000000000000e+02
3.230880212783813477e+01,6.620000000000000000e+02
3.238203883171081543e+01,6.630000000000000000e+02
3.245524501800537109e+01,6.650000000000000000e+02
3.253061819076538086e+01,6.660000000000000000e+02
3.260596942901611328e+01,6.680000000000000000e+02
3.267931342124938965e+01,6.700000000000000000e+02
3.275254559516906738e+01,6.710000000000000000e+02
3.282589435577392578e+01,6.730000000000000000e+02
3.289909052848815918e+01,6.740000000000000000e+02
3.297228026390075684e+01,6.760000000000000000e+02
3.304557871818542480e+01,6.770000000000000000e+02
3.311882829666137695e+01,6.790000000000000000e+02
3.319197368621826172e+01,6.800000000000000000e+02
3.326521158218383789e+01,6.820000000000000000e+02
3.334058523178100586e+01,6.830000000000000000e+02
3.341598558425903320e+01,6.850000000000000000e+02
3.348946857452392578e+01,6.860000000000000000e+02
3.356858658790588379e+01,6.880000000000000000e+02
3.364600706100463867e+01,6.890000000000000000e+02
3.371922254562377930e+01,6.910000000000000000e+02
3.379245114326477051e+01,6.920000000000000000e+02
3.386566281318664551e+01,6.940000000000000000e+02
3.393892383575439453e+01,6.950000000000000000e+02
3.401213574409484863e+01,6.970000000000000000e+02
3.408583378791809082e+01,6.980000000000000000e+02
3.415917301177978516e+01,7.000000000000000000e+02
3.423452615737915039e+01,7.010000000000000000e+02
3.430774784088134766e+01,7.030000000000000000e+02
3.438306450843811035e+01,7.040000000000000000e+02
3.445847773551940918e+01,7.060000000000000000e+02
3.453163099288940430e+01,7.070000000000000000e+02
3.460714197158813477e+01,7.090000000000000000e+02
3.468047022819519043e+01,7.110000000000000000e+02
3.475575232505798340e+01,7.120000000000000000e+02
3.483125662803649902e+01,7.140000000000000000e+02
3.490447330474853516e+01,7.150000000000000000e+02
3.497975325584411621e+01,7.170000000000000000e+02
3.505508565902709961e+01,7.180000000000000000e+02
3.512831664085388184e+01,7.200000000000000000e+02
3.520154500007629395e+01,7.210000000000000000e+02
3.527474665641784668e+01,7.230000000000000000e+02
3.534798502922058105e+01,7.240000000000000000e+02
3.542120981216430664e+01,7.260000000000000000e+02
3.549446630477905273e+01,7.270000000000000000e+02
3.556830310821533203e+01,7.290000000000000000e+02
3.564166545867919922e+01,7.300000000000000000e+02
3.571495032310485840e+01,7.320000000000000000e+02
3.578814315795898438e+01,7.330000000000000000e+02
3.586134123802185059e+01,7.350000000000000000e+02
3.593687510490417480e+01,7.360000000000000000e+02
3.601269769668579102e+01,7.380000000000000000e+02
3.608609986305236816e+01,7.390000000000000000e+02
3.615925264358520508e+01,7.410000000000000000e+02
3.623245000839233398e+01,7.420000000000000000e+02
3.630568218231201172e+01,7.440000000000000000e+02
3.637889719009399414e+01,7.450000000000000000e+02
3.645206475257873535e+01,7.470000000000000000e+02
3.652532243728637695e+01,7.480000000000000000e+02
3.659870791435241699e+01,7.500000000000000000e+02
3.667441487312316895e+01,7.510000000000000000e+02
3.674762296676635742e+01,7.530000000000000000e+02
3.682302308082580566e+01,7.540000000000000000e+02
3.691650986671447754e+01,7.560000000000000000e+02
3.698975086212158203e+01,7.580000000000000000e+02
3.706519865989685059e+01,7.590000000000000000e+02
3.713855814933776855e+01,7.610000000000000000e+02
3.721184182167053223e+01,7.620000000000000000e+02
3.728503060340881348e+01,7.640000000000000000e+02
3.735829377174377441e+01,7.650000000000000000e+02
3.743155026435852051e+01,7.670000000000000000e+02
3.750480508804321289e+01,7.680000000000000000e+02
3.757846188545227051e+01,7.700000000000000000e+02
3.765421390533447266e+01,7.710000000000000000e+02
3.772955107688903809e+01,7.730000000000000000e+02
3.780274701118469238e+01,7.750000000000000000e+02
3.787808966636657715e+01,7.760000000000000000e+02
3.795343518257141113e+01,7.780000000000000000e+02
3.802667379379272461e+01,7.790000000000000000e+02
3.810222434997558594e+01,7.810000000000000000e+02
3.817778730392456055e+01,7.820000000000000000e+02
3.825098991394042969e+01,7.840000000000000000e+02
3.832632946968078613e+01,7.850000000000000000e+02
3.840168261528015137e+01,7.870000000000000000e+02
3.847490072250366211e+01,7.880000000000000000e+02
3.847706699371337891e+01,7.880000000000000000e+02
3.855023431777954102e+01,7.900000000000000000e+02
3.862351298332214355e+01,7.910000000000000000e+02
3.869925475120544434e+01,7.930000000000000000e+02
3.877475690841674805e+01,7.940000000000000000e+02
3.884798669815063477e+01,7.960000000000000000e+02
3.892185902595520020e+01,7.970000000000000000e+02
3.899800395965576172e+01,7.990000000000000000e+02
3.907121539115905762e+01,8.010000000000000000e+02
3.915128231048583984e+01,8.020000000000000000e+02
3.915484356880187988e+01,8.020000000000000000e+02
3.922823262214660645e+01,8.040000000000000000e+02
3.930412244796752930e+01,8.050000000000000000e+02
3.937967252731323242e+01,8.070000000000000000e+02
3.945289444923400879e+01,8.080000000000000000e+02
3.952822208404541016e+01,8.100000000000000000e+02
3.960376977920532227e+01,8.110000000000000000e+02
3.967701721191406250e+01,8.130000000000000000e+02
3.975234293937683105e+01,8.140000000000000000e+02
3.982777309417724609e+01,8.160000000000000000e+02
3.990096449851989746e+01,8.180000000000000000e+02
3.997629976272583008e+01,8.190000000000000000e+02
4.005160617828369141e+01,8.210000000000000000e+02
4.012490749359130859e+01,8.220000000000000000e+02
4.020029258728027344e+01,8.240000000000000000e+02
4.027558732032775879e+01,8.250000000000000000e+02
4.034884166717529297e+01,8.270000000000000000e+02
4.035105538368225098e+01,8.270000000000000000e+02
4.042424559593200684e+01,8.280000000000000000e+02
4.049757456779479980e+01,8.300000000000000000e+02
4.057158994674682617e+01,8.310000000000000000e+02
4.064758634567260742e+01,8.330000000000000000e+02
4.072085618972778320e+01,8.340000000000000000e+02
4.079619932174682617e+01,8.360000000000000000e+02
4.087195944786071777e+01,8.370000000000000000e+02
4.094518971443176270e+01,8.390000000000000000e+02
4.102048349380493164e+01,8.400000000000000000e+02
4.109593629837036133e+01,8.420000000000000000e+02
4.116931557655334473e+01,8.430000000000000000e+02
4.124478816986083984e+01,8.450000000000000000e+02
4.132012486457824707e+01,8.470000000000000000e+02
4.139335942268371582e+01,8.480000000000000000e+02
4.146912145614624023e+01,8.500000000000000000e+02
4.154478216171264648e+01,8.510000000000000000e+02
4.161809277534484863e+01,8.530000000000000000e+02
4.169366836547851562e+01,8.540000000000000000e+02
4.176920652389526367e+01,8.560000000000000000e+02
4.184253907203674316e+01,8.570000000000000000e+02
4.191790914535522461e+01,8.590000000000000000e+02
4.199334502220153809e+01,8.600000000000000000e+02
4.207043194770812988e+01,8.620000000000000000e+02
4.207399392127990723e+01,8.620000000000000000e+02
4.214743018150329590e+01,8.640000000000000000e+02
4.222069001197814941e+01,8.650000000000000000e+02
4.229631543159484863e+01,8.670000000000000000e+02
4.236959791183471680e+01,8.680000000000000000e+02
4.244492626190185547e+01,8.700000000000000000e+02
4.252069878578186035e+01,8.710000000000000000e+02
4.259410500526428223e+01,8.730000000000000000e+02
4.266966247558593750e+01,8.740000000000000000e+02
4.274576973915100098e+01,8.760000000000000000e+02
4.281913375854492188e+01,8.770000000000000000e+02
4.289489269256591797e+01,8.790000000000000000e+02
4.297047996520996094e+01,8.800000000000000000e+02
4.304387259483337402e+01,8.820000000000000000e+02
4.311994981765747070e+01,8.830000000000000000e+02
4.319602894783020020e+01,8.850000000000000000e+02
4.326946115493774414e+01,8.870000000000000000e+02
4.334287261962890625e+01,8.880000000000000000e+02
4.341853952407836914e+01,8.900000000000000000e+02
4.349185037612915039e+01,8.910000000000000000e+02
4.356811046600341797e+01,8.930000000000000000e+02
4.364578080177307129e+01,8.940000000000000000e+02
4.372166347503662109e+01,8.960000000000000000e+02
4.379506444931030273e+01,8.970000000000000000e+02
4.387076640129089355e+01,8.990000000000000000e+02
4.394642233848571777e+01,9.000000000000000000e+02
4.401966261863708496e+01,9.020000000000000000e+02
4.409503579139709473e+01,9.030000000000000000e+02
4.417086124420166016e+01,9.050000000000000000e+02
4.424417662620544434e+01,9.070000000000000000e+02
4.431979727745056152e+01,9.080000000000000000e+02
4.439517068862915039e+01,9.100000000000000000e+02
4.446839976310729980e+01,9.110000000000000000e+02
4.454372358322143555e+01,9.130000000000000000e+02
4.461922192573547363e+01,9.140000000000000000e+02
4.469281744956970215e+01,9.160000000000000000e+02
4.476801204681396484e+01,9.170000000000000000e+02
4.484345650672912598e+01,9.190000000000000000e+02
4.491668748855590820e+01,9.200000000000000000e+02
4.499201989173889160e+01,9.220000000000000000e+02
4.506543803215026855e+01,9.230000000000000000e+02
4.513876748085021973e+01,9.250000000000000000e+02
4.521414685249328613e+01,9.260000000000000000e+02
4.528739571571350098e+01,9.280000000000000000e+02
4.528964662551879883e+01,9.280000000000000000e+02
4.536284160614013672e+01,9.290000000000000000e+02
4.543607831001281738e+01,9.310000000000000000e+02
4.550929427146911621e+01,9.320000000000000000e+02
4.558369565010070801e+01,9.340000000000000000e+02
4.565761303901672363e+01,9.350000000000000000e+02
4.573293685913085938e+01,9.370000000000000000e+02
4.580610299110412598e+01,9.390000000000000000e+02
4.588163805007934570e+01,9.400000000000000000e+02
4.595723080635070801e+01,9.420000000000000000e+02
4.603060579299926758e+01,9.430000000000000000e+02
4.610634040832519531e+01,9.450000000000000000e+02
4.618217444419860840e+01,9.460000000000000000e+02
4.625539278984069824e+01,9.480000000000000000e+02
4.633082866668701172e+01,9.490000000000000000e+02
4.640714550018310547e+01,9.510000000000000000e+02
4.648079347610473633e+01,9.520000000000000000e+02
4.655441117286682129e+01,9.540000000000000000e+02
4.663489985466003418e+01,9.550000000000000000e+02
4.663990068435668945e+01,9.560000000000000000e+02
4.671321010589599609e+01,9.570000000000000000e+02
4.678885602951049805e+01,9.590000000000000000e+02
4.686432123184204102e+01,9.600000000000000000e+02
4.693771219253540039e+01,9.620000000000000000e+02
4.701342463493347168e+01,9.630000000000000000e+02
4.708900117874145508e+01,9.650000000000000000e+02
4.716275191307067871e+01,9.660000000000000000e+02
4.723816180229187012e+01,9.680000000000000000e+02
4.731357240676879883e+01,9.690000000000000000e+02
4.738678169250488281e+01,9.710000000000000000e+02
4.746220588684082031e+01,9.720000000000000000e+02
4.753760790824890137e+01,9.740000000000000000e+02
4.761091113090515137e+01,9.760000000000000000e+02
4.768632841110229492e+01,9.770000000000000000e+02
4.776167964935302734e+01,9.790000000000000000e+02
4.783508825302124023e+01,9.800000000000000000e+02
4.791074299812316895e+01,9.820000000000000000e+02
4.798620223999023438e+01,9.830000000000000000e+02
4.805966663360595703e+01,9.850000000000000000e+02
4.813552951812744141e+01,9.860000000000000000e+02
4.821118044853210449e+01,9.880000000000000000e+02
4.828480648994445801e+01,9.890000000000000000e+02
4.836077761650085449e+01,9.910000000000000000e+02
4.843620872497558594e+01,9.920000000000000000e+02
4.850953292846679688e+01,9.940000000000000000e+02
4.858529543876647949e+01,9.950000000000000000e+02
4.866103696823120117e+01,9.970000000000000000e+02
4.873429346084594727e+01,9.990000000000000000e+02
4.880978989601135254e+01,1.000000000000000000e+03
4.888511157035827637e+01,1.002000000000000000e+03
4.895840978622436523e+01,1.003000000000000000e+03
4.903180193901062012e+01,1.004000000000000000e+03
4.910786890983581543e+01,1.006000000000000000e+03
4.918328094482421875e+01,1.007000000000000000e+03
4.918553042411804199e+01,1.008000000000000000e+03
4.925867795944213867e+01,1.009000000000000000e+03
4.933190226554870605e+01,1.010000000000000000e+03
4.940726852416992188e+01,1.012000000000000000e+03
4.948068237304687500e+01,1.013000000000000000e+03
4.955597448348999023e+01,1.015000000000000000e+03
4.962925481796264648e+01,1.016000000000000000e+03
4.970254588127136230e+01,1.018000000000000000e+03
4.977783584594726562e+01,1.019000000000000000e+03
4.985103082656860352e+01,1.021000000000000000e+03
4.992622256278991699e+01,1.022000000000000000e+03
4.999941420555114746e+01,1.024000000000000000e+03
5.007304716110229492e+01,1.025000000000000000e+03
5.014839863777160645e+01,1.027000000000000000e+03
5.022163367271423340e+01,1.028000000000000000e+03
5.029696583747863770e+01,1.030000000000000000e+03
5.037018990516662598e+01,1.031000000000000000e+03
5.044337081909179688e+01,1.033000000000000000e+03
5.051887822151184082e+01,1.034000000000000000e+03
5.059247684478759766e+01,1.036000000000000000e+03
5.066794085502624512e+01,1.037000000000000000e+03
5.074122357368469238e+01,1.039000000000000000e+03
5.081445765495300293e+01,1.040000000000000000e+03
5.088985276222229004e+01,1.042000000000000000e+03
5.096303462982177734e+01,1.043000000000000000e+03
5.103840732574462891e+01,1.045000000000000000e+03
5.111179971694946289e+01,1.046000000000000000e+03
5.118518018722534180e+01,1.047000000000000000e+03
5.126056241989135742e+01,1.049000000000000000e+03
5.133381104469299316e+01,1.050000000000000000e+03
5.140917825698852539e+01,1.052000000000000000e+03
5.148245286941528320e+01,1.053000000000000000e+03
5.155563449859619141e+01,1.055000000000000000e+03
5.163101196289062500e+01,1.056000000000000000e+03
5.170431923866271973e+01,1.058000000000000000e+03
5.177975130081176758e+01,1.059000000000000000e+03
5.185298943519592285e+01,1.061000000000000000e+03
5.192619538307189941e+01,1.062000000000000000e+03
5.200161194801330566e+01,1.064000000000000000e+03
5.207506394386291504e+01,1.065000000000000000e+03
5.215080523490905762e+01,1.067000000000000000e+03
5.222424650192260742e+01,1.068000000000000000e+03
5.229763269424438477e+01,1.070000000000000000e+03
5.237305450439453125e+01,1.071000000000000000e+03
5.244630956649780273e+01,1.073000000000000000e+03
5.252177476882934570e+01,1.074000000000000000e+03
5.259499931335449219e+01,1.076000000000000000e+03
5.266830825805664062e+01,1.077000000000000000e+03
5.274413537979125977e+01,1.079000000000000000e+03
5.281737089157104492e+01,1.080000000000000000e+03
5.289262318611145020e+01,1.082000000000000000e+03
5.296585035324096680e+01,1.083000000000000000e+03
5.303906822204589844e+01,1.085000000000000000e+03
5.311484313011169434e+01,1.086000000000000000e+03
5.318952631950378418e+01,1.087000000000000000e+03
5.326557397842407227e+01,1.089000000000000000e+03
5.333893394470214844e+01,1.090000000000000000e+03
5.341460204124450684e+01,1.092000000000000000e+03
5.348829722404479980e+01,1.093000000000000000e+03
5.356398820877075195e+01,1.095000000000000000e+03
5.363738489151000977e+01,1.096000000000000000e+03
5.371264982223510742e+01,1.098000000000000000e+03
5.378597974777221680e+01,1.099000000000000000e+03
5.385970115661621094e+01,1.101000000000000000e+03
5.393647050857543945e+01,1.102000000000000000e+03
5.401007676124572754e+01,1.104000000000000000e+03
5.408598875999450684e+01,1.105000000000000000e+03
5.415923380851745605e+01,1.107000000000000000e+03
5.423470139503479004e+01,1.108000000000000000e+03
5.430791831016540527e+01,1.110000000000000000e+03
5.438116860389709473e+01,1.111000000000000000e+03
5.445653557777404785e+01,1.113000000000000000e+03
5.452992081642150879e+01,1.114000000000000000e+03
5.460567402839660645e+01,1.116000000000000000e+03
5.467890334129333496e+01,1.117000000000000000e+03
5.475483059883117676e+01,1.119000000000000000e+03
5.482819557189941406e+01,1.120000000000000000e+03
5.490143251419067383e+01,1.122000000000000000e+03
5.497695565223693848e+01,1.123000000000000000e+03
5.505021929740905762e+01,1.125000000000000000e+03
5.512586617469787598e+01,1.126000000000000000e+03
5.519918632507324219e+01,1.128000000000000000e+03
5.527248620986938477e+01,1.129000000000000000e+03
5.534807252883911133e+01,1.131000000000000000e+03
5.542165589332580566e+01,1.132000000000000000e+03
5.549750280380249023e+01,1.134000000000000000e+03
5.557225322723388672e+01,1.135000000000000000e+03
5.564891457557678223e+01,1.137000000000000000e+03
5.572219347953796387e+01,1.138000000000000000e+03
5.579788780212402344e+01,1.140000000000000000e+03
5.587109017372131348e+01,1.141000000000000000e+03
5.594660353660583496e+01,1.143000000000000000e+03
5.602000975608825684e+01,1.144000000000000000e+03
5.609337735176086426e+01,1.145000000000000000e+03
5.616970014572143555e+01,1.147000000000000000e+03
5.624310326576232910e+01,1.148000000000000000e+03
5.631906199455261230e+01,1.150000000000000000e+03
5.639255762100219727e+01,1.151000000000000000e+03
5.646819615364074707e+01,1.153000000000000000e+03
5.654169082641601562e+01,1.154000000000000000e+03
5.661521530151367188e+01,1.156000000000000000e+03
5.669122052192687988e+01,1.157000000000000000e+03
5.676440095901489258e+01,1.159000000000000000e+03
5.683986926078796387e+01,1.160000000000000000e+03
5.691308903694152832e+01,1.162000000000000000e+03
5.698837709426879883e+01,1.163000000000000000e+03
5.706165170669555664e+01,1.165000000000000000e+03
5.713496160507202148e+01,1.166000000000000000e+03
5.721052598953247070e+01,1.168000000000000000e+03
5.728378415107727051e+01,1.169000000000000000e+03
5.735948395729064941e+01,1.171000000000000000e+03
5.743280649185180664e+01,1.172000000000000000e+03
5.750606560707092285e+01,1.174000000000000000e+03
5.758177876472473145e+01,1.175000000000000000e+03
5.765496754646301270e+01,1.177000000000000000e+03
5.773022365570068359e+01,1.178000000000000000e+03
5.780346679687500000e+01,1.180000000000000000e+03
5.787662172317504883e+01,1.181000000000000000e+03
5.795181059837341309e+01,1.183000000000000000e+03
5.802500867843627930e+01,1.184000000000000000e+03
5.810053443908691406e+01,1.186000000000000000e+03
5.817410039901733398e+01,1.187000000000000000e+03
5.824732208251953125e+01,1.189000000000000000e+03
5.832254958152770996e+01,1.190000000000000000e+03
5.839584422111511230e+01,1.191000000000000000e+03
5.847131586074829102e+01,1.193000000000000000e+03
5.854463839530944824e+01,1.194000000000000000e+03
5.861791849136352539e+01,1.196000000000000000e+03
5.869339990615844727e+01,1.197000000000000000e+03
5.876657938957214355e+01,1.199000000000000000e+03
5.884210777282714844e+01,1.200000000000000000e+03
5.891595649719238281e+01,1.202000000000000000e+03
5.899163389205932617e+01,1.203000000000000000e+03
5.906502199172973633e+01,1.205000000000000000e+03
5.913832640647888184e+01,1.206000000000000000e+03
5.921398687362670898e+01,1.208000000000000000e+03
5.928720688819885254e+01,1.209000000000000000e+03
5.936255359649658203e+01,1.211000000000000000e+03
5.943590497970581055e+01,1.212000000000000000e+03
5.950923109054565430e+01,1.214000000000000000e+03
5.958480310440063477e+01,1.215000000000000000e+03
5.965800857543945312e+01,1.217000000000000000e+03
5.973343873023986816e+01,1.218000000000000000e+03
5.980678367614746094e+01,1.220000000000000000e+03
5.988000869750976562e+01,1.221000000000000000e+03
5.995553183555603027e+01,1.223000000000000000e+03
6.002867650985717773e+01,1.224000000000000000e+03
7.726359367370605469e-02,1.226000000000000000e+03
1.507220268249511719e-01,1.227000000000000000e+03
2.875049114227294922e-01,1.000000000000000000e+00
2.897257804870605469e-01,1.000000000000000000e+00
3.630254268646240234e-01,2.000000000000000000e+00
4.384298324584960938e-01,4.000000000000000000e+00
5.117895603179931641e-01,6.000000000000000000e+00
5.874104499816894531e-01,7.000000000000000000e+00
6.607258319854736328e-01,9.000000000000000000e+00
7.339487075805664062e-01,1.000000000000000000e+01
8.073215484619140625e-01,1.200000000000000000e+01
8.827309608459472656e-01,1.300000000000000000e+01
9.560115337371826172e-01,1.500000000000000000e+01
1.031439542770385742e+00,1.700000000000000000e+01
1.104701280593872070e+00,1.800000000000000000e+01
1.177866697311401367e+00,2.000000000000000000e+01
1.253187417984008789e+00,2.100000000000000000e+01
1.326471567153930664e+00,2.300000000000000000e+01
1.399758815765380859e+00,2.400000000000000000e+01
1.475596904754638672e+00,2.600000000000000000e+01
1.558798789978027344e+00,2.700000000000000000e+01
1.635571002960205078e+00,2.900000000000000000e+01
1.712115526199340820e+00,3.100000000000000000e+01
1.714446067810058594e+00,3.100000000000000000e+01
1.787888526916503906e+00,3.200000000000000000e+01
1.790213346481323242e+00,3.000000000000000000e+01
1.863615989685058594e+00,3.400000000000000000e+01
1.939380168914794922e+00,3.600000000000000000e+01
2.015164613723754883e+00,3.700000000000000000e+01
2.090745925903320312e+00,3.900000000000000000e+01
2.166501522064208984e+00,4.000000000000000000e+01
2.242220878601074219e+00,4.200000000000000000e+01
2.317732334136962891e+00,4.400000000000000000e+01
2.391128063201904297e+00,4.500000000000000000e+01
2.464686155319213867e+00,4.700000000000000000e+01
2.540426969528198242e+00,4.800000000000000000e+01
2.615969419479370117e+00,5.000000000000000000e+01
2.691246032714843750e+00,5.100000000000000000e+01
2.766515970230102539e+00,5.300000000000000000e+01
2.768781185150146484e+00,5.000000000000000000e+01
2.841955900192260742e+00,5.500000000000000000e+01
2.917349100112915039e+00,5.600000000000000000e+01
2.992808580398559570e+00,5.800000000000000000e+01
3.068299293518066406e+00,5.900000000000000000e+01
3.141613245010375977e+00,6.100000000000000000e+01
3.215324640274047852e+00,6.300000000000000000e+01
3.288555383682250977e+00,6.400000000000000000e+01
3.363845825195312500e+00,6.600000000000000000e+01
3.439113616943359375e+00,6.700000000000000000e+01
3.512354850769042969e+00,6.900000000000000000e+01
3.585653305053710938e+00,7.000000000000000000e+01
3.661169052124023438e+00,7.200000000000000000e+01
3.734375476837158203e+00,7.300000000000000000e+01
3.809650421142578125e+00,7.500000000000000000e+01
3.885339021682739258e+00,7.700000000000000000e+01
3.958675384521484375e+00,7.800000000000000000e+01
4.033225536346435547e+00,8.000000000000000000e+01
4.114840984344482422e+00,8.100000000000000000e+01
4.190193414688110352e+00,8.300000000000000000e+01
4.265571832656860352e+00,8.500000000000000000e+01
4.338888406753540039e+00,8.600000000000000000e+01
4.412184953689575195e+00,8.800000000000000000e+01
4.487594842910766602e+00,8.900000000000000000e+01
4.563191175460815430e+00,9.100000000000000000e+01
4.565363645553588867e+00,9.100000000000000000e+01
4.638673543930053711e+00,9.200000000000000000e+01
4.714170217514038086e+00,9.400000000000000000e+01
4.790048837661743164e+00,9.600000000000000000e+01
4.865828990936279297e+00,9.700000000000000000e+01
4.941624164581298828e+00,9.900000000000000000e+01
5.017738819122314453e+00,1.000000000000000000e+02
5.091214179992675781e+00,1.020000000000000000e+02
5.167307853698730469e+00,1.030000000000000000e+02
5.243050813674926758e+00,1.050000000000000000e+02
5.316532850265502930e+00,1.070000000000000000e+02
5.390171527862548828e+00,1.080000000000000000e+02
5.465754270553588867e+00,1.100000000000000000e+02
5.539020538330078125e+00,1.110000000000000000e+02
5.612293243408203125e+00,1.130000000000000000e+02
5.686542034149169922e+00,1.140000000000000000e+02
5.760572433471679688e+00,1.160000000000000000e+02
5.837048530578613281e+00,1.170000000000000000e+02
5.911417245864868164e+00,1.190000000000000000e+02
5.985480070114135742e+00,1.200000000000000000e+02
6.061650514602661133e+00,1.220000000000000000e+02
6.135279178619384766e+00,1.230000000000000000e+02
6.210748434066772461e+00,1.250000000000000000e+02
6.286171674728393555e+00,1.260000000000000000e+02
6.359528064727783203e+00,1.280000000000000000e+02
6.435004472732543945e+00,1.290000000000000000e+02
6.510797500610351562e+00,1.310000000000000000e+02
6.584065437316894531e+00,1.330000000000000000e+02
6.657729148864746094e+00,1.340000000000000000e+02
6.731022596359252930e+00,1.360000000000000000e+02
6.804962635040283203e+00,1.370000000000000000e+02
6.882355451583862305e+00,1.390000000000000000e+02
6.956883192062377930e+00,1.400000000000000000e+02
7.030227422714233398e+00,1.420000000000000000e+02
7.105659008026123047e+00,1.430000000000000000e+02
7.179000854492187500e+00,1.450000000000000000e+02
7.252194404602050781e+00,1.460000000000000000e+02
7.326586961746215820e+00,1.480000000000000000e+02
7.399789571762084961e+00,1.490000000000000000e+02
7.473671674728393555e+00,1.510000000000000000e+02
7.546910762786865234e+00,1.520000000000000000e+02
7.622753620147705078e+00,1.540000000000000000e+02
7.696350812911987305e+00,1.550000000000000000e+02
7.769581317901611328e+00,1.570000000000000000e+02
7.842787742614746094e+00,1.580000000000000000e+02
7.916050672531127930e+00,1.600000000000000000e+02
7.989286661148071289e+00,1.610000000000000000e+02
8.062594413757324219e+00,1.630000000000000000e+02
8.136101245880126953e+00,1.640000000000000000e+02
8.209356307983398438e+00,1.660000000000000000e+02
8.282607793807983398e+00,1.670000000000000000e+02
8.355868339538574219e+00,1.690000000000000000e+02
8.429116010665893555e+00,1.700000000000000000e+02
8.504517316818237305e+00,1.720000000000000000e+02
8.579995393753051758e+00,1.730000000000000000e+02
8.653536796569824219e+00,1.750000000000000000e+02
8.732101917266845703e+00,1.770000000000000000e+02
8.805447816848754883e+00,1.780000000000000000e+02
8.879055261611938477e+00,1.800000000000000000e+02
8.952385663986206055e+00,1.810000000000000000e+02
9.028869152069091797e+00,1.830000000000000000e+02
9.102050542831420898e+00,1.840000000000000000e+02
9.175413846969604492e+00,1.860000000000000000e+02
9.248630762100219727e+00,1.870000000000000000e+02
9.321939706802368164e+00,1.890000000000000000e+02
9.395192623138427734e+00,1.900000000000000000e+02
9.468419313430786133e+00,1.920000000000000000e+02
9.546928644180297852e+00,1.930000000000000000e+02
9.620868444442749023e+00,1.950000000000000000e+02
9.698508739471435547e+00,1.960000000000000000e+02
9.771871805191040039e+00,1.980000000000000000e+02
9.847584486007690430e+00,1.990000000000000000e+02
9.920872688293457031e+00,2.010000000000000000e+02
9.996763467788696289e+00,2.020000000000000000e+02
1.007249736785888672e+01,2.040000000000000000e+02
1.014581441879272461e+01,2.060000000000000000e+02
1.022113871574401855e+01,2.070000000000000000e+02
1.029659128189086914e+01,2.090000000000000000e+02
1.036983585357666016e+01,2.100000000000000000e+02
1.044523119926452637e+01,2.120000000000000000e+02
1.052072787284851074e+01,2.130000000000000000e+02
1.059406280517578125e+01,2.150000000000000000e+02
1.066951203346252441e+01,2.160000000000000000e+02
1.074276542663574219e+01,2.180000000000000000e+02
1.081601881980895996e+01,2.190000000000000000e+02
1.089140033721923828e+01,2.210000000000000000e+02
1.096460461616516113e+01,2.220000000000000000e+02
1.104036951065063477e+01,2.240000000000000000e+02
1.111372423171997070e+01,2.250000000000000000e+02
1.118733215332031250e+01,2.270000000000000000e+02
1.126276898384094238e+01,2.280000000000000000e+02
1.133604836463928223e+01,2.300000000000000000e+02
1.141158103942871094e+01,2.310000000000000000e+02
1.148716974258422852e+01,2.330000000000000000e+02
1.156050229072570801e+01,2.340000000000000000e+02
1.163602375984191895e+01,2.360000000000000000e+02
1.171217560768127441e+01,2.380000000000000000e+02
1.178552675247192383e+01,2.390000000000000000e+02
1.186095833778381348e+01,2.410000000000000000e+02
1.193639183044433594e+01,2.420000000000000000e+02
1.200972771644592285e+01,2.440000000000000000e+02
1.208534336090087891e+01,2.450000000000000000e+02
1.216115117073059082e+01,2.470000000000000000e+02
1.223443818092346191e+01,2.480000000000000000e+02
1.230989837646484375e+01,2.500000000000000000e+02
1.238545513153076172e+01,2.510000000000000000e+02
1.245869541168212891e+01,2.530000000000000000e+02
1.253473615646362305e+01,2.540000000000000000e+02
1.261027479171752930e+01,2.560000000000000000e+02
1.268360018730163574e+01,2.580000000000000000e+02
1.275975275039672852e+01,2.590000000000000000e+02
1.283576226234436035e+01,2.610000000000000000e+02
1.290917849540710449e+01,2.620000000000000000e+02
1.298245143890380859e+01,2.640000000000000000e+02
1.305572128295898438e+01,2.650000000000000000e+02
1.313208436965942383e+01,2.670000000000000000e+02
1.322771239280700684e+01,2.680000000000000000e+02
1.330319571495056152e+01,2.700000000000000000e+02
1.337641572952270508e+01,2.720000000000000000e+02
1.344965481758117676e+01,2.730000000000000000e+02
1.352301979064941406e+01,2.750000000000000000e+02
1.359878015518188477e+01,2.760000000000000000e+02
1.367423415184020996e+01,2.780000000000000000e+02
1.374740433692932129e+01,2.790000000000000000e+02
1.382297968864440918e+01,2.810000000000000000e+02
1.389839673042297363e+01,2.820000000000000000e+02
1.397168827056884766e+01,2.840000000000000000e+02
1.404712891578674316e+01,2.850000000000000000e+02
1.412274670600891113e+01,2.870000000000000000e+02
1.419673967361450195e+01,2.890000000000000000e+02
1.427220654487609863e+01,2.900000000000000000e+02
1.434766125679016113e+01,2.920000000000000000e+02
1.442086458206176758e+01,2.930000000000000000e+02
1.449629592895507812e+01,2.950000000000000000e+02
1.457187771797180176e+01,2.960000000000000000e+02
1.464543747901916504e+01,2.980000000000000000e+02
1.472142815589904785e+01,2.990000000000000000e+02
1.479729580879211426e+01,3.010000000000000000e+02
1.487088418006896973e+01,3.020000000000000000e+02
1.494646906852722168e+01,3.040000000000000000e+02
1.502251553535461426e+01,3.050000000000000000e+02
1.509580850601196289e+01,3.070000000000000000e+02
1.516919279098510742e+01,3.080000000000000000e+02
1.524465799331665039e+01,3.100000000000000000e+02
1.531794309616088867e+01,3.110000000000000000e+02
1.539324665069580078e+01,3.130000000000000000e+02
1.546651673316955566e+01,3.150000000000000000e+02
1.554154825210571289e+01,3.160000000000000000e+02
1.561766719818115234e+01,3.180000000000000000e+02
1.569093918800354004e+01,3.190000000000000000e+02
1.576420807838439941e+01,3.210000000000000000e+02
1.583747768402099609e+01,3.220000000000000000e+02
1.591279625892639160e+01,3.240000000000000000e+02
1.598823904991149902e+01,3.250000000000000000e+02
1.606158781051635742e+01,3.270000000000000000e+02
1.613486528396606445e+01,3.280000000000000000e+02
1.620811033248901367e+01,3.300000000000000000e+02
1.628146100044250488e+01,3.310000000000000000e+02
1.635478520393371582e+01,3.330000000000000000e+02
1.642801380157470703e+01,3.340000000000000000e+02
1.650363016128540039e+01,3.360000000000000000e+02
1.657700967788696289e+01,3.370000000000000000e+02
1.665247416496276855e+01,3.390000000000000000e+02
1.672574687004089355e+01,3.400000000000000000e+02
1.679912424087524414e+01,3.420000000000000000e+02
1.687439823150634766e+01,3.430000000000000000e+02
1.694768500328063965e+01,3.450000000000000000e+02
1.694986295700073242e+01,3.440000000000000000e+02
1.702312254905700684e+01,3.460000000000000000e+02
1.710229158401489258e+01,3.480000000000000000e+02
1.717569708824157715e+01,3.500000000000000000e+02
1.724896025657653809e+01,3.510000000000000000e+02
1.732452344894409180e+01,3.530000000000000000e+02
1.739775800704956055e+01,3.540000000000000000e+02
1.747328615188598633e+01,3.560000000000000000e+02
1.754897141456604004e+01,3.570000000000000000e+02
1.762221860885620117e+01,3.590000000000000000e+02
1.769749093055725098e+01,3.600000000000000000e+02
1.777289867401123047e+01,3.620000000000000000e+02
1.784619760513305664e+01,3.630000000000000000e+02
1.792146134376525879e+01,3.650000000000000000e+02
1.799684524536132812e+01,3.660000000000000000e+02
1.807049393653869629e+01,3.680000000000000000e+02
1.807305526733398438e+01,3.680000000000000000e+02
1.814653158187866211e+01,3.690000000000000000e+02
1.822262740135192871e+01,3.710000000000000000e+02
1.829605078697204590e+01,3.730000000000000000e+02
1.836940979957580566e+01,3.740000000000000000e+02
1.844280719757080078e+01,3.760000000000000000e+02
1.851635599136352539e+01,3.770000000000000000e+02
1.858981037139892578e+01,3.790000000000000000e+02
1.866315031051635742e+01,3.800000000000000000e+02
1.873920130729675293e+01,3.820000000000000000e+02
1.881259512901306152e+01,3.830000000000000000e+02
1.888917660713195801e+01,3.850000000000000000e+02
1.896614146232604980e+01,3.860000000000000000e+02
1.904191708564758301e+01,3.880000000000000000e+02
1.911532044410705566e+01,3.890000000000000000e+02
1.918868041038513184e+01,3.910000000000000000e+02
1.926219725608825684e+01,3.920000000000000000e+02
1.933561110496520996e+01,3.940000000000000000e+02
1.940902137756347656e+01,3.950000000000000000e+02
1.948275828361511230e+01,3.970000000000000000e+02
1.955665159225463867e+01,3.980000000000000000e+02
1.962983465194702148e+01,4.000000000000000000e+02
1.970526266098022461e+01,4.010000000000000000e+02
1.977849721908569336e+01,4.030000000000000000e+02
1.985386395454406738e+01,4.040000000000000000e+02
1.992909288406372070e+01,4.060000000000000000e+02
2.000238180160522461e+01,4.070000000000000000e+02
2.007785940170288086e+01,4.090000000000000000e+02
2.015136432647705078e+01,4.110000000000000000e+02
2.022488331794738770e+01,4.120000000000000000e+02
2.030090713500976562e+01,4.140000000000000000e+02
2.037447357177734375e+01,4.150000000000000000e+02
2.044792866706848145e+01,4.170000000000000000e+02
2.052137827873229980e+01,4.180000000000000000e+02
2.059480404853820801e+01,4.200000000000000000e+02
2.066874718666076660e+01,4.210000000000000000e+02
2.074226689338684082e+01,4.230000000000000000e+02
2.081803965568542480e+01,4.240000000000000000e+02
2.089173150062561035e+01,4.260000000000000000e+02
2.096751236915588379e+01,4.270000000000000000e+02
2.104326963424682617e+01,4.290000000000000000e+02
2.111688566207885742e+01,4.300000000000000000e+02
2.119032359123229980e+01,4.320000000000000000e+02
2.126375269889831543e+01,4.330000000000000000e+02
2.133718037605285645e+01,4.350000000000000000e+02
2.141057682037353516e+01,4.360000000000000000e+02
2.148392415046691895e+01,4.380000000000000000e+02
2.155980896949768066e+01,4.390000000000000000e+02
2.163318085670471191e+01,4.410000000000000000e+02
2.170902967453002930e+01,4.420000000000000000e+02
2.178481221199035645e+01,4.440000000000000000e+02
2.185813379287719727e+01,4.460000000000000000e+02
2.193135738372802734e+01,4.470000000000000000e+02
2.200460195541381836e+01,4.490000000000000000e+02
2.207784843444824219e+01,4.500000000000000000e+02
2.215138435363769531e+01,4.520000000000000000e+02
2.222461605072021484e+01,4.530000000000000000e+02
2.229781436920166016e+01,4.550000000000000000e+02
2.237102079391479492e+01,4.560000000000000000e+02
2.244427251815795898e+01,4.580000000000000000e+02
2.251751136779785156e+01,4.590000000000000000e+02
2.259077382087707520e+01,4.610000000000000000e+02
2.266430211067199707e+01,4.620000000000000000e+02
2.273755908012390137e+01,4.640000000000000000e+02
2.281079220771789551e+01,4.650000000000000000e+02
2.288403892517089844e+01,4.670000000000000000e+02
2.295728802680969238e+01,4.680000000000000000e+02
2.303294062614440918e+01,4.700000000000000000e+02
2.310645270347595215e+01,4.710000000000000000e+02
2.310878920555114746e+01,4.710000000000000000e+02
2.318225669860839844e+01,4.730000000000000000e+02
2.325802493095397949e+01,4.740000000000000000e+02
2.333146476745605469e+01,4.760000000000000000e+02
2.340721058845520020e+01,4.770000000000000000e+02
2.348298811912536621e+01,4.790000000000000000e+02
2.355638360977172852e+01,4.800000000000000000e+02
2.363013148307800293e+01,4.820000000000000000e+02
2.370350694656372070e+01,4.830000000000000000e+02
2.377683973312377930e+01,4.850000000000000000e+02
2.385017299652099609e+01,4.860000000000000000e+02
2.392344355583190918e+01,4.880000000000000000e+02
2.399665522575378418e+01,4.890000000000000000e+02
2.406994938850402832e+01,4.910000000000000000e+02
2.414322280883789062e+01,4.920000000000000000e+02
2.421650981903076172e+01,4.940000000000000000e+02
2.429188275337219238e+01,4.950000000000000000e+02
2.436516475677490234e+01,4.970000000000000000e+02
2.444091606140136719e+01,4.980000000000000000e+02
2.451420140266418457e+01,5.000000000000000000e+02
2.458848786354064941e+01,5.010000000000000000e+02
2.466743755340576172e+01,5.030000000000000000e+02
2.474290919303894043e+01,5.050000000000000000e+02
2.481619501113891602e+01,5.060000000000000000e+02
2.489170312881469727e+01,5.080000000000000000e+02
2.496767950057983398e+01,5.090000000000000000e+02
2.504096198081970215e+01,5.110000000000000000e+02
2.511422133445739746e+01,5.120000000000000000e+02
2.518762469291687012e+01,5.140000000000000000e+02
2.526098155975341797e+01,5.150000000000000000e+02
2.533653402328491211e+01,5.170000000000000000e+02
2.540998649597167969e+01,5.180000000000000000e+02
2.548629379272460938e+01,5.200000000000000000e+02
2.556402230262756348e+01,5.210000000000000000e+02
2.563975501060485840e+01,5.230000000000000000e+02
2.571359682083129883e+01,5.250000000000000000e+02
2.578723025321960449e+01,5.260000000000000000e+02
2.586060667037963867e+01,5.280000000000000000e+02
2.594568228721618652e+01,5.290000000000000000e+02
2.595071697235107422e+01,5.290000000000000000e+02
2.602411937713623047e+01,5.310000000000000000e+02
2.609998774528503418e+01,5.320000000000000000e+02
2.617463350296020508e+01,5.340000000000000000e+02
2.624805951118469238e+01,5.350000000000000000e+02
2.632372951507568359e+01,5.370000000000000000e+02
2.639711689949035645e+01,5.390000000000000000e+02
2.647056961059570312e+01,5.400000000000000000e+02
2.654590988159179688e+01,5.420000000000000000e+02
2.662181615829467773e+01,5.430000000000000000e+02
2.669521498680114746e+01,5.450000000000000000e+02
2.676857566833496094e+01,5.460000000000000000e+02
2.684182143211364746e+01,5.480000000000000000e+02
2.691513800621032715e+01,5.490000000000000000e+02
2.698858428001403809e+01,5.510000000000000000e+02
2.706421589851379395e+01,5.520000000000000000e+02
2.713746094703674316e+01,5.540000000000000000e+02
2.721303486824035645e+01,5.550000000000000000e+02
2.728844308853149414e+01,5.570000000000000000e+02
2.736163449287414551e+01,5.580000000000000000e+02
2.743697333335876465e+01,5.600000000000000000e+02
2.751021289825439453e+01,5.610000000000000000e+02
2.758357167243957520e+01,5.630000000000000000e+02
2.765762877464294434e+01,5.640000000000000000e+02
2.773084902763366699e+01,5.660000000000000000e+02
2.780631995201110840e+01,5.670000000000000000e+02
2.787959718704223633e+01,5.690000000000000000e+02
2.795277571678161621e+01,5.700000000000000000e+02
2.802623128890991211e+01,5.720000000000000000e+02
2.809956645965576172e+01,5.730000000000000000e+02
2.817340540885925293e+01,5.750000000000000000e+02
2.825197887420654297e+01,5.770000000000000000e+02
2.832750892639160156e+01,5.780000000000000000e+02
2.840298986434936523e+01,5.800000000000000000e+02
2.847652363777160645e+01,5.810000000000000000e+02
2.854972600936889648e+01,5.830000000000000000e+02
2.862295126914978027e+01,5.840000000000000000e+02
2.869637966156005859e+01,5.860000000000000000e+02
2.877187824249267578e+01,5.870000000000000000e+02
2.884510350227355957e+01,5.890000000000000000e+02
2.884736919403076172e+01,5.880000000000000000e+02
2.892059803009033203e+01,5.900000000000000000e+02
2.899383616447448730e+01,5.920000000000000000e+02
2.906928467750549316e+01,5.930000000000000000e+02
2.914475846290588379e+01,5.950000000000000000e+02
2.921795105934143066e+01,5.960000000000000000e+02
2.929120445251464844e+01,5.980000000000000000e+02
2.936442971229553223e+01,5.990000000000000000e+02
2.944025182723999023e+01,6.010000000000000000e+02
2.951574850082397461e+01,6.020000000000000000e+02
2.958899259567260742e+01,6.040000000000000000e+02
2.966262936592102051e+01,6.050000000000000000e+02
2.973611426353454590e+01,6.070000000000000000e+02
2.981022930145263672e+01,6.080000000000000000e+02
2.988602232933044434e+01,6.100000000000000000e+02
2.995932340621948242e+01,6.120000000000000000e+02
3.003479194641113281e+01,6.130000000000000000e+02
3.011202669143676758e+01,6.150000000000000000e+02
3.018761038780212402e+01,6.160000000000000000e+02
3.026080107688903809e+01,6.180000000000000000e+02
3.033621692657470703e+01,6.190000000000000000e+02
3.041200017929077148e+01,6.210000000000000000e+02
3.048517847061157227e+01,6.220000000000000000e+02
3.056059837341308594e+01,6.240000000000000000e+02
3.063609910011291504e+01,6.250000000000000000e+02
3.070929741859436035e+01,6.270000000000000000e+02
3.071156549453735352e+01,6.270000000000000000e+02
3.078469419479370117e+01,6.280000000000000000e+02
3.085829496383666992e+01,6.300000000000000000e+02
3.093155145645141602e+01,6.310000000000000000e+02
3.100697803497314453e+01,6.330000000000000000e+02
3.108036971092224121e+01,6.340000000000000000e+02
3.108265662193298340e+01,6.350000000000000000e+02
3.115580034255981445e+01,6.360000000000000000e+02
3.122903966903686523e+01,6.380000000000000000e+02
3.130224013328552246e+01,6.390000000000000000e+02
3.137756705284118652e+01,6.410000000000000000e+02
3.145090913772583008e+01,6.420000000000000000e+02
3.152654647827148438e+01,6.440000000000000000e+02
3.159995841979980469e+01,6.450000000000000000e+02
3.167311263084411621e+01,6.470000000000000000e+02
3.174854898452758789e+01,6.480000000000000000e+02
3.182172894477844238e+01,6.500000000000000000e+02
3.189708447456359863e+01,6.510000000000000000e+02
3.197034573554992676e+01,6.530000000000000000e+02
3.205199313163757324e+01,6.540000000000000000e+02
3.205579543113708496e+01,6.550000000000000000e+02
3.212975931167602539e+01,6.560000000000000000e+02
3.220371127128601074e+01,6.580000000000000000e+02
3.227699518203735352e+01,6.590000000000000000e+02
3.235018849372863770e+01,6.610000000000000000e+02
3.242347812652587891e+01,6.620000000000000000e+02
3.249671173095703125e+01,6.640000000000000000e+02
3.257006883621215820e+01,6.650000000000000000e+02
3.264332890510559082e+01,6.670000000000000000e+02
3.271657824516296387e+01,6.680000000000000000e+02
3.278990483283996582e+01,6.700000000000000000e+02
3.286310744285583496e+01,6.710000000000000000e+02
3.293686103820800781e+01,6.730000000000000000e+02
3.301013350486755371e+01,6.740000000000000000e+02
3.308342337608337402e+01,6.760000000000000000e+02
3.315664505958557129e+01,6.770000000000000000e+02
3.323224067687988281e+01,6.790000000000000000e+02
3.330542826652526855e+01,6.800000000000000000e+02
3.330765318870544434e+01,6.800000000000000000e+02
3.338078331947326660e+01,6.820000000000000000e+02
3.345403861999511719e+01,6.830000000000000000e+02
3.353291487693786621e+01,6.850000000000000000e+02
3.353564763069152832e+01,6.850000000000000000e+02
3.360885071754455566e+01,6.860000000000000000e+02
3.368246078491210938e+01,6.880000000000000000e+02
3.375571513175964355e+01,6.890000000000000000e+02
3.382896471023559570e+01,6.910000000000000000e+02
3.390234375000000000e+01,6.920000000000000000e+02
3.397562766075134277e+01,6.940000000000000000e+02
3.404889106750488281e+01,6.950000000000000000e+02
3.412226176261901855e+01,6.970000000000000000e+02
3.419559478759765625e+01,6.980000000000000000e+02
3.426878976821899414e+01,7.000000000000000000e+02
3.434228229522705078e+01,7.010000000000000000e+02
3.441817140579223633e+01,7.030000000000000000e+02
3.442064046859741211e+01,7.030000000000000000e+02
3.449387145042419434e+01,7.040000000000000000e+02
3.456989288330078125e+01,7.060000000000000000e+02
3.464322686195373535e+01,7.080000000000000000e+02
3.471865367889404297e+01,7.090000000000000000e+02
3.479441857337951660e+01,7.110000000000000000e+02
3.486763477325439453e+01,7.120000000000000000e+02
3.494300508499145508e+01,7.140000000000000000e+02
3.501877975463867188e+01,7.150000000000000000e+02
3.509245109558105469e+01,7.170000000000000000e+02
3.516882801055908203e+01,7.180000000000000000e+02
3.524431824684143066e+01,7.200000000000000000e+02
3.531756281852722168e+01,7.210000000000000000e+02
3.539313626289367676e+01,7.230000000000000000e+02
3.546922945976257324e+01,7.240000000000000000e+02
3.554278302192687988e+01,7.260000000000000000e+02
3.561616110801696777e+01,7.270000000000000000e+02
3.569199180603027344e+01,7.290000000000000000e+02
3.576607465744018555e+01,7.300000000000000000e+02
3.584182691574096680e+01,7.320000000000000000e+02
3.591729116439819336e+01,7.340000000000000000e+02
3.599065709114074707e+01,7.350000000000000000e+02
3.606618571281433105e+01,7.370000000000000000e+02
3.614154028892517090e+01,7.380000000000000000e+02
3.621506619453430176e+01,7.400000000000000000e+02
3.629085564613342285e+01,7.410000000000000000e+02
3.636637449264526367e+01,7.430000000000000000e+02
3.643988728523254395e+01,7.440000000000000000e+02
3.651582217216491699e+01,7.460000000000000000e+02
3.659143781661987305e+01,7.470000000000000000e+02
3.666551113128662109e+01,7.490000000000000000e+02
3.674209928512573242e+01,7.510000000000000000e+02
3.681780123710632324e+01,7.520000000000000000e+02
3.689354658126831055e+01,7.540000000000000000e+02
3.696703100204467773e+01,7.550000000000000000e+02
3.704280948638916016e+01,7.570000000000000000e+02
3.711872816085815430e+01,7.580000000000000000e+02
3.719224524497985840e+01,7.600000000000000000e+02
3.726560640335083008e+01,7.610000000000000000e+02
3.733885765075683594e+01,7.630000000000000000e+02
3.741217064857482910e+01,7.640000000000000000e+02
3.748882675170898438e+01,7.660000000000000000e+02
3.756238722801208496e+01,7.670000000000000000e+02
3.763559937477111816e+01,7.690000000000000000e+02
3.770879626274108887e+01,7.700000000000000000e+02
3.778430342674255371e+01,7.720000000000000000e+02
3.785961484909057617e+01,7.730000000000000000e+02
3.793283438682556152e+01,7.750000000000000000e+02
3.800818777084350586e+01,7.760000000000000000e+02
3.808360791206359863e+01,7.780000000000000000e+02
3.815679407119750977e+01,7.800000000000000000e+02
3.823223519325256348e+01,7.810000000000000000e+02
3.830755209922790527e+01,7.830000000000000000e+02
3.838075375556945801e+01,7.840000000000000000e+02
3.845643186569213867e+01,7.860000000000000000e+02
3.853324961662292480e+01,7.870000000000000000e+02
3.860658740997314453e+01,7.890000000000000000e+02
3.868005228042602539e+01,7.900000000000000000e+02
3.875328636169433594e+01,7.920000000000000000e+02
3.882893037796020508e+01,7.930000000000000000e+02
3.890437102317810059e+01,7.950000000000000000e+02
3.897786521911621094e+01,7.960000000000000000e+02
3.905111217498779297e+01,7.980000000000000000e+02
3.912436699867248535e+01,7.990000000000000000e+02
3.919983553886413574e+01,8.010000000000000000e+02
3.927512955665588379e+01,8.020000000000000000e+02
3.934833240509033203e+01,8.040000000000000000e+02
3.942358994483947754e+01,8.050000000000000000e+02
3.949891281127929688e+01,8.070000000000000000e+02
3.957873916625976562e+01,8.090000000000000000e+02
3.965588378906250000e+01,8.100000000000000000e+02
3.972916769981384277e+01,8.120000000000000000e+02
3.980465388298034668e+01,8.130000000000000000e+02
3.987988400459289551e+01,8.150000000000000000e+02
3.995310878753662109e+01,8.160000000000000000e+02
4.002870726585388184e+01,8.180000000000000000e+02
4.010511088371276855e+01,8.190000000000000000e+02
4.017833662033081055e+01,8.210000000000000000e+02
4.025424385070800781e+01,8.220000000000000000e+02
4.033001971244812012e+01,8.240000000000000000e+02
4.040352249145507812e+01,8.260000000000000000e+02
4.047700428962707520e+01,8.270000000000000000e+02
4.055290532112121582e+01,8.290000000000000000e+02
4.062613511085510254e+01,8.300000000000000000e+02
4.069969081878662109e+01,8.320000000000000000e+02
4.077291059494018555e+01,8.330000000000000000e+02
4.084843349456787109e+01,8.350000000000000000e+02
4.092390727996826172e+01,8.360000000000000000e+02
4.099719548225402832e+01,8.380000000000000000e+02
4.107273817062377930e+01,8.390000000000000000e+02
4.114849662780761719e+01,8.410000000000000000e+02
4.122167277336120605e+01,8.420000000000000000e+02
4.129491782188415527e+01,8.440000000000000000e+02
4.136818170547485352e+01,8.450000000000000000e+02
4.144353866577148438e+01,8.470000000000000000e+02
4.151892447471618652e+01,8.480000000000000000e+02
4.159215569496154785e+01,8.500000000000000000e+02
4.166837334632873535e+01,8.510000000000000000e+02
4.174433636665344238e+01,8.530000000000000000e+02
4.181768035888671875e+01,8.550000000000000000e+02
4.189311599731445312e+01,8.560000000000000000e+02
4.196888589859008789e+01,8.580000000000000000e+02
4.204401135444641113e+01,8.590000000000000000e+02
4.211979556083679199e+01,8.610000000000000000e+02
4.219530463218688965e+01,8.620000000000000000e+02
4.227067923545837402e+01,8.640000000000000000e+02
4.234396433830261230e+01,8.650000000000000000e+02
4.241932392120361328e+01,8.670000000000000000e+02
4.249470472335815430e+01,8.680000000000000000e+02
4.256803727149963379e+01,8.700000000000000000e+02
4.264333128929138184e+01,8.710000000000000000e+02
4.271652555465698242e+01,8.730000000000000000e+02
4.278984355926513672e+01,8.740000000000000000e+02
4.286539888381958008e+01,8.760000000000000000e+02
4.293867921829223633e+01,8.770000000000000000e+02
4.301382637023925781e+01,8.790000000000000000e+02
4.308707189559936523e+01,8.810000000000000000e+02
4.316038608551025391e+01,8.820000000000000000e+02
4.323381567001342773e+01,8.840000000000000000e+02
4.330704402923583984e+01,8.850000000000000000e+02
4.338242459297180176e+01,8.870000000000000000e+02
4.345569777488708496e+01,8.880000000000000000e+02
4.353183913230895996e+01,8.900000000000000000e+02
4.360861444473266602e+01,8.910000000000000000e+02
4.368177700042724609e+01,8.930000000000000000e+02
4.375737261772155762e+01,8.940000000000000000e+02
4.383299136161804199e+01,8.960000000000000000e+02
4.390627837181091309e+01,8.970000000000000000e+02
4.398149681091308594e+01,8.990000000000000000e+02
4.405677723884582520e+01,9.000000000000000000e+02
4.412999296188354492e+01,9.020000000000000000e+02
4.420534825325012207e+01,9.030000000000000000e+02
4.428066754341125488e+01,9.050000000000000000e+02
4.435387563705444336e+01,9.060000000000000000e+02
4.442917513847351074e+01,9.080000000000000000e+02
4.450244736671447754e+01,9.100000000000000000e+02
4.457574152946472168e+01,9.110000000000000000e+02
4.464899921417236328e+01,9.130000000000000000e+02
4.472295165061950684e+01,9.140000000000000000e+02
4.479887175559997559e+01,9.160000000000000000e+02
4.487222599983215332e+01,9.170000000000000000e+02
4.494799923896789551e+01,9.190000000000000000e+02
4.502381205558776855e+01,9.200000000000000000e+02
4.509712791442871094e+01,9.220000000000000000e+02
4.517315244674682617e+01,9.230000000000000000e+02
4.524942278861999512e+01,9.250000000000000000e+02
4.532552576065063477e+01,9.260000000000000000e+02
4.539879655838012695e+01,9.280000000000000000e+02
4.547494769096374512e+01,9.290000000000000000e+02
4.555098557472229004e+01,9.310000000000000000e+02
4.562426805496215820e+01,9.330000000000000000e+02
4.569985508918762207e+01,9.340000000000000000e+02
4.577528882026672363e+01,9.360000000000000000e+02
4.584858798980712891e+01,9.370000000000000000e+02
4.592415928840637207e+01,9.390000000000000000e+02
4.599974751472473145e+01,9.400000000000000000e+02
4.607317996025085449e+01,9.420000000000000000e+02
4.614900732040405273e+01,9.430000000000000000e+02
4.622481489181518555e+01,9.450000000000000000e+02
4.629825949668884277e+01,9.460000000000000000e+02
4.637175631523132324e+01,9.480000000000000000e+02
4.644522190093994141e+01,9.490000000000000000e+02
4.651854562759399414e+01,9.510000000000000000e+02
4.659414052963256836e+01,9.520000000000000000e+02
4.666739153861999512e+01,9.540000000000000000e+02
4.674319195747375488e+01,9.550000000000000000e+02
4.681879520416259766e+01,9.570000000000000000e+02
4.689222192764282227e+01,9.590000000000000000e+02
4.696784186363220215e+01,9.600000000000000000e+02
4.704364061355590820e+01,9.620000000000000000e+02
4.711694025993347168e+01,9.630000000000000000e+02
4.719314861297607422e+01,9.650000000000000000e+02
4.726856660842895508e+01,9.660000000000000000e+02
4.734188437461853027e+01,9.680000000000000000e+02
4.741732764244079590e+01,9.690000000000000000e+02
4.749273538589477539e+01,9.710000000000000000e+02
4.756607365608215332e+01,9.720000000000000000e+02
4.764145350456237793e+01,9.740000000000000000e+02
4.771708774566650391e+01,9.750000000000000000e+02
4.779044198989868164e+01,9.770000000000000000e+02
4.786571145057678223e+01,9.780000000000000000e+02
4.794104146957397461e+01,9.800000000000000000e+02
4.801443481445312500e+01,9.810000000000000000e+02
4.809018015861511230e+01,9.830000000000000000e+02
4.816589331626892090e+01,9.850000000000000000e+02
4.823921370506286621e+01,9.860000000000000000e+02
4.831471109390258789e+01,9.880000000000000000e+02
4.838991093635559082e+01,9.890000000000000000e+02
4.846319365501403809e+01,9.910000000000000000e+02
4.853925299644470215e+01,9.920000000000000000e+02
4.861463713645935059e+01,9.940000000000000000e+02
4.868800854682922363e+01,9.950000000000000000e+02
4.876376795768737793e+01,9.970000000000000000e+02
4.883922648429870605e+01,9.980000000000000000e+02
4.891246604919433594e+01,1.000000000000000000e+03
4.898788166046142578e+01,1.001000000000000000e+03
4.906121206283569336e+01,1.003000000000000000e+03
4.913657093048095703e+01,1.004000000000000000e+03
4.920983195304870605e+01,1.006000000000000000e+03
4.928308677673339844e+01,1.007000000000000000e+03
4.935849356651306152e+01,1.009000000000000000e+03
4.943184328079223633e+01,1.010000000000000000e+03
4.950768089294433594e+01,1.012000000000000000e+03
4.958122515678405762e+01,1.013000000000000000e+03
4.969542527198791504e+01,1.015000000000000000e+03
4.977136182785034180e+01,1.017000000000000000e+03
4.984476971626281738e+01,1.019000000000000000e+03
4.992038941383361816e+01,1.020000000000000000e+03
4.999402761459350586e+01,1.021000000000000000e+03
5.007016420364379883e+01,1.023000000000000000e+03
5.014360809326171875e+01,1.024000000000000000e+03
5.021936964988708496e+01,1.026000000000000000e+03
5.029294466972351074e+01,1.027000000000000000e+03
5.036863923072814941e+01,1.029000000000000000e+03
5.044207143783569336e+01,1.030000000000000000e+03
5.051551628112792969e+01,1.032000000000000000e+03
5.059113931655883789e+01,1.033000000000000000e+03
5.066458749771118164e+01,1.035000000000000000e+03
5.074023485183715820e+01,1.036000000000000000e+03
5.081367897987365723e+01,1.038000000000000000e+03
5.088926219940185547e+01,1.039000000000000000e+03
5.096266770362854004e+01,1.041000000000000000e+03
5.103602743148803711e+01,1.042000000000000000e+03
5.111266207695007324e+01,1.044000000000000000e+03
5.118604540824890137e+01,1.045000000000000000e+03
5.126183342933654785e+01,1.047000000000000000e+03
5.133537411689758301e+01,1.048000000000000000e+03
5.141091299057006836e+01,1.050000000000000000e+03
5.148426651954650879e+01,1.051000000000000000e+03
5.155775308609008789e+01,1.053000000000000000e+03
5.163337707519531250e+01,1.054000000000000000e+03
5.170678901672363281e+01,1.056000000000000000e+03
5.178355073928833008e+01,1.057000000000000000e+03
5.185693264007568359e+01,1.059000000000000000e+03
5.193270182609558105e+01,1.060000000000000000e+03
5.200616455078125000e+01,1.062000000000000000e+03
5.208242297172546387e+01,1.063000000000000000e+03
5.215576386451721191e+01,1.065000000000000000e+03
5.223155546188354492e+01,1.066000000000000000e+03
5.230484175682067871e+01,1.068000000000000000e+03
5.237803840637207031e+01,1.069000000000000000e+03
5.245359182357788086e+01,1.071000000000000000e+03
5.252736806869506836e+01,1.072000000000000000e+03
5.260354876518249512e+01,1.074000000000000000e+03
5.267719793319702148e+01,1.075000000000000000e+03
5.275347518920898438e+01,1.077000000000000000e+03
5.282674431800842285e+01,1.078000000000000000e+03
5.290204167366027832e+01,1.080000000000000000e+03
5.297531628608703613e+01,1.081000000000000000e+03
5.305389857292175293e+01,1.082000000000000000e+03
5.305686426162719727e+01,1.083000000000000000e+03
5.313170003890991211e+01,1.084000000000000000e+03
5.320935559272766113e+01,1.086000000000000000e+03
5.328491234779357910e+01,1.087000000000000000e+03
5.335824966430664062e+01,1.089000000000000000e+03
5.343375587463378906e+01,1.090000000000000000e+03
5.350702834129333496e+01,1.092000000000000000e+03
5.358039307594299316e+01,1.093000000000000000e+03
5.365580677986145020e+01,1.095000000000000000e+03
5.372945690155029297e+01,1.096000000000000000e+03
5.380583143234252930e+01,1.098000000000000000e+03
5.388091135025024414e+01,1.099000000000000000e+03
5.388335084915161133e+01,1.099000000000000000e+03
5.395668196678161621e+01,1.101000000000000000e+03
5.403172278404235840e+01,1.102000000000000000e+03
5.410844826698303223e+01,1.104000000000000000e+03
5.418390631675720215e+01,1.105000000000000000e+03
5.425714612007141113e+01,1.107000000000000000e+03
5.433035469055175781e+01,1.108000000000000000e+03
5.440573740005493164e+01,1.110000000000000000e+03
5.447902059555053711e+01,1.111000000000000000e+03
5.455486845970153809e+01,1.113000000000000000e+03
5.462832641601562500e+01,1.114000000000000000e+03
5.470178341865539551e+01,1.115000000000000000e+03
5.477791690826416016e+01,1.117000000000000000e+03
5.485115718841552734e+01,1.118000000000000000e+03
5.492685556411743164e+01,1.120000000000000000e+03
5.500011825561523438e+01,1.121000000000000000e+03
5.507564449310302734e+01,1.123000000000000000e+03
5.514880561828613281e+01,1.124000000000000000e+03
5.522207975387573242e+01,1.126000000000000000e+03
5.529741024971008301e+01,1.127000000000000000e+03
5.537066721916198730e+01,1.129000000000000000e+03
5.544604825973510742e+01,1.130000000000000000e+03
5.551945781707763672e+01,1.132000000000000000e+03
5.559265947341918945e+01,1.133000000000000000e+03
5.566804528236389160e+01,1.135000000000000000e+03
5.574130582809448242e+01,1.136000000000000000e+03
5.581657624244689941e+01,1.138000000000000000e+03
5.588982868194580078e+01,1.139000000000000000e+03
5.596308135986328125e+01,1.141000000000000000e+03
5.603920507431030273e+01,1.142000000000000000e+03
5.611258411407470703e+01,1.144000000000000000e+03
5.618867921829223633e+01,1.145000000000000000e+03
5.626207518577575684e+01,1.147000000000000000e+03
5.633764481544494629e+01,1.148000000000000000e+03
5.641101408004760742e+01,1.150000000000000000e+03
5.648445177078247070e+01,1.151000000000000000e+03
5.656029510498046875e+01,1.153000000000000000e+03
5.663371491432189941e+01,1.154000000000000000e+03
5.671066045761108398e+01,1.156000000000000000e+03
5.678417944908142090e+01,1.157000000000000000e+03
5.685958194732666016e+01,1.159000000000000000e+03
5.693278217315673828e+01,1.160000000000000000e+03
5.700604581832885742e+01,1.162000000000000000e+03
5.708149719238281250e+01,1.163000000000000000e+03
5.715473341941833496e+01,1.164000000000000000e+03
5.723021864891052246e+01,1.166000000000000000e+03
5.730349564552307129e+01,1.167000000000000000e+03
5.737901926040649414e+01,1.169000000000000000e+03
5.745220613479614258e+01,1.170000000000000000e+03
5.752619218826293945e+01,1.172000000000000000e+03
5.760241317749023438e+01,1.173000000000000000e+03
5.767562294006347656e+01,1.175000000000000000e+03
5.775147938728332520e+01,1.176000000000000000e+03
5.782474803924560547e+01,1.178000000000000000e+03
5.790010643005371094e+01,1.179000000000000000e+03
5.797336935997009277e+01,1.181000000000000000e+03
5.804677104949951172e+01,1.182000000000000000e+03
5.812279748916625977e+01,1.184000000000000000e+03
5.819809222221374512e+01,1.185000000000000000e+03
5.827425050735473633e+01,1.187000000000000000e+03
5.834753394126892090e+01,1.188000000000000000e+03
5.842308831214904785e+01,1.190000000000000000e+03
5.849627041816711426e+01,1.191000000000000000e+03
5.857180905342102051e+01,1.193000000000000000e+03
5.864502930641174316e+01,1.194000000000000000e+03
5.871834301948547363e+01,1.196000000000000000e+03
5.879394340515136719e+01,1.197000000000000000e+03
5.886719107627868652e+01,1.199000000000000000e+03
5.894261503219604492e+01,1.200000000000000000e+03
5.901588797569274902e+01,1.202000000000000000e+03
5.908910059928894043e+01,1.203000000000000000e+03
5.916450953483581543e+01,1.205000000000000000e+03
5.923776412010192871e+01,1.206000000000000000e+03
5.931329989433288574e+01,1.208000000000000000e+03
5.938657569885253906e+01,1.209000000000000000e+03
5.945979881286621094e+01,1.211000000000000000e+03
5.953534936904907227e+01,1.212000000000000000e+03
5.960861849784851074e+01,1.213000000000000000e+03
5.968526983261108398e+01,1.215000000000000000e+03
5.975848102569580078e+01,1.216000000000000000e+03
5.983418989181518555e+01,1.218000000000000000e+03
5.990745019912719727e+01,1.219000000000000000e+03
5.998071074485778809e+01,1.221000000000000000e+03
6.005616116523742676e+01,1.222000000000000000e+03
